"","combid","Def_12_x","Def_13_x","Def_14_x","Def_15_x","Def_16_x","Def_17_x","Def_18_x","Def_19_x","Def_20_x","Def_21_x","Def_22_x","Def_12_y","Def_13_y","Def_14_y","Def_15_y","Def_16_y","Def_17_y","Def_18_y","Def_19_y","Def_20_y","Def_21_y","Def_22_y"
"1","2017101600_777",44.28,22.55,23.65,42.3,41.25,36.48,10.79,48.7,21.93,43.2,41.99,26.73,29.73,18.71,11.78,16.74,12.87,17.29,35.25,16.23,33.84,20.08
"2","2017101600_45",87.21,80.83,88.52,82.4,80.35,80.48,88.15,84.79,85.56,110,91.01,19.22,10.76,35.78,35.72,15.63,36.53,24.68,20.16,21.4,21.73,13.77
"3","2017101600_3188",31.79,40.06,31.39,36.4,35.99,31.09,33.95,35.3,34.31,5.88,31.16,22.53,41.92,7.46,24.12,9.19,18.66,18.05,15.81,13.18,13.24,29.39
"4","2017101600_3024",81.19,95.18,98.67,83.33,84.03,88.17,109.86,76.13,98.83,84.82,81.76,30.27,24.96,31.71,42.44,39.78,39.58,31.7,22.98,33.01,24.08,32.69
"5","2017101600_276",37.74,33.75,22.08,33.5,35.31,33.06,9.09,35.44,22.17,35.11,39.79,19.42,24.09,19.39,12.7,14.29,18.33,14.64,33.38,18.44,31.69,19.45
"6","2017101600_2487",40.21,28.15,20.6,34.18,41.27,35.2,6.93,37.02,20.5,34.53,38.67,31.32,34.26,35.52,42.91,27.36,33.6,37.57,24.19,31.87,39.92,32.56
"7","2017101600_2125",39.5,31.13,21.01,34.14,38.65,32.53,7.67,38.64,20.59,35.18,39.84,33.36,29.5,38.15,42.58,25.99,37.23,47.45,22.15,39.27,39.79,36.34
"8","2017101600_1783",36.22,29.95,20.79,31.89,35.37,30.9,3.79,35.42,21.01,33.06,33.54,34.34,27.9,33.19,40.14,24.68,34.16,36.44,20.84,33.84,37.13,30.46
"9","2017101600_1050",32.44,37.6,34.53,36.93,35.7,37.47,32.97,35.68,35.83,9.41,32.29,25.36,38.73,10.86,14.63,27.78,12.48,19.12,19.2,17.51,24.07,33.57
"10","2017101511_431",20.56,39.17,39.98,38.45,38.97,39.59,8.95,19.73,31.18,2.29,38.43,16.55,30.28,18.59,11.77,25.95,33.92,20.43,21.57,25.12,18.58,16.16
"11","2017101511_4158",99.47,79.08,80.46,78.66,77.91,64.31,111.15,99.13,72.95,118.38,78.43,34.86,23.02,32.22,39.13,25.55,23.15,34.85,28.5,19.3,37.01,33.28
"12","2017101511_3897",39.72,65.45,56.46,68.81,62.12,63.18,67.59,65.53,63.74,62.12,66.15,38.05,46.96,16.29,43.96,37.49,30.11,45.96,50.01,43.97,45.38,25.72
"13","2017101511_36",29.54,37.02,38.93,38.88,38.64,35.68,31.92,33.47,34.98,4.34,38.12,19.6,27.67,23.29,14.55,25.49,32.11,25.29,28.83,23.85,19.7,21.41
"14","2017101511_2227",116.9,99.57,89.77,97.79,88.8,83.74,86.92,90.78,82.78,87.93,84.77,8.9,13.58,33.21,24.19,14.71,18.31,29.37,11.45,26,41.24,20.52
"15","2017101511_1990",100.97,82.31,81.23,81.13,81.35,62.14,110.6,99.99,68.28,117.67,80.16,36.22,21.05,29.36,38.43,23.79,25.19,34.91,31.08,17.97,36.65,32.14
"16","2017101510_602",22.33,25.66,35.29,35.34,34.48,25.54,2.62,35.22,36.32,7.28,38.21,24.13,21.64,14.87,27.4,12.12,17.42,25.2,22.18,31.55,26.18,14.34
"17","2017101510_36",24.8,28.57,38.64,39.78,39.17,24.88,12.64,40.56,39.05,16.34,38.78,25.76,25.39,14.05,20.61,30.47,24.04,20.97,24.16,34.09,22.75,18.14
"18","2017101510_3114",26.91,25.36,33.09,33.41,31.88,26.28,3.32,33.28,38.12,2.36,37.78,22.86,23.76,18.79,30.02,12.31,20.17,30.84,24.33,28.95,30.92,13.63
"19","2017101510_2957",85.16,98.01,75.76,86.61,75.69,75.48,89.7,76.63,73.56,88.42,72.44,34.1,27.27,22.04,33.05,34.94,38.76,28.94,25.55,27.15,36.08,43.13
"20","2017101510_1915",34.41,14.3,43,32.83,43.37,44,28.87,42.97,39.43,30.13,44.44,15.1,31.41,30.08,18.94,16.1,12.66,25.2,27.23,23.21,11.83,8.42
"21","2017101510_1611",23.67,11.52,40.46,24.3,40.89,41.38,18.49,40.67,38.07,17.89,39.77,23.02,25.67,36.08,24.04,23.38,17.95,28.94,31.85,28.57,22.02,12.57
"22","2017101510_1576",31.42,14.29,41.97,33.09,40.73,42.35,29.35,42.69,35.76,24.05,41.53,35.56,35.44,42.93,40.15,36.6,28.54,41.95,40.1,33.02,30.89,21.83
"23","2017101509_939",83.6,75.95,81,68.91,87.93,93.63,69.85,78.52,71.54,74.28,69.31,16.78,16.27,22.26,30.84,19.21,21.02,22.32,19.67,25.8,14.5,19.41
"24","2017101509_523",84.86,79.38,82.14,96.73,78.68,99.09,108.63,76.05,99.22,76.51,114.18,31.01,42.69,20.79,36.46,36.29,25.77,31.11,27.03,28.82,23.17,29.77
"25","2017101509_48",85.83,76.63,78.89,97.87,77.91,100.82,115.96,75.55,100.64,74.91,110.43,32.32,44.05,20.61,40.82,39.07,27.02,35.78,27.61,31.5,24.52,30.99
"26","2017101509_3358",56.93,59.07,49.98,45.21,53.17,60.16,59.83,57.61,55.01,50.49,24.39,15.88,22.45,22.72,36.64,34.19,3.5,29.61,47.96,38.76,13.03,16.55
"27","2017101509_3201",93.99,82.61,93.9,74.79,105.71,81.78,80.79,83.19,80.98,81.45,101.46,16.26,16.36,19.99,24.91,20.03,23.81,16.04,25.57,14.83,18.75,24.78
"28","2017101509_1566",91.44,82.45,88.61,85.09,107.98,115.52,83.48,87.05,82.17,82.23,82.33,29.61,26.69,38.55,43.89,34.12,46.79,35.35,32.35,38.62,22.65,31.27
"29","2017101508_80",71.78,68.78,83.95,95.09,99.93,81.5,114.44,100.01,83.82,66.54,67.29,23.04,17.96,18.05,38.22,29.85,20.34,36.42,31.11,41.47,37.72,36.58
"30","2017101508_571",33.96,34.71,35.02,19.29,1.53,39.64,39.54,12.55,17.4,35.43,41.32,18.46,23.82,28.49,17.61,13.45,18.94,17.37,20.14,14.23,14.31,13.9
"31","2017101508_449",68.2,68.27,80.48,90.8,98.6,80.43,113.04,99.52,80.61,66.61,65.35,27.33,23.85,19.69,38.53,30.83,24.61,38.37,34.21,42.35,35.43,30.2
"32","2017101508_41",32.82,35.5,37.44,22.17,6.41,39.95,39.52,13.97,22.1,35.56,38.1,19.22,24.93,30.32,17.2,8.25,19.85,16.58,16.22,15,13.05,9.34
"33","2017101508_3893",85.82,81.79,83.85,99.4,108.77,80.12,119.01,99.36,82.74,85.13,65.37,21.28,29.6,15.99,37.17,33.28,25.64,39.55,35.7,43.51,41.39,31.77
"34","2017101508_2806",85.29,83.85,98.59,87.58,116.72,79.76,80.27,107.18,99.05,84.88,83.14,27.96,23.63,36.36,33.98,30.83,35.09,36.71,29.48,38.07,39.68,42.26
"35","2017101508_2207",49.2,50.38,35.6,29.33,19.68,39.4,4.8,19.63,39.1,43.44,47.08,40.39,38.03,40.2,22.48,31.99,36.55,29.39,30.78,15.96,23.13,25.23
"36","2017101508_133",33.39,33.6,33.79,21.96,10.84,38.4,38.28,16.59,34.26,21.62,34.68,38,41.63,44.26,44.83,45.3,39.35,37.86,39.46,29.43,41.42,26.93
"37","2017101508_1008",86.15,82.18,85.95,85,100.46,86.01,118.98,92.12,84.14,83.63,84,18.03,29.37,22.1,39.36,35.81,26.21,30.23,41.16,42.69,41.79,37.58
"38","2017101507_597",17.1,10.25,17.97,3.44,34.95,37.05,36.42,24.99,34.96,36.68,36.5,17.18,13.67,16.88,12.51,28.61,16.62,11.98,28.21,22.12,34.71,26.8
"39","2017101507_4223",56.25,58.44,55.99,54.31,54.04,55.77,59.65,50.88,82.85,51.86,52.27,20.49,8.3,32.82,8.81,13.7,40.39,39.72,1.23,21.74,7.03,9.7
"40","2017101507_3940",52.58,58.32,53.53,55.71,52.7,51.69,53.08,53.78,63.59,55.63,58.14,43.79,21.01,43.37,30.54,40.23,44.28,45.19,24.8,45.76,27.03,34.32
"41","2017101507_37",82.55,109.72,114.86,94.44,73.09,94.73,87.57,95.06,81.27,81.62,72.06,36.67,32.86,34.91,34.16,28.04,32.98,41.5,24.05,24.24,19.62,29.12
"42","2017101507_3523",22.06,13.41,21.2,7.54,34.09,38.38,35.21,25.26,35.38,34.44,37.12,42.99,38.88,35.25,44.36,39.21,28.77,17.81,43.95,31.93,43.15,35.04
"43","2017101507_3069",83.75,100.04,114.28,93.79,80.1,93.62,86.92,100.93,80.78,82.64,78.01,37.42,23.16,30.93,31.49,26.92,30.41,42.2,37.91,21.62,17.05,33.2
"44","2017101507_2937",82.25,95.37,113.73,90.81,77.44,91.31,85.2,94,79.43,78.45,76.32,37.68,16.81,32.6,32.08,30.29,30.88,42.23,41.03,22.53,16.78,29
"45","2017101507_2377",38.21,22.56,5.61,28.81,41.01,28.9,35.01,23.27,41.29,40.18,42.84,16.41,32.56,20.97,21.5,22.38,22.89,10.99,12.02,31.22,37.01,25.37
"46","2017101507_221",34.85,13.64,20.94,7.07,34.03,35.29,44.74,20.91,32.78,37.54,34,38.07,18.62,26.88,18.85,36.02,23.28,20.69,31.41,27.24,40.2,32.21
"47","2017101507_2153",98.26,108.16,100.42,115.41,86.43,82.75,83.09,93.66,83.29,78.26,83.49,13.99,18.91,22.94,15.73,15.41,24.79,35.51,11.27,21.91,19.79,19.19
"48","2017101507_1977",99.5,106.84,99.74,113.38,85.58,82.35,82.39,96.78,85.05,76.2,83.42,34.76,34.56,35.83,36.07,27.09,36.42,41.84,27.12,32.5,22.99,28.99
"49","2017101507_1497",87.8,109.02,100.12,116.03,84.96,83.94,83.19,99.85,84.03,83.49,84.13,36.29,26.06,30.68,26.03,22.18,34.15,45.64,25.74,30.81,19.67,26.1
"50","2017101507_1063",86,107.85,96.89,113.67,83.39,83.15,83.13,96.99,83.35,82.58,82.33,36.17,27.51,32.4,27.44,21.37,34.87,43.25,26.9,31.61,18.21,28.27
"51","2017101506_4276",57.92,56.53,56.29,69.16,54.64,60.94,62.36,57.62,55.05,56.13,55.82,9.3,14.25,49.65,37.67,18.83,41.23,25.26,22.33,40.72,36.62,31.87
"52","2017101505_4063",34.26,9.99,20.22,45.91,42.11,39.78,46.5,20.41,41.88,43.25,39.27,36.38,33.19,36.21,36.93,38.88,34.9,37.98,34.19,24.79,32.24,29.95
"53","2017101505_386",2.16,17.39,35.32,33.49,38.17,34.7,32.81,18.31,34.72,34.68,35.8,38.81,38.8,29.84,41.29,20.68,24.16,37.49,35.94,33.13,27.02,36.18
"54","2017101505_36",85.98,79.15,84.1,100.12,87.92,87,83.59,99.75,89.42,88.99,110.26,24.54,15.12,14.57,14.27,21.59,19.92,31.08,20.03,26.32,19.37,12.84
"55","2017101505_3439",86.24,85.36,104.52,84.6,83.89,83.85,97.91,97.93,83.7,99.27,114.6,38.02,30.61,33.96,35.81,31.09,44.13,33.43,34.06,20.4,31.6,43.37
"56","2017101505_2728",32.33,38.33,34.68,16.85,33.62,33.63,34.4,19.9,19.53,30.35,6.13,15.27,34.51,30.42,25.63,21.16,29.28,10.7,22.35,21.41,27.99,15.41
"57","2017101505_1540",33.71,36.76,36.1,21.75,32.55,34.43,42.95,24.48,28.58,35.01,14.13,30.71,44.95,40.51,39.42,33.6,37.63,22.71,39.13,31.97,42.51,37.88
"58","2017101505_1061",116.26,102.79,76.76,85.44,84.81,80.93,87.49,102.62,83.46,77.1,84.21,37.33,38.33,34.7,21.44,43.08,38.66,25.53,34.9,31.25,35.72,27.25
"59","2017101504_986",80.55,77.88,96.66,94.53,81.38,103.56,81.3,80.67,77.35,94.94,116.05,39.58,28.1,28.7,32.54,42.53,41.34,36.36,34.55,30.67,31.71,38.07
"60","2017101504_657",77.39,74.21,95.39,88.06,76.37,98.49,79.42,78.96,75.58,90.57,105.24,40.74,23.4,28.41,40.15,45.5,43.66,37.13,34.42,28.31,35.71,41.69
"61","2017101504_525",20.7,35.89,34.74,39.34,41.2,20.14,37.98,5.54,36.04,35.94,12,15.67,21.01,24.2,18.09,19.69,18.05,11.99,16.16,15.42,30.78,19.28
"62","2017101504_4669",71.15,68.76,87.03,79.68,66.09,88.99,68.68,66.35,66.77,79.9,102.94,26.81,13.99,32.83,29.64,30.94,23.61,26.73,21.82,18.12,28.3,28.3
"63","2017101504_45",20.12,36.04,36.62,38.23,39.89,20.45,37.51,6.67,35.72,36.63,10.22,17.3,20.4,25.39,18.52,20.76,18.46,11.56,18.4,16.77,29.56,20.77
"64","2017101504_4086",58.32,24.26,53.13,60.28,50.86,54.51,52.74,53.54,48.81,54.04,52.95,22.43,34.56,32.12,20.65,28.81,30.51,38.1,21.16,39.57,27.21,35.92
"65","2017101504_3645",75.96,99.99,74.48,74.14,77.18,78.71,76.66,77.55,80.56,76.64,78.18,31.33,18.72,23.69,32.02,25.35,22.07,12.3,34.63,13.88,27.39,19.21
"66","2017101504_3224",76.63,62.79,54.05,57.4,52.64,67.68,104.16,58.47,60.13,58.47,54.06,28.55,30.97,14.04,21.22,13.75,9.21,18.65,34.17,7.59,22.29,9.42
"67","2017101504_297",79.23,74.1,98.61,95.79,79.97,104.19,80.56,80.48,76.17,95.13,113.15,41.58,23.91,27.66,39.66,45.19,42.09,37.65,33.33,27.6,35.05,41.51
"68","2017101504_2960",36.42,39.63,25.22,24.78,38.8,16.31,35.74,37.73,38.07,24.99,2.73,27.66,38.33,25.7,28.92,22.84,35.25,29.77,30.39,33.49,29.99,37.44
"69","2017101504_2436",39.5,44.15,24.73,25.74,38.7,14.79,38.14,39.41,43.25,25.4,2.26,16.1,29.92,26.45,21.63,10.78,15.11,18.65,21.19,25.55,22.47,21.04
"70","2017101504_1997",36.88,43.58,24.38,27.98,41.48,18.23,38.06,39.7,43.76,29.25,10.94,10.69,28.29,20.8,8.53,3.77,2.17,14.46,17.67,22.3,13.1,1.9
"71","2017101504_1583",99.72,80.28,83.27,85.05,78.72,99.42,82.92,112.77,82.91,82.59,107.45,33.13,29.46,28.03,32.64,31.51,32.38,41.54,33.84,37.02,22.03,31.72
"72","2017101504_1302",35.98,45.65,25.98,25.81,36.68,15.82,36.28,38.46,43.34,25.45,4.8,17.04,27.17,25.15,20.65,11.63,14.83,17.61,20.02,25.45,21.91,16.19
"73","2017101503_37",90.45,114.77,79.71,101.55,80.63,97.97,82,79.61,80.43,79.68,104.87,16.94,20.78,28.31,22.91,24.07,25.81,11.34,38.85,16.67,26.01,23.84
"74","2017101503_3490",31.76,38.66,36.86,22.73,24.09,7.14,39.56,38.67,39.04,38.64,18.37,30.92,31.4,18.86,26.74,25.87,22.9,36.71,16.29,34.12,26.79,25.33
"75","2017101503_3257",28.82,37.83,37.78,20.18,23.84,5.06,37.25,40.27,36.49,39.92,14.96,30.91,29.89,19.31,25.14,24.76,24.84,38.39,15.41,33.55,26.94,24.64
"76","2017101503_2788",92.24,75.47,74.64,96.96,95.48,111.1,75.38,72.05,76.76,75.14,103.25,17.34,20.47,30.59,25.15,29.22,26.1,12.55,37.46,15.93,26.16,24.8
"77","2017101503_2480",9.27,31.46,26.51,35.66,27.79,28.07,25.76,26.18,1.33,35.22,31.56,37.62,26.55,37.78,41.41,33.39,41.25,39.39,42.89,39.81,31.46,32.6
"78","2017101503_2091",108.14,78.01,94.52,77.44,76.21,94.99,94.81,95.97,114.09,79.42,79.07,31.41,32.45,26.4,11.4,19.61,19.54,24.39,18.5,26.35,30.49,24.92
"79","2017101503_1610",30.12,40.85,40.43,22.54,24.37,7.71,39.93,38.83,40.07,17.59,41.21,18.49,22.7,18.68,21.07,24.64,13.3,36.41,29.94,20.58,22.54,11.52
"80","2017101503_1266",106.98,83.34,94.97,84.22,83.59,94.43,94.43,97.11,112.87,84.69,85.12,31.23,33.38,28.87,13.53,19.02,24.98,25.67,26.83,31.6,30.59,28.43
"81","2017101503_1023",27.7,14.95,35.94,20.61,37.19,21.19,37.04,37.03,36.19,36.24,18.25,26.11,13.55,16.62,18.92,25.29,15.28,29.94,13.75,27.21,23.08,19.86
"82","2017101502_896",18.21,38.26,35.1,34.69,18.51,38.76,35.68,38.22,5.52,36.13,37.6,26.34,22.56,12.35,17.46,20.94,23.71,19.74,34.1,19.73,29.82,17.11
"83","2017101502_719",74.79,94.62,94.79,78.19,83.71,82.48,89.28,84.21,80.51,83.2,115.65,30.05,23.05,24.36,15.8,22.66,29.43,28.57,19.69,18.74,31.3,31.62
"84","2017101502_4156",55.96,59.53,56.41,58.96,57.9,52.63,60.02,64.15,54.29,58.54,85.44,29.22,10.23,9.02,4.04,20.09,7.5,7.39,30.57,7.41,6.17,23.51
"85","2017101502_2951",100.82,82.58,83.07,101.03,82.08,86.54,81.25,116.66,80.1,82.93,86.49,28.74,27.98,37.06,33.08,39.27,31.1,35.34,31.4,20.77,26.3,34.16
"86","2017101502_267",20.38,37.63,35.87,18.79,40.1,33.22,35.93,2.53,37.12,35.72,33.17,36.82,33.76,27.68,32.65,21.78,33.39,31.16,37.58,41.82,36.47,30.46
"87","2017101502_2581",52.59,45.65,44.61,47.97,49.77,52.49,47.29,45.26,50.61,57.15,25.57,18.81,25.84,29.79,35.99,27.82,35.24,25.08,27.78,33.45,22.08,24.02
"88","2017101502_2273",103.42,79.87,85.24,102.57,83.55,80.37,81.92,118.6,83.62,83.49,82.24,28.41,27.14,35.26,33.96,38.39,25.35,30.37,34.69,17.96,22.59,32.31
"89","2017101501_4369",23.85,41.4,38.32,40.1,37.42,39.65,41.17,14.05,21.73,35.29,8.02,20.48,12.93,16.33,25.38,16.11,28.31,22.11,18.4,12.74,19.97,9.29
"90","2017101501_4154",21.13,35.8,37.68,37.17,35.91,36.84,39.31,9.68,19.03,34.86,1.29,22.66,15.28,20.14,26.76,19.19,30.26,24.66,28.78,21.44,22.98,19.07
"91","2017101501_3984",39.7,53.97,43.59,35.95,54.59,40.72,40.91,49.85,37.98,45.82,20.02,26.71,21.11,38.89,39.42,25.26,38.93,42.72,34.91,39.62,42.96,39.55
"92","2017101501_37",40.5,39.5,36.75,13.3,20.64,20.37,39.36,22.86,42.58,38.09,22.15,23.91,30.88,13.95,21,21.37,26.03,20.83,23.66,22,35.43,22.08
"93","2017101501_3686",76.36,77.99,84.51,111.28,99.71,99.43,79.99,97.21,76.78,83.16,97.41,19.75,22.48,33.86,18.27,17.3,23.65,29.3,22.48,18.38,11.9,21.33
"94","2017101501_3317",26.08,38.59,36.2,36.81,36.27,36.81,37.53,16.42,28.11,35.01,13,41.36,27.87,38.5,37.29,32.38,38.82,31.87,40.99,37.89,36.21,41.17
"95","2017101501_2670",92.09,82.33,104.51,83.31,82.1,81.71,84.32,81.75,98.94,91.92,79.5,34.72,43.11,36.78,32,27.04,40.41,23.11,39.05,33.15,37.77,30.45
"96","2017101501_2631",37.27,40.08,34.59,13.94,22.89,21.74,38.29,24.24,39.34,37.73,24.12,27.13,31.28,10.62,15.97,16.22,21.17,20.12,19.39,20.8,33.57,18.46
"97","2017101501_2148",93.89,106.97,83.69,82.02,81.4,83.59,80.26,101.91,95.2,78.36,81.67,35.04,41.08,29.06,25.96,41.68,22.94,39.15,35.97,38.25,27.62,43.14
"98","2017101501_2095",25.08,36.44,6.01,31.39,37.78,34.13,34.68,35.41,18.57,23.29,31.7,21.95,12.49,10.57,22.25,25.73,16.8,29.95,19.29,27.91,15.3,25.16
"99","2017101501_1501",78.68,81.84,83.12,109.2,97.1,101.26,80.28,97.26,77.7,83.89,97.55,19.6,22.36,34.05,18.38,18.69,23.23,29.19,21.83,20.9,13.67,23.21
"100","2017101501_1086",77.25,78.43,83.33,109.41,99.3,99.55,79.91,97.62,77.48,83.58,97.82,21.52,23.15,32.77,16.19,22.49,17.76,30.21,20.12,20.68,11.26,21.11
"101","2017101500_742",84.84,85.67,82.14,96.76,85.49,82.87,108.38,83.38,102.95,96.86,84.63,25.88,25.24,18.78,14.74,34.81,7.98,12.78,23.35,16.38,16.34,14.07
"102","2017101500_336",86.63,82.75,81.84,95.69,82.62,79.21,108.41,71.71,104.56,96.29,79.93,24.81,17.33,22.17,16.29,34.18,13.43,13.06,19.86,16.21,14.99,12.63
"103","2017101500_3319",6.86,21.56,37.42,37.79,21.84,38.37,35.36,12.75,39.54,38.25,34.07,18.53,17.74,17.18,24.76,18.7,29.41,14.02,19.53,25.22,26.49,32.55
"104","2017101500_2975",7.16,20.72,37.03,37.26,20.75,36.55,35.3,13.98,40.14,38.18,32.99,24.08,22.58,18.44,23.99,23.71,32.39,17.22,24.53,26.65,27.99,32.41
"105","2017101500_2550",116.8,98.38,82.73,79.08,98.51,83.75,85.5,110.67,79.73,80.29,83.16,37.01,33.61,38.3,29.97,32.42,28.31,41.81,35,27.67,33.72,21.27
"106","2017101500_2254",110.26,97.07,81.35,79.45,96.91,83.9,83.84,105.58,82.85,80.31,83.2,42.45,37.36,39.18,32.45,35.77,27.96,41.4,39.02,31.07,33.22,24.85
"107","2017101500_1856",33.78,34.64,38.84,20.69,37.34,38.08,4.47,36.91,1.64,20.52,38.62,14.98,23.59,31.9,29.74,18.89,44.25,30.17,25.26,26.72,30.92,37.2
"108","2017101500_1324",37.79,38.46,35.37,22.07,36.83,38.75,3.66,36.63,7.4,22.65,38.7,38.41,37.45,26.9,31.72,14.95,44.36,31.27,28.7,29.88,33.83,39.3
"109","2017101200_35",18.93,32.21,37.56,1.1,18.61,34.65,32.21,35.36,39.29,35.84,4.75,33.95,20.41,33.57,29.1,22.81,18.95,30.23,28.26,27.12,40.91,28.24
"110","2017101200_3081",99.41,85.86,82.3,116.95,99.13,81.75,84.15,84.81,78.32,82.79,113.99,20.42,29.23,18.35,27.43,33.07,36.4,24.47,22.25,24.89,13.46,27.75
"111","2017101200_2729",37.58,35.18,19.54,11.47,34.38,20,34.4,43.41,35.16,4.35,31.84,25.31,32.17,28.54,26.04,35.18,30.94,21.69,23.16,23.97,26.92,24.94
"112","2017101200_2565",95.67,83.33,80.44,113.78,93.35,79.56,79.84,85.05,73.69,80.69,116.45,19.06,31.13,22.84,33.55,38.1,40.96,25.51,24.92,39.81,14.9,36.79
"113","2017101200_2352",37.77,35.91,21.78,16.94,35.89,22.02,36.08,39.45,36.23,11.45,28.98,32.37,35.53,30.31,30.19,39.45,33.64,24.84,21.45,25.93,32.82,27.25
"114","2017101200_2158",35.19,34.31,25.04,14.11,37.16,23.91,36.39,34.52,36.62,15.48,30.45,17.25,18.99,11.14,12.35,28.2,18.2,14.76,11.82,16.03,13.51,14.24
"115","2017101200_1737",37.53,35.52,25.53,17.52,36.84,23.25,34.36,42.37,35.98,16.85,26.67,35.98,38.38,33.81,43.89,43.81,41.35,29.64,27.4,34.04,41.57,36.09
"116","2017100900_853",62.73,70.34,68.31,61.92,65.92,67.17,65.71,71.94,68.59,78.7,80.42,13.92,20.34,23.54,16.73,28.08,31.94,26.46,22.63,18.64,27.97,22.34
"117","2017100900_4324",43.8,37.42,25.34,33.53,39.64,46.44,43.23,42.67,45.96,33.37,38.43,28.95,22.5,18.86,24.81,20.78,28.97,14.16,9.35,15.81,16.3,23.48
"118","2017100900_36",77.92,98.33,115.95,110.78,82.49,81.58,81.92,76.65,79.92,103.09,85.17,13.39,31.34,33.5,32.17,34.41,28.19,37.32,36.62,24.15,34.89,31.75
"119","2017100900_3410",78.9,114.67,93.43,86.73,78.41,77.93,98,94.36,103.83,80.89,81.64,35.81,40.93,29.98,39.43,38.59,20.88,39.13,33.6,27.66,26.26,31.17
"120","2017100900_3028",76.75,91.76,105.18,99.84,84.43,77.21,78.65,80.49,78.95,94.13,85.49,19.42,30.09,34.36,31.67,30.52,25.71,35.54,40.06,32.46,35.56,26.44
"121","2017100900_2851",40.12,6.5,25.38,31.62,40.32,37.7,16.42,25.05,20.54,36.47,35.85,33.46,35.2,30.42,35.15,36.43,21.22,24.58,31.35,34.95,27.91,29.52
"122","2017100900_2595",78.11,97.97,117.59,110.19,82.51,81.09,82.6,79.52,74.95,103.05,84.85,21.11,32.44,36.71,32.56,36.77,26.97,38.66,39.42,25.27,34.91,32.3
"123","2017100900_2224",40.83,6.35,26.07,33.32,40.54,38.31,16.09,25.41,20.06,36,37.62,31.74,26,28.09,34.21,34.91,18.96,22.52,28.59,32.79,24.47,27.02
"124","2017100900_1889",39.54,31.06,17.38,21.79,36.71,38.98,34.16,36.98,36.43,31.04,33.72,27.86,14.98,22.9,23.18,15.3,24.8,16.71,12.92,24.08,11.75,21.01
"125","2017100811_3905",64.63,64.06,66.38,63.16,65.88,43.15,66.72,65.95,68.87,62.47,56.51,37.57,52.11,53.17,11.84,52.65,39.68,42.35,46.11,41.46,25.58,14.81
"126","2017100811_37",95.16,85.37,96.07,83.24,83.4,100.48,105.04,84.86,86.75,83.22,85.55,12.07,13.99,21.56,9.4,25.99,10.8,8.04,24.81,22.31,21.47,19.67
"127","2017100811_3467",84.98,84.49,80.33,104.73,89.02,83.54,81.42,88.51,82.66,82.16,114.79,40.23,18,32.68,29.87,24.64,38.29,29.8,26.82,22.21,27.55,37.07
"128","2017100811_3132",20.2,36.02,22.12,39.29,12.78,7.2,36.36,37.21,40.54,36.16,36.98,37.75,39.17,29.04,22.78,38.34,39.8,30.38,32.84,41.16,25.66,34.58
"129","2017100811_2163",32.91,34.15,34.65,12.81,30.22,34.14,33.41,29.6,35.65,36.89,6.31,14.38,36.38,26.4,27.55,29,20.15,27.81,27.76,32.42,28.2,22.38
"130","2017100811_1308",88.55,87.61,85.09,107.36,87.18,86.81,84.98,87.58,85.12,85.72,117.97,34.31,15.92,28.75,20.85,22.61,31.93,27.42,24.21,19.94,27.15,22.33
"131","2017100810_370",85.5,119.38,84.29,84.47,103.8,81.43,95.75,82.29,83.57,79.87,99.01,25.63,28.84,15.19,29.28,27.61,27.44,24.15,40.87,21.45,25.01,28.77
"132","2017100810_3680",82.94,112.37,81.22,80.6,92.37,90.06,81.7,78.51,80.18,80.89,82.88,37.57,21.17,21.85,33.84,32.17,22.68,13.67,41.08,16.77,29.52,14.75
"133","2017100810_3113",45,51.63,44.25,49.3,50.51,37.04,48.95,46.67,28.22,15.37,47.22,27.02,27.83,33.76,24.66,19.55,32.96,37.74,33.57,30.88,33.87,42.98
"134","2017100810_2889",84.14,107.4,80.98,82.24,96.11,95.26,78.03,79.91,81.33,81.95,89.93,20.38,17.8,20.84,28.41,22.22,19.68,10.74,34.05,16.16,27.04,31.85
"135","2017100810_2684",33.46,40.31,31.82,39.25,40.17,19.41,39.03,33.4,13.03,0.55,40.28,24.48,26.58,31.99,20.99,15.46,29.01,36.07,37.23,27.16,30.14,42.46
"136","2017100810_2060",87.6,78.31,87.51,78.27,75.42,100.71,77.81,82.41,106.77,118,77.79,27.73,25.25,20.92,30.2,37.59,19.44,15.36,20.43,21.42,16,8.97
"137","2017100810_1815",35.77,2.58,37.79,19.17,39.04,22.58,39.32,40.65,40.78,38.22,26.17,27.16,26.12,21.81,24.74,32.66,32.4,40.18,15.33,34.05,22.35,20.31
"138","2017100810_1643",87.88,80.4,87,81.92,80.35,99.48,81.04,84.94,106.8,119.28,80.74,27.83,25.86,20.83,30.19,36.22,23.45,16.75,18.68,25.77,22.84,11.35
"139","2017100810_1254",34.99,8.09,36.38,34.35,20.57,22.19,40.5,36.41,37.32,35.9,24.51,32.31,41.64,34.01,28,37.62,39.32,18.22,42.12,38.32,31.48,26.48
"140","2017100809_993",20.9,11.48,2.95,32.01,34.73,35.6,31.38,20.5,8.92,34.72,36.65,19.48,25.38,22.19,34.33,26.78,22.17,23.78,23.4,17.81,31.04,18.91
"141","2017100809_307",99.78,107.44,114.96,86.79,84.69,79.59,89.26,100.43,110.58,84.5,79.41,38.38,33.51,39.08,23.78,30.07,38.35,35.62,35.54,42.05,27.62,40.96
"142","2017100809_178",97.68,104.63,109.25,80.78,85.64,87.07,88.56,97.29,103.75,82.04,87.36,25.31,23.02,26.02,25.23,34.08,36.28,27.54,28.2,29.27,27.88,40.01
"143","2017100809_1153",82,82.44,84.17,100.22,81.99,95.94,115.4,97.7,81.74,85.07,96.5,29.99,30.91,37.91,21.13,33.71,30.58,28.9,32.51,28.66,20.19,31.74
"144","2017100808_4084",87.02,83.92,107.35,98.44,118.85,78.83,79.43,98.85,82.95,80.9,80.7,32.54,24.89,32.93,31.97,35.82,30.35,33.49,38.71,37.37,20.43,41.25
"145","2017100808_36",35.73,35.4,28.98,37.98,20.25,1.76,37.94,34.73,34.44,20.51,36.87,14.16,29.1,28.2,22.59,22.03,16.53,27.42,16.55,17,23.14,38.05
"146","2017100808_2762",31.65,34.13,34.5,20.08,39.18,7.32,37.48,38.03,19.74,35.09,40.66,23.12,26.58,31.42,19.78,12.9,19.26,24.22,19.77,17.89,15.95,11.48
"147","2017100808_2207",32.9,44.36,37.99,17.15,26.36,11.94,43.75,42.3,31.27,37.1,41.24,22.88,13.56,30.39,22.9,23.13,21.23,24.7,20.74,14.8,16.36,34.07
"148","2017100808_1044",75.71,77.9,89.96,74.91,95.63,109.92,73.42,90.26,78.88,96.44,73.05,41.3,13.7,16.93,29.26,24.36,19.09,21.51,32.32,35.38,21.49,10.71
"149","2017100807_4055",75.45,84.7,68.74,76.3,84.38,77,82.81,92.85,79.32,83.46,88.86,8.04,13.98,31.33,10.8,20.59,18.15,14,19.93,14.98,17.18,12.43
"150","2017100807_1993",40.66,60.45,52.42,27.22,24.84,50,16.02,33.73,52.11,57.79,54.96,38.15,35.32,42.27,38.76,22.2,24.97,33.25,34.44,15.58,27.09,37.91
"151","2017100807_1026",76.8,85.54,81.83,81.32,79.55,97.06,94.71,100.63,81.06,95.42,100.17,15.28,27.45,31.99,13,27.66,14.15,21.76,13.08,23.88,19.92,5.99
"152","2017100806_657",36.67,16.55,9.23,25.35,38.97,25.14,32.96,33.67,41.66,35.06,41.15,18.18,30.52,26.08,24.87,19.63,26.34,12.93,15.56,33.1,38.07,17.29
"153","2017100806_425",35.68,18.55,9.02,25.13,38.81,26.03,32.76,34.06,40.01,34.75,44.2,13.33,24.9,16.51,22.19,16.32,24.01,11.94,15.26,29.4,34.83,11.92
"154","2017100806_36",35.8,15.74,10.12,24.52,42.67,26.56,32.24,30.14,41.72,36.41,39.88,13.1,15.7,17.04,18.65,21.5,21.09,11.56,29.45,29.1,33.89,15.63
"155","2017100806_2343",35.39,13.4,9.21,27.76,36.59,50.12,28.6,41.5,40.66,37.45,29.97,20.53,27.94,25.08,24.76,29.42,25.17,21.97,34.82,35.74,19.04,27.09
"156","2017100805_767",93.5,93.51,81.44,81.6,94.42,108.64,78.31,78.38,104.24,81.21,NA,23.47,24.99,40.95,21.07,29.67,35.53,30.35,17.89,32.56,37.06,NA
"157","2017100805_4235",106.57,96.06,82.3,88.24,95.31,103.22,82.69,83.76,83.27,83.78,85.45,27.34,24.75,17.19,38.58,28.79,23.07,20.86,27.54,32.17,40.55,37.51
"158","2017100805_4052",88.18,96.6,110.34,81.47,96.73,86.09,76.44,82.37,82.12,83.69,83.66,38.7,29.82,38.38,15.71,33.44,17.37,22.96,26.77,34.13,43.21,38.22
"159","2017100805_379",32.95,39.05,49.04,46.43,39.03,49.79,47.01,47.11,47.92,47.44,NA,19.13,24.11,34.1,10.62,22.59,32.58,26.88,18.88,11.7,15.1,NA
"160","2017100805_3263",7.06,22.06,38.43,31.26,22.88,14.38,37.77,36.96,36.99,35.63,33.82,22.9,27.64,36.13,13.92,23.08,28.47,31.9,27.95,19.83,9.49,15.74
"161","2017100805_2873",94.46,94.42,82.31,81.73,94.42,109.06,78.14,79.29,103.58,79.07,80.47,22.53,23.31,41.8,18.81,28.77,37.8,29.71,16.48,32.75,31.08,35.62
"162","2017100805_2386",7.8,12.77,24.5,37.4,35.9,23.7,35.9,38.37,37.27,36.13,34.7,21.07,24.1,24.7,35.53,16.23,21.33,28.4,23.17,20.77,10.03,14.07
"163","2017100805_2336",87.15,85.03,79.53,85.06,85.74,76.51,81.25,80.4,78.73,85.04,NA,32.07,31.1,19.9,42.11,36.69,23.53,31.16,37.04,43.89,38.78,NA
"164","2017100805_1073",106.48,97.12,79.68,83.42,97.19,80.07,82.12,81.81,81.57,83.67,NA,24.69,29.13,16.65,38.44,32.85,24.43,29,33.08,41.37,36.42,NA
"165","2017100804_963",89.6,81.6,99.81,81.64,83.25,81.36,94.75,83.43,83.42,115.74,96.74,35.66,19.59,42.17,38.62,28.31,41.59,40.24,35.56,38.19,37.47,28.91
"166","2017100804_808",90.02,84.39,99,84.12,82.89,85.19,96.65,86.05,84.75,118,98.56,34.31,18.74,40.69,37.69,29.23,39.24,19.85,31.29,33.63,32.55,23.82
"167","2017100804_37",91.56,79.23,97.57,83.02,80.7,83.53,99.57,83.2,82.93,115.87,102.42,35.25,16.85,28.79,37.17,28.52,40.26,34.15,34.84,31.15,41.26,41.67
"168","2017100804_3251",88.2,105.24,95.3,77.49,77.75,77.71,97.11,77.45,78.83,78.18,96.21,23.76,22.05,31.83,35.48,20.66,37.47,20.79,17.02,22.02,27.89,17.43
"169","2017100804_2074",84.88,86.92,80.3,92.87,88.79,86.64,103.66,88.53,109.13,92.69,88.76,35.3,40.75,42.84,35.87,47.43,29.69,41.67,26.46,45.88,37.03,45.1
"170","2017100804_1303",84.38,82.92,81.71,98.25,80.58,83.56,108,84.52,111.96,98.36,81.35,30.85,33.72,35.08,33.77,38.13,28.48,32.16,25.82,33.94,35.37,36.67
"171","2017100803_3395",21.93,38.12,35.04,35.07,37.1,35.71,22.5,39.84,7.24,13.68,38.48,19.39,24.01,15.88,11.59,36.53,19.08,18.14,33.17,7.15,13.98,28.6
"172","2017100803_2854",94.61,81.09,84.73,83.29,83.61,84.06,94.57,81.86,105.45,104.85,81.86,30.67,30.54,35.59,40.01,19.73,33.72,32.23,18.38,33.6,34.06,24.45
"173","2017100803_2515",93.77,74.43,86.27,86.55,82.48,84.44,93.69,80.77,104.1,80.84,82.23,34.79,37.16,36.5,40.52,18.53,35.14,35.69,22.21,43.46,15.88,28.35
"174","2017100803_2064",96.79,84.31,78.91,83.93,83.54,81.05,81.34,96.74,83.97,109.74,84.77,18.1,12.71,41.04,30.52,36.37,14.95,26.07,19.08,15.42,15.84,17.35
"175","2017100802_728",36.88,36.99,20.64,19.45,37.56,20.95,36.39,38.87,35.67,21.02,9.78,28.7,40.31,33.96,31.74,25.52,38.96,31.05,34.56,37.65,37.92,42.78
"176","2017100802_3862",78.6,66.57,80.42,74.89,76.09,86.61,76.74,77.58,79.26,87.16,103.35,32.79,28.38,32.49,19.1,26.01,28.57,7,14.76,10.73,13.03,17.39
"177","2017100802_36",39.08,40.64,20.48,20.67,36.75,38.19,39.94,38.78,20.02,20.39,-0.07,11.98,30.31,19.91,26.91,12.64,23.48,23.62,27.19,19.04,26.02,15.07
"178","2017100802_3502",76.31,71.4,78.57,75.71,78.33,80.57,75.51,75.76,78.98,85.58,99.12,33.18,21.16,35.22,18.77,25.34,31.57,6.59,14.79,11.1,10.89,14.69
"179","2017100802_264",83.48,97.69,105.02,84.59,83.52,83.33,97.87,85.8,82.8,113.29,82.74,26.64,33.63,30.48,23.1,28.27,41.6,31.13,36.19,33.61,32.08,36.05
"180","2017100802_2477",80.02,99.92,100.29,82.11,106.53,84.61,83.22,79.3,82.16,99.57,118.87,42.37,32.89,33.76,40.89,26.96,19.36,34.86,28.81,24,30.65,33.46
"181","2017100802_2080",31.85,20.82,9.11,37.83,37.55,35.12,21.31,35.95,36.92,2.71,36.07,27.61,21.2,23.82,35.99,23.87,10.03,24.09,17.32,19.81,20.68,18.3
"182","2017100802_1204",79.87,76.86,99.26,99.8,82.94,106.47,83.67,82.87,83.78,99.78,120.25,43.4,24.34,34.09,34.97,43.22,26.32,31.68,26.45,23.34,31.59,30.88
"183","2017100802_1055",35.8,20.48,8.54,35.27,35.7,33.75,21.81,34.11,37.55,3.2,36.8,23,12.47,16.05,29.28,25.66,9.53,19.1,13.89,18.15,12.08,15.95
"184","2017100801_3834",62.26,41.97,57.28,64.71,61.41,52.32,63.29,65.59,63.72,64.81,63.17,12.58,28.06,43.8,35.91,28.27,11.91,21.83,40.64,6.44,44.52,33.45
"185","2017100801_36",82.7,80.46,78.28,93.33,82.74,78.36,86.19,93.23,96.16,79.35,102.66,38.31,30.07,18.77,44.6,35.44,32.35,39.14,29.73,44.36,44.59,40.03
"186","2017100801_2524",85.68,100.25,87.08,88.98,90.82,97.42,82.09,95.99,91.63,86.69,107.34,21.59,19.82,12.26,9.5,20.41,28.12,15.28,7.67,9.32,29.05,12.69
"187","2017100801_2155",16.61,39.18,45.5,17.29,36.24,40.43,38.59,2.61,38.82,47.33,38.41,23.43,22.27,14.5,16.85,9.72,26.71,21.46,15.53,32.01,25.5,20.29
"188","2017100800_930",42.85,40.39,32.02,42.18,42.33,5.51,26.8,39.91,13.1,40.49,25.23,25.95,26.95,39.1,44.04,34.75,39.09,36.39,38.82,36.76,29.17,31.92
"189","2017100800_3967",3.21,38.68,38.3,20.74,21.43,22.38,38.79,37.02,21.45,40.13,36.6,34.64,18.43,41.32,33.57,28.46,26.96,25.66,22.77,32.11,31.44,35.34
"190","2017100800_3664",84.27,82.03,86.53,80.36,80.85,107.83,99.01,80.6,102.17,80.85,98.49,31.1,35.89,21.78,16.62,24.45,35.33,28.97,20.87,32.11,29.64,30.19
"191","2017100800_36",37.54,37.02,30.48,40.36,39.01,5.56,21.6,39.91,12.81,39.04,21.82,23.78,24.95,35.72,42.85,35.19,35.87,35.22,38.44,33.96,29.57,31.63
"192","2017100800_309",105.7,80.43,81.76,93.51,98.27,100.66,78.92,82.91,98.19,78.84,81.85,19.11,32.28,12.1,20.98,23.25,24.23,23.38,27.98,22.79,20.96,14.96
"193","2017100800_2970",39.85,53.6,33.12,39.07,40.23,3.4,19.6,38.3,12.58,40.83,20,23.02,18.07,34.73,43.01,34.21,41.07,35.32,36.09,39.41,28.38,33.12
"194","2017100800_2194",114.86,85.02,81.6,99.65,97.01,96.87,79.81,82.4,100.61,79.18,81.1,50.34,41.81,22.04,29.82,36.57,37.62,31.74,39.82,33.05,25.84,24.79
"195","2017100800_1689",78.54,70.18,86.29,80.95,80.39,105.79,98.78,80.68,102.43,81.1,98.81,29.21,33.09,20.23,14.65,20.27,18.83,23.3,16.29,21.77,27.19,24.69
"196","2017100800_1285",6.21,39.45,40.56,14,19.84,28.43,41.59,36.72,20.86,41.1,38.35,16.33,12.84,32.9,23.68,18.98,19.21,25.1,17.63,20.32,26.22,30.31
"197","2017100500_901",18.52,37.35,5.1,19.6,35.28,37.31,34.43,10.73,38.88,35.68,18.72,34.19,32.6,34.93,28.77,36.71,26.84,16.21,33.29,26.49,43.79,37.52
"198","2017100500_4428",101.95,101.86,116.27,85.01,83.42,85.43,108.85,83.79,82.21,84.18,101.81,33.78,35.53,37.12,25.07,39.31,45.64,37.79,32.93,20.05,27.73,22.46
"199","2017100500_4258",62.59,63.77,53.78,66.31,58.95,62.91,64.06,65.68,66.42,64.65,64.15,47.22,40.73,37.02,49.03,10.62,24.4,10.15,47.19,43.19,32.64,15.64
"200","2017100500_37",84.73,109.87,100.17,81.41,84.14,81.79,82.94,81.67,100.83,80.16,80.08,26.61,25.04,26.99,22.2,15.51,39.67,21.79,20.11,25.47,34.83,35.97
"201","2017100500_2718",20.16,21.08,6.91,35.82,37.07,34.95,12.95,36.68,37.52,36.56,19.53,20.38,18.47,18.27,31.12,15.32,10.66,17.11,19.25,36.24,25.66,32.07
"202","2017100500_2361",20.14,20.31,7.74,32.92,35.6,34.3,12.04,34.56,35.53,35.19,19.39,19.35,18,16.55,28.36,14.27,10.33,15.54,20.3,33.69,23.35,30.67
"203","2017100500_2180",90.92,91.73,103.71,83.51,81.65,82.28,98.5,83.11,82.55,83.17,93.02,17.02,22.58,16.55,14.15,27.72,35.16,19.08,24.58,11.33,17.68,11.24
"204","2017100500_1820",101.35,100.98,117.24,84.66,83.22,81.81,108.97,82.83,83.88,83.47,100.75,32.72,34.02,36.6,26.09,37.9,43.36,35.86,33.83,19.39,27.72,23.12
"205","2017100500_1536",44.57,5.44,17.65,40.63,36.59,40.01,35.61,41.34,17.43,38.81,38.82,18.1,33.26,33.7,32.98,41.8,14.69,30.28,35.96,30.94,24.67,20.13
"206","2017100200_692",20.92,33.33,20.78,33.34,37.41,12.48,3.36,35.62,24.98,32.13,34.97,20.03,28.2,15.72,29.97,15.87,19.05,14.58,19.19,18.53,17.16,23.91
"207","2017100200_3861",32.47,39.44,1.34,40.12,8.85,39.87,24.69,38.71,21.51,42.32,36.46,25.2,19.86,19.15,32.59,34.14,28.62,20.73,37.59,29.12,13.18,19.26
"208","2017100200_2838",89.06,81.81,117.94,85.89,110.69,82.92,100.13,86,99.61,81.87,86.37,28.85,33.94,35.5,20.41,25.07,25.5,32.69,18.76,29.19,40.55,36.71
"209","2017100200_2050",30.69,36.05,30.58,33.96,12.85,34.04,17.23,35.11,33.22,34.55,36.35,31.18,30.45,17.76,34.88,21.34,16.44,24.65,22.43,22.47,19.45,27
"210","2017100113_718",67.05,84.85,80.67,80.76,68.82,68.84,95.46,67.76,72.19,68.93,69.95,25.92,24.04,25.89,25.05,31.24,23.42,18.25,36.55,24.81,20.12,15.12
"211","2017100113_54",82.26,105.8,98.4,98.41,82.31,82.75,111.78,67.31,86.07,81.28,80.26,26.25,29.1,32.75,31.02,33.78,23.57,31.62,33.16,24.99,20.11,17.22
"212","2017100113_4046",80.93,108.01,98.27,98.2,81.5,81.54,108.51,82.95,87.54,83.62,85.18,23.2,24.1,21.88,19.73,30.94,20.39,8.04,35.8,21.99,18.66,13.66
"213","2017100113_3618",82.11,115.42,99.67,99.65,81.17,82.28,109.95,83.75,87.53,83.65,86.13,24.37,17.72,23.04,21.56,29.01,22.06,19.12,34.49,24.19,19.54,16.27
"214","2017100113_3250",42.98,12.35,20.83,23.07,41.2,39.39,5.43,38.01,34.98,37.83,37.43,13.56,28.34,16.23,22.65,16.74,24.51,17.32,12.93,16.86,32.44,34.91
"215","2017100113_3169",40.17,14.98,21.55,21.63,36.55,38.84,12.14,35.53,32.15,36.08,35.58,18.39,24.84,18.84,22.36,18.99,22.58,17.34,14.2,21.45,31.69,35.74
"216","2017100113_3004",84.25,85.34,83.19,81.15,100.97,116.36,80.69,84.95,80.79,86.4,100.65,35.25,21.18,14.24,12.35,24.91,26.92,17.24,31.9,18.9,28.83,23.79
"217","2017100113_2227",84.62,85.68,85.59,84.35,95.97,109.65,86.03,88.85,88.33,85.23,96.17,39.88,22.02,16.62,11.68,27.16,27.28,18.35,36.1,34.66,30.63,25.83
"218","2017100113_2026",83.95,85.52,86.07,84.42,101.36,116.67,85.88,86,86.66,84.83,100.42,42.54,20.54,14.01,10.51,30.56,33.97,12.45,37.99,36.62,30.87,29.55
"219","2017100113_1179",40.86,11.12,22.27,24.14,40.68,39.33,7.91,38.57,32.78,37.81,37,18.52,22.2,13.36,22.69,16.86,22.62,8.78,13.99,20.06,32.09,35.62
"220","2017100112_845",97.6,105.61,115.02,96.78,81.73,80.65,88.43,105.9,82.19,79.68,79.84,40.3,31.04,43.17,37.66,30.06,21.63,34.69,44.08,26.46,41.1,37.45
"221","2017100112_3411",80.7,90.84,74.64,78.52,70.35,82.66,86.15,78.99,83.14,66.3,107.13,18.14,21.58,35.75,21.51,31.22,20.4,38.13,33.86,27.13,43.72,28.65
"222","2017100112_2573",91.98,96.8,113.79,90.47,71.56,73.19,83.99,97.52,73.18,70.5,70.38,22.96,15.22,27.73,17.62,23.46,11.7,20.62,31.69,17.03,40.9,32.44
"223","2017100112_2285",97.76,104.9,111.86,97.28,83.66,85.53,88.01,107.74,84,80.98,80.5,36.07,30.51,37.61,34.77,29.95,21.27,34.19,39.11,26.69,40.45,36.37
"224","2017100111_781",1.98,20.82,37.16,36.45,21.4,36.82,36.03,34.02,15.78,36.41,32.49,28.7,29.85,39.26,15.1,26,31.67,29.39,22.69,24.02,13.16,16.3
"225","2017100111_4011",98.47,79.23,118.15,96.7,83.34,81.18,77.45,108.96,98.6,67.76,81.75,13.68,16.63,12.72,24.6,14.79,24.56,40.05,13.86,11.05,16.98,20.54
"226","2017100111_38",0.77,20.75,33.82,32.53,20.7,35.58,31.26,30.12,14.69,32.73,30.72,32.75,32.26,43.96,42.66,30.67,40.11,34.26,25.24,29.32,15.52,18.3
"227","2017100111_3667",0.81,20.36,39.74,35.96,22.44,36.81,37.16,36.1,16.87,38.43,34.76,34.4,37.98,46.71,40.46,29.75,39.41,32.22,29.27,30.15,21.72,25.36
"228","2017100111_2867",26.03,39.42,13.55,24.12,35,38.68,48.25,18.02,25.7,35.22,37.35,41.02,36.49,45.37,34.35,39.52,29.56,19.39,41.74,42.52,41.17,32.56
"229","2017100111_2345",21.76,38.1,8.83,21.61,36.39,38.5,48.79,12.77,22.07,35.76,38.09,39.26,36.64,41.16,32.8,39.7,29.93,19.49,39.08,40.81,44.52,31.82
"230","2017100111_1797",22.34,40.1,8.74,23.35,36.86,40.65,48.77,14.23,22.38,38.74,37.23,40.6,36.62,43.49,35.03,39.36,28.18,21.63,39.16,41.91,43.79,32.89
"231","2017100111_1516",34.96,37.9,8.97,24.17,35.73,39.12,47.84,13.83,21.03,38.38,37.38,39.4,34.46,35.43,32.06,37.42,28.24,21.06,33.34,38.63,42.72,30.9
"232","2017100110_868",25.33,25.5,6.27,39.83,42.14,24.73,45.35,41.11,10.27,40.56,40.81,27.78,26.66,5.65,9.92,28.35,21.91,34.18,20.5,17.39,18.43,15.34
"233","2017100110_448",26.21,26.07,1.44,38.45,39.17,24.06,42.07,40.01,5.88,37.88,39.28,27.96,26.85,21.93,13.14,32.4,22.28,34.99,19.47,22.87,20.67,16.3
"234","2017100110_3726",99.32,85.06,81.16,112.42,97.02,83.95,83.43,84.44,79.46,80.32,113.76,21.72,28.97,20.46,27.99,38.06,35.28,23.62,26.6,26.22,15.31,28.48
"235","2017100110_37",27.85,26.56,4.93,37.8,37.61,28.01,39.36,37,8.01,36.49,38.38,28.38,27.26,17.42,12.05,29.5,22.77,33.49,20.47,18.72,18.98,14.29
"236","2017100110_3211",100.29,83.75,82.69,115.45,99.91,82.03,83.7,84.6,83.6,81.82,117.48,26.7,33.51,24.85,31.2,34.46,39.11,29.41,32.47,36.58,21.44,32.39
"237","2017100110_2943",97.07,78.18,117.2,78.8,84.68,89.44,83.4,83.46,114.29,87.21,81.58,33.86,41.46,28.58,42.06,29.06,37.45,32.83,24.45,27.78,39.5,39.27
"238","2017100110_2189",20.6,37.14,37.59,5.99,19.59,37.84,36.76,35.07,37.62,38.12,9.73,31.65,21.23,29.54,28.61,22.32,16.98,25.47,22.82,18.36,37.14,27.24
"239","2017100110_1609",98.48,77.56,113.33,75.69,79.75,87.19,78.88,79.94,111.25,84.93,79.81,32.88,40,36.42,40.2,30.66,43.77,35.51,24.47,35.23,36.97,39.75
"240","2017100110_1419",21.39,33.87,36.93,2.35,18.02,36.87,35.24,35.82,35.31,36.75,7.63,27.52,22.02,34.42,28.71,22.82,17.69,26.95,24.62,20.2,36.39,27.2
"241","2017100110_1348",94.6,93.48,114.72,82.78,82.27,94.41,80.37,82.56,111.75,83.69,82.29,26.99,28.03,41.9,43.25,23.47,32.93,20.64,33.9,39.04,35.04,39.15
"242","2017100109_4680",18.61,44.89,39.21,39.82,38.94,38.18,15.06,37.98,18.22,4.08,38.83,27.3,32.53,24.09,21.79,33.6,18.39,28.06,28.12,25.21,27.63,14.95
"243","2017100109_3806",99.67,76.98,82.17,76.43,77.63,79.19,106.5,79.79,99.37,115.82,78.54,26.79,12.6,26.59,16.61,23.14,36.82,31.19,30.82,31.46,36.18,40.61
"244","2017100109_2943",37.52,19.48,37.04,39.15,40.37,39.84,12.84,39.52,19.58,4.56,35.97,37.42,32.82,40.4,29.11,32.4,18.05,32.93,23.69,31.04,32.48,14.25
"245","2017100109_2694",77.24,101.39,116.1,94.04,79.47,91.88,80.41,99.25,74.2,74.67,70.67,40.17,18.27,38.19,34.25,29.08,29.32,44.02,42.29,21.26,13.87,31.62
"246","2017100109_2192",83.24,99.41,74.37,81.37,81.19,81.03,106.02,82.36,99.83,79.71,112,20.05,20.8,19.29,25.69,28.23,31.77,16.83,23.41,23.88,33.79,16.92
"247","2017100109_1253",80.6,94.57,82.5,79.98,76.69,78.07,100.21,77.2,94.63,78.62,106.72,15.53,17.11,14.2,22.57,19.66,34.61,15.6,28.96,18.9,36.55,16.75
"248","2017100109_1238",85.74,99.03,86.38,80.35,80.41,81.4,106.76,81.95,98.65,84.92,115.19,19.42,24.99,17.67,25.15,21.56,35.94,25.16,32.24,26.23,39.75,24.59
"249","2017100108_461",12.79,33.3,32.57,17.78,12.93,33.17,4.76,17.92,34.08,36.45,36.16,31.05,17.85,28.93,24.54,23.18,30.02,22.76,23.9,22.28,36.07,34.6
"250","2017100108_45",83.32,82.05,97.23,83.29,80.7,98.44,80.95,81.21,84.53,105.04,113.85,26,22.99,19.2,24.32,31.3,14.81,19.71,15.82,23.18,14.55,9.87
"251","2017100108_3856",82.63,80.68,110.54,81.77,87.95,78.55,78.33,80.98,87.92,85.39,100.25,39.49,34.47,46.91,35.55,39.37,46.21,20.84,26.19,22.76,32.78,33.24
"252","2017100108_382",81.28,81.64,95.25,82.28,79.45,98.64,79.85,81.83,82.72,104.94,111.05,25.25,18.93,21.81,22.97,33.9,13.7,16.48,7.84,21.97,7.84,4.48
"253","2017100108_3171",82.27,82.55,111.8,82.92,86.1,81.51,78.66,81.47,84.27,84.99,106.19,38.02,33.48,46.46,36.53,38.25,45.1,21.91,27.67,18.09,32.99,37
"254","2017100108_2848",108.75,86.99,82.62,103.11,109.47,79.94,117.05,102.75,82.07,80.65,80.97,22.43,36.5,30.21,26.44,32.69,19.08,26.47,27.26,33.56,16.67,21.55
"255","2017100108_1414",36.68,35.89,29.43,36.25,45.68,23.31,34.46,36.9,33.32,16.1,8.71,27.83,34.01,32.15,30.94,20.61,31.9,38.56,41.36,39.31,34.81,33.09
"256","2017100107_55",39.27,1.58,17.46,40.66,35.14,39.02,36.95,38.13,19.68,35.57,37,22.77,17.31,12.06,25.38,13.31,32.07,20.76,27.64,18.69,15.61,18.87
"257","2017100107_451",31.02,0.19,16.45,34.69,30.95,31.47,28.94,34.91,17.23,32.33,31.86,19.67,19.29,16.09,21.7,11.78,34.99,17.47,25.14,17.19,15.32,16.86
"258","2017100107_3650",39.27,37.86,23.07,19.81,42.03,38.84,22.39,36.22,36.16,13.11,35.12,35.34,39.74,32.77,31.16,24.99,41.19,33.63,27.52,33.03,34.67,38.14
"259","2017100107_3262",37.04,34.63,25.83,16.46,37.21,44.13,25.74,35.08,37.02,11.07,37.02,22.6,26.11,15.12,22.45,32.18,11.99,16.37,14.02,15.76,18.5,12.27
"260","2017100107_3019",80.38,117.86,100.6,79.35,82.56,79.56,88.89,81.36,99.9,82.14,81.45,33,44.64,43.77,30.1,44.59,20.25,33.9,24.67,38.03,38.86,35.91
"261","2017100107_1981",84.37,85.09,98.72,108.96,84.15,82.69,99.06,85.07,83.15,111.51,91.64,19.24,14.14,22.41,25.96,32.75,12.88,21.66,25.88,20.24,24.92,20.23
"262","2017100107_1565",38.56,38.94,21.85,17.12,36.87,36.25,21.46,36.09,36.38,7.9,31.57,37.72,39.33,34.59,33.63,42.93,26.69,35.68,29.42,34.54,36.04,36.77
"263","2017100107_1270",77.7,107.6,96.88,77.95,81.01,79.15,86.35,78.02,96.43,81.23,79.64,32.12,37.92,38.63,30.09,41.13,21.22,34.4,24.8,33.31,37.39,35.3
"264","2017100107_1052",37.92,35.04,24.01,13.88,39.19,23.91,35.35,6.23,38.11,33.93,34.83,19.39,23.86,16.75,21.89,9.6,18.69,18.8,19.83,16.99,21,28.12
"265","2017100106_991",24.2,5.43,25.66,34.84,36.84,35.69,24.61,25.07,14.13,36.03,35.03,32.57,22.66,24.05,25.25,22.78,21.66,31.71,25.14,19.69,18.5,28.74
"266","2017100106_2403",16.45,28.07,28.32,37.65,35.51,36.26,19.65,27.41,28.81,36.88,35.72,1.36,7.8,16.16,25.07,18.06,11.88,15.91,14.42,9.03,10.3,21.2
"267","2017100106_2188",25.18,11.17,29.16,35.44,34.69,34.26,22.55,26.38,16.97,33.35,35.58,15.7,5.54,22.04,29.26,20.7,17.54,20.04,17.81,18.44,16.06,22.96
"268","2017100106_1896",26.05,2.65,28.38,35.67,34.3,36.64,22.48,26.55,15.32,33.33,34.47,15.78,3.91,28.03,33.63,23.3,18.7,19.47,18.74,22.4,16.15,25.8
"269","2017100106_1685",79.89,100.14,100.1,83.61,88.16,82.97,82.67,82.76,100.83,99.92,116.24,31.01,18.81,13.58,15.15,21.96,27.38,21.59,16.81,25.05,17.74,13.32
"270","2017100105_948",89.67,84.15,98.53,81.8,83.95,90.45,86.36,84.53,82.27,117.53,99.48,19.79,6.59,12.63,14.39,32.19,17.72,24.06,17,15.6,20.97,23.76
"271","2017100105_590",30.79,35.13,20.53,37.59,37.85,29.74,34.71,36.09,37.62,4.39,20.92,35.14,46.9,41.86,41.98,25.04,36.6,29.95,37.5,38.83,33.33,30.82
"272","2017100105_37",31.88,38.66,37.48,39.74,38.65,29.77,36.3,36.63,38.5,9.65,22.85,39.04,45,41.44,43.08,26.98,41.33,33.58,38.6,39.82,36.51,31.91
"273","2017100105_3257",87.66,77.97,95.39,84.77,77.64,78.23,93.83,83.24,81.75,107.66,95.63,12.68,7.12,5.5,11.48,8.63,27.11,8.28,14.25,19.34,5.81,19.33
"274","2017100105_3204",89.09,76.01,100.01,85.19,83.28,81.93,95.91,84.21,82.06,117.77,100.77,12.85,10.17,9.02,14.98,10.72,28.78,11.25,16.65,23.21,10,21.35
"275","2017100105_3030",92.9,83.36,99.13,81.64,80.4,80.02,100.74,82.84,80.16,116.19,101.21,24.51,7.89,15.99,33.42,17.63,37.21,23.34,29.5,19,27.37,32.2
"276","2017100105_2423",28.79,34.14,21.16,38.13,37.86,28.65,35.17,34.38,35.93,6.47,20.83,35.07,46.56,41.33,42.99,25.18,36.57,30.1,34.46,38.33,33.96,31.41
"277","2017100105_1989",113.72,83.42,84.26,91.77,84.13,83.41,87.17,88.01,82.92,81.83,110.51,31.83,40.62,31.16,20.16,35.82,15.54,27.13,31.31,19.79,26.73,29
"278","2017100105_1773",89.85,86.34,98.02,82.95,82.48,89.98,85.15,84.62,83.84,116.12,99.67,18.91,6.52,12.59,12.1,29.66,18,23.61,19.31,16.19,21.57,23.74
"279","2017100105_1623",13.62,37.98,35.25,29.83,36.47,37.75,31.04,33.02,35.37,35.95,10.2,38.96,24.44,32.75,41.46,28.36,47.02,39.59,33.04,41.09,36.41,43.71
"280","2017100105_1416",89.57,84.76,97.82,81.66,82.61,91.15,84.55,85.34,84,118.21,100.39,19.76,6.81,12.68,15.4,30.06,18.26,24.04,17.83,16.18,21.27,22.84
"281","2017100105_1109",1.54,35.96,35.34,29.49,35.41,37.8,31.04,30.36,37.28,38.23,9.52,16.74,10.08,22.08,28.75,16.01,39.11,25.76,21.98,33.32,27.17,23.44
"282","2017100104_921",28.88,32.64,31.65,18.41,36.42,9.22,38.57,38,17.91,32.68,38.37,26.04,32.86,28.17,24.63,15.2,30.9,22.42,21.38,23.7,19.4,13.41
"283","2017100104_483",21.31,40.64,22.98,20.69,35.44,39.26,13.08,33.32,5.19,38.85,35.89,14.17,20.38,22.33,18.09,27.74,22.67,15.24,10.81,11.56,20.97,34.1
"284","2017100104_46",34.03,41.27,21.03,20.7,36.2,40.03,13.31,36.35,2.24,36.49,35.09,29.71,29.24,32.79,31.71,35.63,31.64,33.78,17.15,31.38,23.97,42.8
"285","2017100104_3745",85.29,87.71,83.66,90.76,88.82,102.11,84.98,83.11,90.15,89.11,86.59,7.44,9.68,6.43,3.87,16.08,3.4,11.01,12.34,7.14,18.68,23.3
"286","2017100104_3337",22.84,36.14,22.91,21.25,35.03,38.13,15.97,36.26,5.51,39.72,35.06,16.68,24.88,23.85,20.93,28.53,22.1,21.73,19.65,19.25,19.44,33.96
"287","2017100104_2877",87.25,81.07,90.85,99.08,82.46,71.89,109.12,86.36,117.4,83.55,81.3,37.3,30.56,30.97,37.64,26.15,29.04,38.25,44.8,45.87,37.88,19.85
"288","2017100104_2611",99.05,79.87,90.08,99.66,82.59,81.59,110.18,87.36,119.47,82.69,82.82,36.25,31.31,27.88,34.89,28.62,34.26,35.58,44.72,38.67,37.94,18.68
"289","2017100104_261",86.73,82.61,83.69,100.22,114.04,79.84,80.65,99.7,85.05,99.76,82.3,18.82,13.32,15.67,12.39,18.89,19.87,20.06,18.21,22.05,16.22,25.4
"290","2017100104_2162",37.74,34.06,38.33,20.3,28.12,5.14,38.47,39.81,20.9,34.11,36.19,42.27,38.99,45.44,39.84,33.33,40.68,36.99,35.42,37.95,31.74,26.44
"291","2017100104_1875",32.86,33.19,37.22,20.5,29.94,0.45,39.85,39.79,21.71,33.11,34.61,41.31,37.86,44.08,38.72,32.24,31.7,35.37,33.13,38.38,30.07,26.19
"292","2017100104_1599",88.14,81.94,98.23,99.96,84.55,83.82,110.18,86.23,117.53,84.54,83.58,31.85,30.03,28.47,31.2,24.33,27.9,34.41,42.32,34.87,35.82,19.89
"293","2017100104_1290",30.32,33.75,33.5,18.61,38.56,5.46,39.18,39.06,18.11,35.22,38.63,23.3,30.48,27.14,22.52,13.83,25.34,22.49,21.4,21.63,17.7,12.51
"294","2017100104_1102",87.06,83.08,89.3,100.48,84.11,72.85,109.48,86.01,117.23,83.91,83.27,35.09,30.16,27.95,33.43,23.49,25.73,35.6,42.94,36.91,36.83,19.38
"295","2017100103_3893",81.88,78.15,99.39,78.2,76.97,78.75,78.07,78.39,77.99,83.81,78.76,21.6,29.85,37.44,46.48,23.07,37.36,19.09,32.44,42.82,42.34,26.17
"296","2017100103_36",95.74,79.01,82.56,96.15,79.62,83.22,84.37,105.55,79.16,79.49,89.08,29.87,20.58,39.07,28.68,16.38,28.42,34.12,30.53,14.47,18.34,21.38
"297","2017100103_2611",98.12,80.72,81.52,79.97,98.38,79.08,80.42,109.15,80.46,103.37,81.94,19.35,21.9,33.31,29.74,24.87,28.79,23.76,19.93,11.43,19.72,20.09
"298","2017100103_2209",99.66,82.76,83.02,83.72,97.46,79.46,82.09,110.87,78.42,104.33,78.91,8.91,17.64,29.46,23.37,16.78,15.75,21.02,8.28,10.89,12.3,15.06
"299","2017100103_1730",22.47,36.9,39.4,40.66,22.32,41.11,38.62,11.09,44.02,17.63,37.97,23.16,22.46,13.42,15.98,17.04,16.81,20.35,20.06,28.04,20.14,25.9
"300","2017100103_1491",22.34,39.63,40.51,20.82,41.29,39.5,6.87,41.38,14.79,39.02,38.18,21.42,22.06,15.83,12.79,16.89,19.5,13.18,31.2,16.15,26.83,10.88
"301","2017100102_648",77.05,80.25,79.92,85.44,80.44,78.06,109.15,98.76,76.77,81.72,99.2,29.23,32.88,38.41,34.92,24.86,22.13,18.88,24.33,27.3,18.81,24.92
"302","2017100102_4007",78.15,80.74,80.37,84.98,81.35,78.97,99.33,115.3,77.41,81.69,100.1,26.22,33.26,36.5,34.43,22.55,20.95,24.15,15.83,24.51,17.49,24.72
"303","2017100102_37",77.55,81.09,79.93,84.38,79.66,80.32,117.96,99.51,77.2,81.24,99.21,31.27,37.41,40.97,38.93,28.17,25.71,28.2,28.94,29.73,23.2,33.29
"304","2017100102_2782",79.61,86.56,79.83,80.66,94.41,73.96,99.23,112.62,73.26,98.94,108.59,17.55,31.14,27.73,15.3,28.58,23.74,20.17,20.05,21.69,21.01,22.83
"305","2017100102_2435",78.45,85.17,78.95,78.27,93.36,76.88,96.31,110.24,74.94,96.33,105.17,31.46,38.49,47.01,27.9,43.7,42.72,35.92,45.48,34.92,38.57,36.29
"306","2017100102_2227",75.11,84.52,82.28,78.51,84.62,79.3,95.37,108.99,75.33,95.11,105.92,31.01,27.75,41.7,27.31,31.8,37.37,39.08,39.97,32.39,37.11,33.64
"307","2017100102_2021",41.42,40.76,42.28,18.99,38.91,41.74,41.85,26.04,43.27,40.21,27.83,34.15,28.03,20.2,45.69,29.41,36.18,39.33,37.77,31.55,43.89,36.69
"308","2017100102_1596",42.63,40.86,42.05,13.25,38.42,19.73,40.61,22.67,43.92,37.86,23.52,37.74,29.23,22.17,48.48,30.68,43.03,41.56,40.72,40.92,46.47,39.58
"309","2017100102_1299",43.72,43.15,45.83,39.08,39.68,43.27,5.2,20.53,44,42.61,20.43,33.67,30,23.59,30.65,40.96,41.28,41.55,38.3,36.92,44.16,37.58
"310","2017100101_37",113.33,99.29,81.76,79.86,99.34,82.44,82.35,108.08,79.83,84.89,83.3,27.51,28.3,36.2,31.34,27.57,23.18,38.86,26.05,29.38,32.76,16.22
"311","2017100101_3481",7.57,21.2,36.75,38.89,21.3,34.93,38.45,14.02,37.87,36.27,33.81,33.67,29.99,24.82,25.54,28.82,35.7,16.73,33.42,31.24,27.3,38.45
"312","2017100101_3331",81.29,109.97,83.78,94.95,80.49,70.37,96.51,83.42,97.23,80.53,80.55,28.65,17.19,17.04,21.7,15.67,21.68,17.61,23.8,16.69,20.95,16.55
"313","2017100101_2292",92.87,92.08,91.41,85.19,91.28,81.86,91.06,98.6,83.47,88.27,78.08,45.44,38.01,45.86,43.77,45.45,35.49,46.84,29.74,36.69,31.95,27.31
"314","2017100101_1142",78.06,109.57,82.74,97.87,80.89,82.32,96.74,81.16,97.66,80.43,82.49,29.71,9.83,11.59,19.8,10.47,17.13,16.5,23.45,14.01,20.93,13.24
"315","2017100100_3803",35.06,31.67,36,22.94,32.87,35.36,14.09,5.69,22.45,38.22,36.7,10.28,29.12,29.86,20.55,16.9,19.14,21.41,15.55,22.44,24.34,35.35
"316","2017100100_37",80.19,87.08,82.44,98.48,81.47,85.2,110.52,115.69,98.2,81.86,83.72,35.37,25.72,28.93,34.71,37.61,36.4,34.6,36.39,33.7,23.53,22.95
"317","2017100100_3207",37.67,29.38,34.97,20.89,42.23,35.53,37.51,7.12,2.74,21.12,37.81,28.18,29.95,19.43,17.53,30.23,20.88,23.93,21.71,20.16,18.79,13.05
"318","2017100100_2511",85.85,87.42,82.48,99.5,86.18,84.02,80.64,115.13,119.08,99.28,84.89,40.9,25.08,27.91,32.81,36.08,33.39,24.2,30.59,31.57,31.13,21.61
"319","2017100100_2179",40.54,39.07,20.69,33.84,38.99,37.61,38.95,20.55,9.93,36.33,11.17,18.99,18.06,25.62,28.1,19.83,24.06,17,29.43,27.42,33.86,29
"320","2017092800_420",37.48,22.41,9.52,14.8,37,35.32,37.61,35.42,38.1,22.15,40.02,38.77,26.63,24.96,26.16,17.05,21.86,31.65,15.06,30.12,25.36,36.66
"321","2017092800_36",85.11,116.57,80.38,82.82,81.25,101.26,80.19,97.75,80.7,82.02,103.59,27.24,35.35,25.07,42.06,23.51,31.73,33.95,28.15,16.48,27.15,34.96
"322","2017092800_3529",80.79,68.95,74.67,112.03,77.92,74.43,72.7,76.11,73,72.06,73.66,39.64,40.17,30.89,24.52,14.46,14.84,36.02,29.08,11.94,18.23,21.45
"323","2017092800_297",37.53,21.6,5.78,11.66,37.36,37.59,38.01,39.29,38.45,20.74,37.82,33.5,22.5,20.03,22.75,16.14,20.35,30,15.24,28.16,22.95,25.99
"324","2017092800_2837",78.2,96.79,117.41,81.67,80.1,79.88,85.53,76.41,106.19,97.24,81.92,10.63,25.2,11.31,30.85,29.27,20.25,32.08,26.11,12.18,21.91,12.98
"325","2017092800_2160",75.97,96.08,107.73,75.54,74.84,75.87,77.29,73.02,101.06,96.83,81.28,10.06,18.26,16.01,30.7,24.78,16.66,33.59,22.35,15.23,20.17,18.35
"326","2017092800_2126",78.71,97.95,114.21,106.4,79.33,80.66,80.52,80.24,80.27,98.66,87.84,10.45,18.77,14.86,16.97,34.01,27.25,15.97,35.45,21.72,22.73,20.23
"327","2017092800_2073",33.92,6.94,34.64,39.24,21.49,39.5,30.78,42.28,39.72,34.63,36.08,13.07,15.82,11.07,23.83,14.15,7.67,25.95,34.63,29.43,37.01,16.62
"328","2017092800_1621",78.47,95.54,115.96,107.67,81.07,81.77,81.24,82.14,80.36,99.81,80.17,11.2,23.77,16.84,16.21,31.96,27.67,18.79,38.65,24.07,23.62,12.22
"329","2017092500_3738",40.03,15.79,4.95,28.57,52.21,37.86,23.55,40.25,35.12,47.05,28.92,28.76,40.99,40.1,31.16,41.12,17.51,22.28,38.39,42.51,27.07,34.98
"330","2017092500_37",81.49,105.96,112.65,91.05,80.56,91.85,87.33,88.74,82.91,85.63,79.43,35.5,23.72,26.72,32.08,25.27,29.68,41.31,31.49,21.25,18.3,26.3
"331","2017092500_3599",83.38,81.43,96.37,97.03,83.36,81.67,107.17,86.64,115.82,84.58,85.6,23,23.1,19.43,22.5,19.22,20.73,24.67,32.98,25.33,31.62,16.4
"332","2017092500_3099",39.25,18.45,4.54,29.44,52.09,35.26,20.53,39.9,38.06,47.81,30.44,16.69,26.21,19.87,16.61,30.83,10.06,14.57,24.01,31.8,16.34,19.88
"333","2017092500_301",20.13,35.12,25.4,19.66,36.25,30.14,10.42,35.37,3.56,35.25,41.1,24.85,27.61,27.88,25.59,32.44,27.66,20.7,16.02,21.43,19.39,29.52
"334","2017092500_2672",30.97,33.26,25.87,25.24,37.59,35.64,19.08,37.77,14.68,34.32,32.44,29.88,33.9,36.69,35.69,40.26,29.59,42.27,23.34,41.27,27.04,44.3
"335","2017092500_2270",80.33,100.84,107.3,90.46,74.02,86.66,87.71,80.92,83.58,77.08,90.45,33.52,18.27,19.72,29.15,21.31,37.26,30.86,19.5,14.49,24.13,26.86
"336","2017092500_1841",34.87,36.51,26.76,21.32,35.79,42.03,10.03,33.02,1.81,34.86,32.96,26.59,31.74,36.05,34.81,38.91,32.5,40.58,22.59,39.41,23.88,41.39
"337","2017092500_1739",40.21,14.96,1.69,29.01,43.94,29.67,33.58,32.96,38.43,34.47,45.83,22.71,39.32,36.07,26.68,29.08,27.55,19.57,27.19,36.35,42.4,28.3
"338","2017092413_2749",99.95,106.63,115.53,86.52,99.39,81.36,89.26,106.89,85.2,82.37,82.01,23.37,18.48,20.48,14.33,21.84,25.74,28.47,25.66,22.31,35.77,31.94
"339","2017092412_797",96.69,81.81,95.23,79.52,79.59,80.94,101.98,80.38,111.59,82.76,79.26,10.97,12.94,24.2,9.7,18.61,32.52,15.57,21.17,8.08,15.06,25.58
"340","2017092412_543",25.1,29.34,39.04,21.5,37.49,40.87,9.2,42.19,20.9,36.69,42.35,26.17,23.91,13.77,16.56,27.06,32.59,13.56,23.55,19.23,19.84,20.04
"341","2017092412_3800",98.04,99.36,96.16,111.08,92.81,118.72,89.12,99.77,114.77,103.62,87.94,43.74,44.25,47.91,48.53,28.55,51.81,37.94,30.41,49.73,44.97,38.45
"342","2017092412_36",29.22,29.41,39.94,24.53,38.04,39.76,7.01,39.78,10.83,38.96,38.48,31.97,30.9,13.04,23.72,31.72,35.11,13.96,25.36,18.3,21.78,15.77
"343","2017092412_240",25.62,29.03,37.66,19.7,38.07,40.7,8.23,41.42,26.13,36.2,41.63,25.52,23.21,13.78,14.74,26.54,32.6,10.34,24.8,20.81,17.69,20.16
"344","2017092412_1853",97.76,82.24,95.75,80.02,80.53,80.55,101.77,79.9,109.49,81.44,81.1,10.8,12.09,20.12,9.21,17.42,29.21,11.87,20.29,7.2,12.86,26.08
"345","2017092411_3836",31.25,15.85,37.85,16.44,39.51,38.84,37.78,3.9,43.07,14.41,37.06,39.2,35.32,19.03,37.32,44.2,34.59,28.43,36.97,39.78,28.21,23.9
"346","2017092411_35",88.99,84.17,97.25,82.66,84.04,109.12,85.37,105.11,85.06,97.56,82.42,18.29,28.9,12.3,12.14,16.7,9.26,16.88,9.78,21.9,13.43,25.95
"347","2017092411_1977",32.86,2.68,38.56,37.51,18.24,38.75,26.73,41.25,25.58,39.19,36.7,22.46,15.87,25.21,37.41,13.87,11.46,21.12,29.86,18.93,18.28,7.8
"348","2017092411_1211",88.88,116.96,81.02,84.5,100.83,82.7,94.4,81.36,94.35,82.55,84.86,28.25,34.84,26.86,14.63,36.38,33.95,24.37,18.41,25.76,31.98,39.68
"349","2017092410_4389",64.03,56.96,67.92,62.86,31.25,66.77,67.88,65.24,62.05,67.32,64.29,25.1,16.76,46.04,49.76,34.84,53.28,47.16,17.37,33.76,45.85,41.67
"350","2017092410_3495",42.76,42.3,43.27,44.29,46.14,42.16,44.71,48.13,47.44,32.11,39.19,37.84,47.18,23.17,40.25,22.79,30.93,35.39,36.41,28.91,38.01,40.87
"351","2017092410_3246",39.81,33.77,32.41,36.94,17.7,-1.54,34.08,38.24,47.18,16.74,34.64,11.07,21.32,26.91,17.08,17.32,16.58,13.11,19.22,21.16,18.48,27.57
"352","2017092410_2413",39,39.13,34.3,38.51,21.73,7.09,38.12,38.22,50.16,22.35,36.05,10.73,19.57,25.3,15.96,13.99,1.43,12.67,17.47,25.23,15.19,25.5
"353","2017092410_2184",28.48,39.08,20.83,36.93,34.97,27.61,34.93,34.91,35.88,8.65,21.56,19.58,33.79,13.48,24.05,10,16.03,16.17,18.67,13.31,13.99,25.84
"354","2017092409_4357",2.52,10.52,21.06,31.84,31.92,20.84,32.43,36.19,38.84,34.92,35.92,43.34,34.45,38.48,45.5,43.36,32.86,33.68,29.71,19.69,40.44,27.09
"355","2017092409_36",21.8,37.97,40.09,21.63,40.72,38.9,16.53,35.47,39.66,40.65,10.76,29.22,30.15,32.77,23.37,37.09,24.55,26.45,28.49,19.69,16.29,25.06
"356","2017092409_3415",93.99,85.76,85.2,91.96,84.62,90.99,107.33,86.33,87.93,83.55,103,19.44,25.16,24.79,20.77,25.36,26.39,27.88,24.72,31.37,33.73,27.05
"357","2017092409_3229",86.82,73.55,69.3,86.79,70.09,67.68,104.22,69.06,69.31,67.72,99.2,23.9,28.04,22.93,31.62,19.11,32.24,25.06,30.8,32.84,36.65,26.3
"358","2017092409_2658",101.12,95.5,87.79,84.97,88.88,90.01,84.94,85.81,84.45,84.92,85.19,47.98,41.75,39.44,24.17,48.21,42.17,37.22,43.5,46.98,32.09,44.51
"359","2017092409_2093",118.9,111.07,98.18,84.19,82.71,98.97,84.77,84.47,81.4,85.08,83.78,39.21,37.18,31.65,19.28,38.23,31.99,29.86,32.68,43.85,24.61,39.93
"360","2017092409_1229",22.26,27.25,31.3,52.46,52.18,33.76,48.4,49.83,54.64,49.71,48.92,38.55,34.85,38.2,39.09,37.71,32.84,33.36,31.44,25.25,36.12,28.61
"361","2017092408_2061",87.92,83.06,84.51,98.46,79.15,84.79,116.7,112.35,97.78,79.4,84.4,9.11,30.66,20.87,17.34,20.57,26.25,17.64,21.09,18.3,21.26,32.28
"362","2017092408_1848",37.46,38.42,43.14,37.85,37.93,37.15,14.79,11.71,35.25,39.65,40.16,31.89,27.11,13.24,18.79,21.86,17.84,18.8,10.89,20.23,12.46,4.93
"363","2017092408_1438",33.73,36.7,52.24,20.9,37.5,38.07,6.3,2.66,20.85,35.43,34.68,33.97,30.98,14.14,23.2,28.01,23.65,24.1,22.5,24.39,20.61,13.25
"364","2017092407_901",14,21.36,38.67,39.97,35.05,34.44,39.77,20.53,33.01,34.13,36.06,31.1,33.74,32.17,38.65,27.86,30.92,36.94,33.04,32.66,36.29,23.74
"365","2017092407_567",0.31,15.94,39.46,41.06,35.74,34.35,38.81,16.11,32.31,31.89,36.22,40.82,39.8,33.52,40.38,29.19,30.52,39.02,37.43,35.21,40.68,24.32
"366","2017092407_4270",6.68,37.39,20.64,29.96,35.39,42.27,10.94,37.82,38.68,38.54,40.93,19.19,12.17,23.37,28.63,15.92,37.73,24.5,24.41,15.86,32.51,20.53
"367","2017092407_3932",116.83,103.15,81.36,80.79,83.77,85.7,81.04,103.11,86.21,84.77,85.35,15.23,15,21.31,12.7,25.3,21.42,14.41,17.22,19.94,16.77,30.2
"368","2017092407_37",99.67,82.38,91.64,91.8,83.5,82.55,103.03,82.71,84.52,82.12,80.5,22.96,31.35,18.6,19.74,26.13,12.12,19.92,17.84,18.4,15.83,22.74
"369","2017092407_350",105.6,82.12,97.28,97.65,85.18,83.68,110,81.87,83.26,82.7,79.86,23.49,29.57,17.65,18.53,25.66,12.5,19.64,17.97,17.81,15.36,19.3
"370","2017092407_3318",118.49,103.11,77.07,77.92,81.41,84.93,78.37,102.94,81.38,80.82,81.28,26.16,20.7,24.27,12.14,30.3,23.03,17.15,22.37,21,16.99,35.7
"371","2017092407_2399",109.13,83.83,98.98,98.56,84.65,85.42,113.08,83.68,85.42,84.17,81.2,18.51,28.94,15.92,16.64,26.41,10.32,12.48,17.3,17.32,15.09,23.78
"372","2017092407_2242",5.41,17.86,38.71,39.87,37.28,34.58,39.18,17.23,34.11,34.82,37.06,33.01,34.88,33.39,40.11,25.33,30.98,37.92,33.76,35.19,37.83,21
"373","2017092407_1859",17.65,33.08,21.19,33.87,35.8,10.79,36.75,35.36,35.63,21.95,39.4,23.76,11.7,22.62,16.14,33.27,19.86,20.71,19.53,26.19,20.97,21.23
"374","2017092407_1653",115.09,102.88,81.78,80.19,83.58,85.49,81.26,103.12,87.41,85.07,84.27,18.29,17.32,20.89,13.74,25.13,22.22,15.78,19.22,19.15,16.72,31.09
"375","2017092407_1563",117.44,104.04,81.69,80.76,83.63,82.55,80.88,104.28,88.74,86.65,84.15,26.79,21.22,22.94,13.88,27.03,23.9,16.01,22.41,21.72,17.94,32.95
"376","2017092407_1266",9.55,35.14,21.84,34.17,36.39,16.44,37.26,33.28,37.96,22.47,39.26,17.74,10.58,20.71,16.94,30.68,21.65,20.53,19.3,27.9,18.84,21.87
"377","2017092406_422",95.75,114.48,102.07,83.91,85.46,82.84,94.74,94.97,104.5,81.72,81.17,29.06,26.98,24.57,20.68,35.4,15.01,22.34,23.34,29.56,31.5,29.75
"378","2017092406_2210",24.65,40.12,14.28,39.65,22.68,36.21,39.57,19.5,24.53,37.73,37.81,42.75,39.22,47.65,42.46,31.16,36.45,30.9,43,44.49,44.92,25.77
"379","2017092406_1987",25.85,37.18,13.14,38.23,25.45,35.46,36.62,18.79,22.77,36.19,34.33,14.78,21.8,12.27,24.09,13.84,17.63,14.24,15.87,20.37,33.07,8.96
"380","2017092406_1165",97.57,86.26,109.52,88.71,99.68,89.38,84.84,102.76,97.71,89.99,86.05,8.48,16.46,7.17,11.32,17.13,16.25,21.99,10.27,7.55,8.39,24.3
"381","2017092405_896",83.06,100.18,80.46,88.27,100.89,83.68,82.42,81.16,118.31,81.33,83.04,28.07,29.24,38.53,37.34,35.98,26.25,31.48,33.82,36.64,18.78,23.42
"382","2017092405_4303",65.17,65.86,60.49,62.16,59.12,63.7,58.34,62.55,20.02,62.35,64.02,22.51,12.99,44.14,37.98,37.1,17.68,10.83,25.39,28.34,39.26,27.93
"383","2017092405_3849",62.91,62.72,67.8,63.97,62.09,62.05,55.75,60.85,25.94,66.06,62.96,21.74,9.99,52.49,44.47,47.04,16.44,11.31,30.35,33.62,50.21,42.57
"384","2017092405_35",86.21,99.71,83.63,86.09,99.44,87.32,84.62,82.2,117.53,81.08,84.8,25.22,28,38.03,36.17,34.14,25.44,30.97,32.96,33.95,18.31,23.86
"385","2017092405_3420",84.92,101.23,82.26,84.99,100.44,86.93,84.75,82.23,115.96,82.01,83.06,25.34,24.75,39.04,37.19,32.16,23.57,31.07,33.16,31,16.54,21.72
"386","2017092405_2234",82.09,109.95,97.01,97.4,83.37,83.5,115.58,88.16,84.04,87.59,NA,29.07,23.45,26.05,25.07,35.27,26.64,26.51,31.28,20.01,17.55,NA
"387","2017092405_1847",39.38,20.23,39.25,32.83,19.82,38.22,37.24,38.79,2.2,40.31,38.91,26.78,25.08,16.57,17.24,16.57,28.22,22.37,19.32,18.42,35.29,29.91
"388","2017092405_1252",36.57,20.35,36.75,31.96,20.96,34.95,36.65,36.78,0.98,38.61,37.7,27.9,26.71,13.96,16.69,22.32,28.45,22.81,20.36,19.31,33.79,29.59
"389","2017092405_1054",81.99,111.58,99.28,99.1,82.73,81.78,116.75,86.98,85.51,84.63,87.06,31.7,25.86,29.53,28.54,28.74,24.64,28.64,37.98,29.77,21.53,17.99
"390","2017092404_984",81.99,80.86,98.3,82.5,115.67,103.04,79.69,82.46,79.1,100.2,99.63,24.71,12.93,21.35,15.93,20.44,26.45,29.05,20.1,35.61,16.64,17.37
"391","2017092404_419",36.1,38.17,22.31,37.19,17.56,19.53,40.04,36.53,40.15,21.86,10.15,28.34,43.11,31.4,37.65,39.53,27.77,20.06,34.48,16.54,32.17,39.94
"392","2017092404_36",116.68,99.9,99.21,80.4,78.87,81.76,80.84,111.09,77.73,88.15,78.07,23.83,24.59,19.97,33.15,28.86,17.3,37.53,21.16,24.72,27.01,15.62
"393","2017092404_3208",113.76,99.23,84,79.69,99.13,82.07,80.87,109.95,82.02,80.98,83.27,27.92,31.38,33.61,33.18,30.59,22.25,39.38,26.73,25.95,30.44,18.46
"394","2017092404_3017",38.27,42.53,21.32,37.6,1.56,15.58,37.48,35.84,37.04,20.25,21.2,26.78,21.77,28.94,34.18,28.99,34.05,23.19,32.9,37.74,24.83,30.1
"395","2017092404_2878",3.48,20.52,37.75,40.89,21.19,40.47,41.85,8.85,41.79,31.12,39.64,36.12,30.88,22.12,25.05,34.03,38.12,17.63,36.48,29.24,27.86,38.84
"396","2017092404_2612",6.5,20.12,20.22,36.22,38.27,36.72,39.32,12.94,38.05,37.68,36.37,29.99,26.66,28.1,21.5,21.16,32.52,16.52,30.56,29.99,24.81,35.51
"397","2017092404_2304",76.13,78.27,99.41,79.36,116.43,100.45,79.63,81.81,79.51,105.03,98.53,22.66,11.45,31.13,19.97,22.45,32.09,29.46,18,37.69,21.39,27.87
"398","2017092404_1937",79.85,78,99.27,80.33,119.74,103.44,81.32,80.81,78.74,105.02,98.83,30.89,12.63,30.21,22.4,27.36,30.38,33.67,19.46,37.97,21.28,28.25
"399","2017092404_1725",4.68,20.38,20.78,35.66,39.64,36.96,39.08,9.53,38.47,34.36,35.24,25.88,24.34,27.38,20.14,20.53,32.43,16.58,28.89,30.27,24.62,33.88
"400","2017092404_1668",3.23,20.48,20.73,38.32,42.22,39.72,40.88,9.47,42.41,29.84,39.39,33.21,29.39,32.04,20.69,20.81,32.49,16.22,33.63,31.89,29.6,35.72
"401","2017092404_1421",82.51,80.59,99.14,79.83,116.4,104.46,81.94,82.81,81.69,101.4,100.15,26.79,12.58,22.8,18.85,24.34,28.51,32.01,17.05,35.86,17.78,19.05
"402","2017092404_1141",7.76,20.43,20.33,39.06,39.92,37.8,38.21,12.35,41.14,32.79,37.53,20.33,21.63,24.36,16.6,20.31,29.79,14.03,24.08,23.59,20.4,32.51
"403","2017092403_44",41.14,37.22,41.05,40.69,41.83,24.1,43.43,10.84,20.25,17.39,5.9,37.31,34.83,25.59,40.4,30.99,38.23,29.35,35.8,26.19,33.86,39.65
"404","2017092403_4209",40.86,25.62,17.11,20.09,38.54,39.66,41.69,40.82,40.58,25.36,39.28,44.93,36.07,40.81,40.65,33.2,25.14,32.03,38.51,17.24,33.77,32.22
"405","2017092403_392",41.64,36.76,37.59,40.4,38.92,27.66,40.43,7.49,19.91,20.44,11.54,24.87,28.47,14.64,30.6,25.05,26.44,16.87,16.55,15.01,17.52,20.31
"406","2017092403_3509",79.3,97.81,114.38,108.25,80.12,80.15,80.65,78.38,77.84,103.57,83.4,14.23,32.09,42.19,35.33,29.15,39.05,36.37,22.53,41.7,29.57,28.56
"407","2017092403_2164",37.47,20.59,10.81,16.2,37.2,38.85,40.64,37.89,40.01,20.73,38.95,41.11,31.33,31.52,31.72,31.46,20.48,29.2,36.47,13.72,29.34,28.15
"408","2017092403_1827",75.94,81.12,78.85,77.85,95.32,72.48,114.09,98.78,71.59,99.46,112.44,21.87,31.41,35.56,19.5,35.41,26.72,28.95,19.19,25.29,22.94,26.81
"409","2017092403_1535",40.35,20.44,6.2,13.15,38.12,39.11,39.49,38.3,45.8,19.56,36.89,35.65,23.76,16.24,20.55,28.4,17.49,21.83,29.29,20.51,22.03,23.37
"410","2017092402_729",34.58,31.07,34.84,18.87,31.21,11.35,33.92,18.95,5.37,18.82,34.79,38.78,38.76,43.61,33.82,28.9,34.16,37.29,35.34,40.36,37.36,23.97
"411","2017092402_3217",85.82,87.64,73.94,96.82,89.12,102.83,87.11,96.12,108.16,95.85,85.49,32.52,31.3,24.93,35.74,37.72,30.49,35.75,31.67,34.37,31.04,39.2
"412","2017092402_2784",83.48,87.31,73.15,100.87,88.43,109.72,86.4,99.98,119.27,99.38,85.3,32.25,28.95,24.51,38.29,40.2,31.24,37.59,33.16,39.07,32.15,41.48
"413","2017092402_2442",99.07,88.5,90.52,88.86,91.68,88.05,99.41,107.9,93.44,87.58,114.46,40.96,36.73,41.19,31.57,35.29,34.46,36.71,44.37,44.73,27.4,46.57
"414","2017092402_1927",33.61,32.08,34.37,18.39,31.4,11,33.87,18.34,1.35,19.42,34.2,35.41,38.14,37.9,29.75,27.05,30.83,33.41,31.8,37.98,34.88,23.37
"415","2017092402_1695",97.86,85.55,86.25,86,88.48,84.35,97.56,110.85,88.12,84.45,115.2,33.47,32.27,35.42,27.01,19.36,29.04,30.87,35.97,41.96,21.77,39.72
"416","2017092402_1288",82.02,84.56,68.32,99.85,86.02,108.14,82.43,101.8,118.85,100.39,82.34,30.26,23.18,22.69,34.51,36.95,27.41,36.12,29.72,28.43,27.97,41.16
"417","2017092401_4342",22.41,7.3,42.48,53.99,41.27,42.97,42.78,20.47,38.31,20.35,44.39,28.45,29.7,36.41,20.95,31.93,39.94,34.57,34.34,33.74,30.28,24.83
"418","2017092401_3646",20.37,10.9,38.11,52.33,37.25,38.29,39.07,19.75,36.53,31.07,38.96,21.5,18.77,29.41,21.59,23.37,36.04,28.07,23.89,30.85,27.23,21.89
"419","2017092401_36",103.85,115.94,80.55,72,80.43,82.23,79.16,103.37,85.63,93.14,80.42,26.09,28.74,20.66,38.05,24.81,15.88,22.66,23.55,21.36,24.18,28.51
"420","2017092401_3128",101.25,117.77,81.76,67.8,83.7,83.42,81.8,103,77.25,109.89,81.33,24.77,19.67,19.09,27.05,27.91,14.54,25.35,20.03,37.2,20.91,35.37
"421","2017092401_2993",16.47,41.7,23.78,38.41,25.52,35.62,24.56,44.17,24.65,44.37,38.52,38.35,21.4,35.31,35.08,29.36,42.87,30.13,24.02,32.13,29.24,40.19
"422","2017092401_2561",12.33,40.38,18.43,36.77,21.12,35.9,21.26,37.79,20.29,41.98,35.06,37.73,20.57,36.48,34.86,28.94,43.96,29.94,25.21,35.31,28.14,39.75
"423","2017092401_2502",34.77,58.89,36.43,59.95,58.94,59.88,59.17,44.51,33.9,12.33,59.12,15.48,35.37,42.96,25.1,44.26,30.84,10.47,27.19,28.89,29.07,17.25
"424","2017092401_2019",18.36,2.24,41.09,39.19,39.43,51.27,40.87,19.36,42.86,11.23,41.33,17.2,13.57,27.04,12.26,18.63,27.98,25.77,25.33,30.83,18.16,20.25
"425","2017092401_1417",117.23,83.97,100.96,84.13,99.45,84.15,99.9,84.76,100.51,81.49,86.54,33.46,39.25,27.14,30.18,34.94,19.19,31.02,35.24,28.89,33.11,23.75
"426","2017092401_1265",20.11,8.79,39.98,41.05,38.75,54.36,38.97,18.62,35.35,24.86,40.85,29.86,35.84,38.27,18.11,31.46,36.56,35.13,36.63,36.8,31.98,25.7
"427","2017092400_716",72.84,80,82.84,79.11,73.29,80,119.18,99.13,81.84,85.59,98.83,26.42,32.29,25.65,18.34,25.49,14.56,10.04,14.4,26.58,14.07,15.08
"428","2017092400_409",78.47,78.64,81.34,86.52,75.67,81.3,114.72,99.94,78.05,84.86,100.05,15.69,31.19,23.33,16.05,17.02,15.75,10.4,15.08,24.6,13.6,16.25
"429","2017092400_4019",75.3,72.81,71.14,74.36,77.95,76.39,74.19,82.96,69.81,70.25,104.73,5.58,22.72,34.15,25.84,18.98,31.25,14.78,12.79,27.42,5.07,13.32
"430","2017092400_3365",45.75,38.92,35.24,37.64,47.2,42.51,21.38,0.52,40.48,40.42,21.15,26.89,7.63,6.15,29.44,26.04,31.78,19.81,9.33,14.06,35.89,16.21
"431","2017092400_2682",74.82,82.2,83.83,79.96,75.33,79.2,118.12,98.22,80.9,83.48,98.62,34.62,43.18,42.18,25.94,32.73,23.35,28.93,28.89,34.5,20.19,30.03
"432","2017092400_2285",17.6,33.83,35.41,16.38,28.29,33.57,0.74,16.85,33.8,39.69,38.14,35,21.67,34.75,26.95,24.1,18.91,28.06,26,26.93,35.02,36.44
"433","2017092400_2036",44.36,35.62,38.85,40.22,43.05,38.1,-0.2,23.04,36.43,34.44,22.25,15.44,8.76,12.06,24.97,17.58,28.19,22.91,21.16,19.04,30.54,20.06
"434","2017092100_778",38.43,21.78,38.59,21.98,31.76,38.16,14.9,39.76,38.76,9.67,39.31,27.74,15.82,32.84,19.54,19.82,12.95,15.61,23.69,9.72,16.5,18.74
"435","2017092100_4446",58.32,65.72,55.36,56.05,56.57,58.59,56.57,56.95,87.59,59.09,61.65,33.48,29.6,11.74,8.62,0.81,24.12,13.69,28.47,17.61,12.16,8.4
"436","2017092100_4118",80.87,81.01,86.34,91.17,113.42,82.62,100.46,88.5,82.75,100.55,85.53,12.48,10.95,14.58,22.18,20.7,21.01,17.99,25.84,19.42,16.88,28.14
"437","2017092100_3780",42.39,21.82,41.44,39.9,40.81,13.41,40.63,22.4,42.16,11.03,41.99,36.61,33.43,39.97,33.41,19.78,27.85,29.16,30.93,16.07,28.67,24.38
"438","2017092100_36",30.97,19.31,27.14,20.12,26.98,34.37,13.5,31.33,36.28,8.99,34.78,38.46,39.56,43.74,40.48,32.93,21.94,47.07,35.7,16.98,49.43,27.55
"439","2017092100_2302",25.9,36.14,33.48,19.48,28.86,6.3,37.58,20.51,30.36,37.59,34.77,44.35,42.71,38.59,36.05,31.94,32.85,31.65,35.57,29.07,33.95,23.5
"440","2017092100_1836",25.74,35.85,34.43,18.25,30.21,2.2,38.2,18.84,32.16,38.02,35.11,41.51,43.77,40.03,37.42,30.47,35.91,33.68,36.61,28.18,35.98,24.09
"441","2017092100_1484",25.47,37.5,34.97,18.49,26.67,6.08,39.76,19.56,33.51,39.35,35.96,41.74,40.12,40.03,38.31,29.98,37.9,31.68,37.23,27.62,33.84,21.76
"442","2017092100_110",38.62,22.28,35.06,21.98,38.07,37.34,15.41,37.1,39.04,10.45,38.63,37,35.67,37.29,36.53,35.42,21.96,38.21,30.89,19.29,39.9,27.99
"443","2017091800_578",0.61,9.49,34.91,22.1,37.41,35.91,20.82,32.34,35.96,37.79,35.37,17.71,18.85,23.21,20.77,32.99,13.38,17.02,30.67,19.96,10.84,16.01
"444","2017091800_35",83.92,93.6,83.1,94.07,81.42,99.91,81.99,83.9,84.01,93.87,105.58,14.57,20.37,18.05,21.06,27.42,23.13,31.18,20.96,34.38,24.55,18.72
"445","2017091800_2786",4.72,9.27,21.12,40.5,37.2,20.21,33.87,38.1,36.18,38.05,35.69,26.86,29.19,23.4,30.8,13.74,21.32,25.37,23.89,20.43,11.77,16.03
"446","2017091800_2295",39.68,25.33,39.17,4.92,25.28,36.86,37.83,37.92,37.38,25.45,12.17,33.55,27.48,29.89,13.21,22.48,19.86,17.55,27.72,13.71,21.75,20.15
"447","2017091800_1797",115.35,109.94,85.36,99.25,84.25,85.32,99.46,88.32,85.94,83.57,87.26,33.49,30.41,27.51,31.5,20.36,42.08,34.42,25.97,36.82,43.13,39.44
"448","2017091800_1731",104.86,99.58,82.15,95.16,79.84,82.98,96.08,86.16,82.43,80.23,83.79,38.62,33.52,33.09,35.33,24.25,41.61,37.1,29.39,37.43,43.44,39.78
"449","2017091800_1176",113.8,106.13,82.02,97.84,82.14,82.89,99,85.12,81.09,80.86,83.35,38.13,32.34,31.33,34.11,19.98,38.78,37.25,26.24,36.16,43.12,40.02
"450","2017091713_37",110.61,98.5,98.93,84.33,82.03,80.63,105.61,82.22,90.26,84.25,81.72,11.06,15,16.84,25.92,20.71,30.7,10.68,18.76,19.65,11.45,15.73
"451","2017091713_3573",104.08,83.34,81.08,78.07,76.25,77.94,78.17,83.28,73.58,76.95,76.43,12.42,28.72,7.9,7.94,38.76,20.23,24.47,14.66,10.75,17.02,5.72
"452","2017091713_3202",111.18,84.57,86.3,79.36,79.75,78.83,77.59,86.06,78.6,80.29,80.11,15.88,33.58,8.83,11.29,25.08,29.27,34.49,21,14.8,17.71,6.22
"453","2017091713_2798",93.19,112.82,80.22,82.37,95.71,80.91,93.66,81.46,68.71,93.26,80.48,16.49,13.21,20.72,17.49,33.1,35.96,24.92,39.51,16.26,23.8,24.02
"454","2017091713_2555",5.49,20.43,20.59,38.08,39.4,39.32,10.05,39.29,21.93,36.77,37.7,37.64,33.66,35.49,25.33,27.47,19.46,40.05,33.34,37.3,43.7,37.76
"455","2017091713_2245",94.5,115.35,79.88,82.57,96.63,80.41,94.5,81.21,67.07,93.95,80.34,16.1,16.34,22.76,17.31,32.53,35.19,25.75,39.03,17.36,24.19,24.97
"456","2017091713_1491",94.3,115.01,81.68,82,95.58,79.54,94.04,79.28,81.14,93.91,81.57,16.86,16.89,24.55,17.5,34.11,38.98,26.81,13.48,37.49,25.73,25.09
"457","2017091713_1116",92.43,115.04,77.16,92.43,77.89,94.44,71.96,75.23,77.31,94.24,78.56,17.72,29.08,23.08,36.57,35.5,28.61,16.51,41.95,19.33,26.9,28.2
"458","2017091712_951",84.64,100.69,84.06,100.63,82.07,88.33,82.38,106.33,81.56,83.91,112.03,19.29,25.29,14.18,23.89,29.85,26.44,35.08,23.51,20.8,38.83,24.15
"459","2017091712_468",84.02,102.57,84.48,102.21,81.02,81.72,79.97,110.68,82.36,82.72,116.98,20.81,29.32,15.41,27.46,32.28,26.84,34.13,26.76,24.28,38.03,26.83
"460","2017091712_3785",82.73,97.98,82.16,97.43,81.39,85.51,81.41,102.55,80.94,81.91,108.74,25.39,40.22,22.48,37.4,34.9,33.61,40.82,38.44,27.35,45.15,40.96
"461","2017091712_3469",30.97,34.99,31.87,9.47,20.08,36.84,26.71,31.77,32.74,20.38,38.12,21.25,27.54,25.73,11.17,20.07,31.36,17.67,18.27,13.76,20.85,38.24
"462","2017091712_2215",37,27.73,36.66,27.53,39.61,35.06,38.84,21.83,38.83,36.06,16.99,28.79,20.69,31.59,22.1,19.95,18.97,14.48,20.31,27.12,12.47,18.73
"463","2017091712_2155",86.8,88.93,84.86,114.08,99.49,87.5,89.91,85.55,81.63,101.01,82.05,25.39,13.86,17.56,6.89,15.63,11.56,30.41,28.96,35.78,12.18,9.26
"464","2017091712_1852",87.07,85.45,84.89,118.83,95.9,83.43,85.99,85.67,85.27,98.16,81.36,25.59,17.06,19.2,18.56,20.29,14.55,21.35,27.67,31.37,19.23,11.94
"465","2017091711_966",32,19.78,35.61,36.9,18.72,4.65,39.53,18.16,34.81,39.22,37.99,21.71,9.94,25.65,30.05,17.77,17.22,17.24,14.67,15.42,20.03,12.77
"466","2017091711_564",89.7,91.79,87.4,85.55,98.48,108.69,82.24,97.64,88.38,83.58,86.42,12.39,17.21,14.05,9.62,15.5,23.59,20.47,17.37,25.21,17.24,28.95
"467","2017091711_3951",87.6,88.04,82.81,97.1,108.14,78.98,93.34,84.09,82.16,79.01,80.56,38.79,35.7,28.12,33.02,39.76,35.38,41.67,38.04,20.59,31.72,42.51
"468","2017091711_2576",99.48,81.68,109.69,82.43,84.86,85.91,99.94,103.99,84.05,84.15,88.98,18.62,29.14,20.2,17.56,19.76,14.26,20.03,22.47,21.68,33.06,22.48
"469","2017091711_1759",101.4,82.36,117.88,82.92,111.31,84.74,83.72,99.95,88.12,83.42,89.59,21.97,29.78,13.01,14.34,25.17,18.47,20.49,14.25,12.68,34.27,25.39
"470","2017091711_1360",101.11,81.84,114.38,82.83,110.65,85.91,84.09,100.61,85.72,85.19,88.74,28.12,37.11,24.93,23.02,28.28,27.58,30.21,25.31,19.7,37.5,31.09
"471","2017091711_1186",35.09,34.56,37.51,40.05,29.23,9.58,40.46,32.83,37.43,40.68,40.55,17.73,18.9,28.86,34.45,22.94,20.71,21.49,15.24,19.89,25.05,16.03
"472","2017091710_339",87.12,84.47,93.9,86.02,93.38,108.45,90.45,85.35,115.46,84.89,89.04,23.13,19.8,17.47,13.4,18.4,13.92,14.04,28.92,10.7,26.35,9.5
"473","2017091710_3348",37.1,41.04,38.94,38.09,39.83,38.1,40.41,35.66,17.77,5.81,39.63,39.96,37.29,32.24,41.04,34,23.86,19.96,35.89,33.52,35.33,29.59
"474","2017091709_968",15.52,36.89,36.09,37.13,20.37,35.05,19.06,35,1.94,22.11,37.19,30.63,29.67,27.34,35.95,21.99,27.24,27.75,19.03,32.31,22.7,31.94
"475","2017091709_567",102.48,84.73,85.56,85.16,98.07,86.88,98.29,86.18,111.29,99.84,83.51,24.2,27.27,23.96,17.9,27.03,27.17,26.12,34.69,23.45,28,20.92
"476","2017091709_38",20.4,6.09,20.73,35.86,36.66,37.48,12.61,39.62,38.33,38.56,40.32,43.75,47.6,38.22,31.52,41.07,24.53,43.36,40,19,27.62,38.66
"477","2017091709_3302",63.56,54.1,92.13,57.61,56.1,58.14,57.32,54.9,58.41,55.26,61.67,27.48,2.59,15.81,11.35,8.01,30.04,17.43,0.61,24.76,3.23,34.67
"478","2017091709_2995",15.94,35.03,40.08,35.33,17.28,36.56,17.55,46.82,3.51,18.43,34.75,26.48,21.24,35.28,37.59,35.19,23.4,34.19,19.61,26.32,31.73,31.02
"479","2017091709_2877",16.11,32.09,37.57,33.87,18.82,37.64,16.37,35.43,0.33,19.52,34.43,28,26.31,32.56,40.12,25.64,20.39,30.16,21.68,32.6,27.46,28.71
"480","2017091709_2549",104.02,84.42,82.35,83.24,82.82,98.2,97.95,83.19,114.82,100.1,82.23,24.35,30.94,26.54,23.77,17.91,26.84,25.51,37.45,25.57,28.33,20.07
"481","2017091709_2341",22.21,7.18,22.21,34.79,32.46,35,16.59,38.64,33.27,34.79,38.74,41.58,46.16,40.34,34.06,42.59,25.79,41.62,39.76,21.68,29.53,38.71
"482","2017091709_1968",93.98,79.26,77.22,76.49,76.14,88.96,89.04,75.97,101.54,90.63,79.8,18.76,30.56,25.08,21.27,14.36,20.64,17.56,34.17,17.86,27.15,19.5
"483","2017091709_1129",98.52,111.58,98.8,83,83.01,80.08,106.71,83.98,82.99,79.51,81.79,31.78,27.58,29.33,29.36,17.18,39.22,29.78,22.04,43.39,37.29,24.61
"484","2017091708_911",38.23,30.63,39.73,20.57,37.5,37.3,7.47,10.43,20.83,34.77,38.03,19.67,22.9,31.57,36.7,35.6,28.77,44.13,35.13,35.7,38.2,44.07
"485","2017091708_3651",33.62,39.64,21.22,33.44,37.49,38.58,21.01,14.01,18.12,39.14,40.04,29.77,28.7,26.17,21.64,21.42,34.31,26.75,22.56,22.18,13.1,18.84
"486","2017091708_3303",34.21,38.16,21.43,34.53,39.15,39.43,21.36,14.7,9.45,39.8,39.96,31.06,35.44,27.64,23.87,32.94,39.57,28.28,28.52,32.88,19.34,24.98
"487","2017091708_2715",86.75,80.57,98.71,86.69,80.54,80.19,99.67,101.76,103.25,79.96,78.88,21.11,14.85,24.86,30.12,20.1,9.8,24.3,22.83,14.46,33.73,27.59
"488","2017091708_2429",53.32,28.55,36.16,24.29,36.92,36.61,15.23,16.84,23.95,38.17,38.54,23.13,28.35,38.88,42.45,36.81,29.02,43.16,38.66,39.99,31.45,45.06
"489","2017091708_2210",87.97,81.63,99.53,87.73,82.17,82.23,100,103.23,108.83,81.4,81.9,21.27,13.6,25.1,27.77,18.63,10.77,24.23,21.83,14.7,33.27,24.6
"490","2017091708_1974",37.56,32.45,37.96,21.67,36.33,35.92,8.05,9.43,21.96,34.17,36.08,20.34,22.67,31.13,39.32,34.93,26.64,48.52,38.74,38.28,39.5,43.52
"491","2017091708_1361",53.09,28.78,35.74,21.59,36.24,37.52,9.72,13.14,21.71,37.78,38.53,21.99,27.62,38.44,40.05,36.05,26.63,42.31,35.53,38.43,31.3,43.04
"492","2017091707_3833",22.04,30.73,20.94,8.63,34.82,29.13,32.4,28.88,32.13,25.44,24.16,33.86,35.17,31.28,35.85,26.38,22.17,29.55,39.94,34.34,23.56,41.17
"493","2017091707_37",18.04,36.31,3.49,36.41,19.8,37.92,10.69,24.4,38.49,37.77,37.03,21.9,26.02,18.25,16.77,19.35,20.48,18.92,30.19,30.88,38.12,12.39
"494","2017091707_369",77.37,98.96,113.97,77.25,77.62,106.36,79.66,77.84,99.33,83.32,76.97,13.8,24.65,27.49,15.78,30.37,26.3,23.43,33.12,27.1,23.07,38.79
"495","2017091707_2953",75.63,97.99,111.7,79.85,81.35,79.37,79.41,105.71,97.66,82.54,77.26,11.05,19.03,18.11,27.61,21.01,23.83,31.37,22.34,22.64,17.89,39.05
"496","2017091707_1341",40.81,22.3,12.96,41.52,38.95,18.71,39.82,40.01,22.49,38.69,40.04,42.26,32.09,28.86,39.48,26.19,30.52,32.44,23.96,30.28,35.9,16.19
"497","2017091706_986",95.37,117.32,95.88,74.54,83.47,79.16,93.79,95.52,106.59,83.18,79.84,27.15,30.45,18.55,33.03,12.2,24.54,20.01,26.1,31.45,31.43,22.94
"498","2017091706_37",80.53,83.56,76.41,98.34,95.33,77.24,108.72,76.9,97.78,78,105.69,20.47,28.9,41.78,30.98,24.11,39.65,33.07,32.19,31.27,25.24,30.97
"499","2017091706_2860",26.09,2.67,22.27,49.91,38.26,43,26.52,25.65,14.92,38.96,42.31,24.67,15.19,34.08,18.32,41.84,27.3,32.1,26.23,18.64,20.42,29.95
"500","2017091706_2571",79.89,78.66,77.93,81,97.5,92.76,81.33,110.02,98.38,77.49,113.66,19.52,16.96,19.54,34.18,29.39,21.22,33.08,29.73,28.78,21.42,28.26
"501","2017091706_2317",25.99,0.98,23.86,48.76,38.34,40.38,23.93,25.46,14.36,37.04,40.68,32.42,31.97,36.22,20.01,35.18,30.8,37.09,33.35,26.06,25.02,32.53
"502","2017091706_2027",25.72,0.7,24.45,44.56,33.99,40.43,25.15,25.34,15.25,36.62,40.59,28.89,30.98,35.64,20.35,42.03,30.91,34.66,30.04,25.56,25.65,32.72
"503","2017091706_1255",45.47,40.2,42.39,22.98,24.23,43.11,4.65,21.34,44.2,44.1,9.8,32.22,25.83,13.35,25.68,13.82,19.03,14.63,21.51,21.83,28.84,20.43
"504","2017091705_655",82.87,95.49,83.01,82.86,80.97,81.55,82.26,96.66,77.8,106.11,109.14,20.32,20.47,17.07,24.54,14.91,20.07,30.59,16.75,13.5,15.44,12.18
"505","2017091705_508",2.57,16.67,41.2,17.12,37.21,39.7,36.45,38.44,38.2,41.56,40.79,15.33,16.56,10.12,14.01,27.38,9.25,21.58,14.01,18.93,8.51,9.16
"506","2017091705_4069",58.07,70.18,52.73,55.25,52.46,55.19,56.35,64.26,52.39,55.78,50.62,10.45,15.95,6.22,7.45,11.67,32.88,28.1,37.15,8.22,17.29,7.76
"507","2017091705_36",2.95,17.23,42.18,17.16,37.4,40.35,37.63,38.54,38.87,41.58,41.63,11.86,16.36,13.59,14.16,28.3,12.21,22.6,14.55,17.92,11.2,12.63
"508","2017091705_3272",76.83,98.63,80.34,79.8,82.58,80.28,97.77,76.37,81.65,110.84,106.11,40.82,38.6,31.86,37.4,30.27,35.45,36.57,42.34,22.9,40.04,36.74
"509","2017091705_313",80.55,94.03,80.94,82.01,80.96,83.52,80.48,92.32,81.1,98.62,101.83,34.64,44.29,28.84,41.67,32.2,37.16,44.98,41.38,27.8,40.44,44.18
"510","2017091705_2370",82.97,97.68,78.01,83.73,80.25,83,97.95,82.48,76.97,112.77,108.93,18.64,19.69,15.96,20.48,15.96,19.38,17.77,28.13,14.09,15.9,20.1
"511","2017091705_1874",38.54,25.81,39.76,37.04,38.89,38.87,25.66,39.48,42.08,17.12,19.75,32.95,33.91,35.82,29.44,36.6,32,35.24,24.78,40.75,33.56,30.36
"512","2017091705_1695",117.21,104.1,78.94,104.46,81.49,80.89,82.05,82.77,81.06,80.04,78.79,39.03,37.17,41.88,39.38,27.51,41.78,31.56,39.34,34.07,43.33,43.3
"513","2017091705_1345",116.91,105.17,78.84,104.73,81.39,80.71,82.7,83.97,81.89,80.23,79.09,33.1,33.2,36.18,37.36,23.48,41.85,30.05,37.99,33.27,44.61,38.06
"514","2017091705_1052",80.04,93.31,81.32,80.16,82.83,83.95,81.79,91.55,81.24,103.96,100.26,35.64,45.31,32.88,41.24,31.96,38.29,45.1,40.2,29.33,42.02,35.2
"515","2017091704_596",101.83,86.4,101.53,85.27,86.67,81.5,111.37,118.83,87.73,84.17,85.07,31.47,27.73,35.33,33.9,32,40.17,32.63,35.73,23.43,37.47,35.33
"516","2017091704_3967",65.53,64.97,63.07,57.07,64.63,85.2,63.27,64.83,69.03,58.6,67.6,48.7,41.27,20.3,53.8,30.43,39.57,45.5,43,32.1,52.3,48.97
"517","2017091704_36",88.6,85.97,91.63,86.43,85.43,113.37,88,105.9,87.7,88,85.9,23.7,24.9,35.17,30.3,28.23,29.6,38.83,28.23,19.37,33.37,31.23
"518","2017091704_3598",18.97,35.17,37.13,19.3,37.77,2.33,40.7,38.13,39.47,37.2,6.27,21.43,23.7,19.2,30.6,27.67,20.77,27.57,31.67,35.8,14.83,21.47
"519","2017091704_2980",99.3,84.83,98.37,84.13,83.7,80.77,108.3,115.6,85.9,83.57,85.03,29.57,26.7,32.43,32.3,30,36.67,28.37,29.83,23.6,34.87,33.87
"520","2017091704_2662",83.7,70.47,68.97,84.27,68.6,103.67,70.67,71.43,64.27,69.4,98.33,32.03,36.73,40.4,38.1,31.1,36.3,35.9,29.37,27.83,42.87,34.7
"521","2017091704_253",22.13,39.3,38.1,21.37,39.6,9.4,34.93,42.23,49.3,39,14,25.4,19.87,15.77,14.03,25.4,14.23,20.63,28.33,33.8,11.6,17.6
"522","2017091704_2505",26.47,36.57,27.63,34.33,35.6,3.97,36.03,10.57,36.67,34.6,35.03,29.67,33,19.3,30.47,32.3,23.9,15.2,25.5,36.97,21.8,26.67
"523","2017091704_1927",99,84.3,85,100.37,85.43,115.97,85.1,83.8,72.4,83.77,111.27,30.33,37.33,40.37,39.8,32.93,41.77,36.57,29.03,26.37,43.47,39.67
"524","2017091704_1780",99.47,88.3,83.77,100,84.9,118.67,82.7,82.97,82.63,83.27,113.5,37.5,36.37,35.4,26.6,27.63,43.27,29.17,23.6,21.33,39.87,40.93
"525","2017091703_675",105.85,85.1,83.89,97.55,98.47,86.83,114,81.9,80.7,82.75,109.97,32.12,33.62,36.75,32.72,33.43,30.08,33.02,15.68,26.72,24.05,29.62
"526","2017091703_3939",65.28,75.24,68.32,81.8,89.96,73.43,65.71,67.87,74.14,67.01,68.04,29.45,33.24,10.9,11.86,12.4,13.45,16.5,34.64,22.91,18.32,27.34
"527","2017091703_3764",15.25,33.14,33.79,21.42,20.46,32.33,7.48,37.34,38.14,35.7,12.91,12.99,13.68,11.19,13.89,11.59,17.12,9.23,30.01,19,23.99,17.69
"528","2017091703_3599",53.18,53.75,57.84,61.27,87.51,55.83,56.98,55.5,55.77,53.76,50.95,40.77,47.88,34.04,14.92,33.96,17.92,25.81,49.61,43.3,35.36,40.04
"529","2017091703_2881",99.49,89.6,89.78,97.63,96.93,89.83,104.88,82.11,79.49,79.83,108.78,26.09,37.88,40.4,32.98,34.26,29.07,31.74,23.21,26.14,24.92,39.62
"530","2017091703_2591",104.45,86.83,84.73,96.38,96.47,84.82,109.56,83.25,79.44,83.08,107.09,37.83,41.97,43.19,41.25,42.29,36.78,46.21,24.82,33.36,30.8,37.29
"531","2017091703_2376",107.38,88.37,88.1,98.2,98.14,83.9,111.58,82.47,84.33,82.04,114.16,33.78,37.17,40.33,31.27,32.32,32.56,38.64,24.22,34.35,29.01,39.31
"532","2017091703_2021",102.45,82.91,84.57,99.22,98.4,84.59,112.69,78.46,81.59,78.25,109.17,30.87,32.12,36.65,29.07,29.19,30.39,25.33,23.78,28.87,26.33,31.32
"533","2017091702_781",83.45,102.36,113.05,86.78,95.07,93.84,86.82,94.74,75.9,85.11,76.85,36.35,44.67,41.64,31.35,34.69,28.45,42.36,20.4,22.74,17.49,24.97
"534","2017091702_489",81.11,95.49,107.7,83.3,89.67,88.88,85.13,93.42,80.24,85.99,76.36,26.52,33.26,15.66,24.12,23.31,18.28,37.87,15.8,12.19,8.11,16.57
"535","2017091702_4307",79.72,80.34,111.39,84.8,98.45,80.98,114.27,83.44,98.73,82.24,83.99,25.22,22.4,17.86,27.54,21.1,32.45,19.15,34.18,23.06,18.37,15.46
"536","2017091702_3667",79.65,78.53,108.82,89.22,97.53,79.33,114.61,81.77,98.01,81.23,82.38,23.7,19.6,20.48,26.56,19.65,33.49,23.85,34.6,20.64,17.89,14.91
"537","2017091702_36",82.54,101.09,119.08,85.37,95.89,92.71,84.22,97.6,78.93,82.6,81.07,29.12,31.71,14.11,25.05,25.63,20.24,37.99,14.71,12.76,8.62,19.73
"538","2017091702_3372",80.26,79.71,107.79,87.27,96.45,79.3,112.47,83.75,97.13,82.72,83.97,21.67,22.82,20.32,21.5,23.45,30.8,20.95,35.2,21.43,18.42,15.32
"539","2017091702_3153",43.81,27.73,13.72,40.21,29.13,29.18,42.28,29.36,45.58,44.52,48.12,15.13,34.11,19.27,26.36,21.17,28.61,9.45,13.96,34.8,38.9,23.85
"540","2017091702_1560",82.59,81.64,108.78,88.59,98.28,80.44,111.84,83.93,99.12,82.7,82.45,24.13,29.37,19.15,24.51,22.72,32.53,21.45,34.96,20.09,17.8,15.15
"541","2017091700_662",32.61,20.66,20.25,32.05,39.91,39.38,38.62,8.76,35.47,12.73,36.76,38.31,35.59,31.38,21.13,29.5,30.03,22.32,35.2,37.91,34.64,32.59
"542","2017091700_38",32.91,19.75,19.87,35.15,37.47,36.37,37.47,6.76,38.28,12.42,35.12,34.99,36.76,29.67,19.85,28.08,26.68,23.05,34.69,37.06,33.76,29.18
"543","2017091700_3133",32.33,23.05,20.64,36.14,40.96,36.71,42.09,6.12,39.81,14.75,37.06,28.52,25.23,22.33,11.73,14.62,20.71,14.13,24.51,33.27,23.75,23.83
"544","2017091700_2662",39.28,36.49,6.47,35.58,33.52,39.17,21.63,40.66,38.99,35.25,21,29.11,13.43,24.31,27.95,15.53,31.42,24.04,27.01,17.64,34.48,22.9
"545","2017091700_2232",41.8,38.84,4.75,34.69,34.23,41.84,23.65,42.24,40.06,40.04,22.34,22.5,11.28,11.49,26.64,18.14,29.35,19.27,21.38,16.34,35.68,17.85
"546","2017091700_2191",69.09,69.74,73.66,69.67,70.79,67.24,68.97,92.52,68.77,74.94,68.11,24.65,23.61,26.89,26.04,25,23.59,26,27.66,23.7,25.31,26.13
"547","2017091700_1494",40.19,36.53,1.71,32.01,34.34,39.5,23.43,41.24,38.11,37.66,22.58,23.73,13.96,20.36,26.69,18.68,29.91,21.17,22.78,36.17,16.16,20.85
"548","2017091700_1310",86.22,97.7,98.55,83.71,79.42,82.08,80.95,110.11,83.64,105.22,81.74,31.13,32.66,39.47,44.58,36.96,36.3,39.19,36.12,25.22,35.21,33.99
"549","2017091400_913",89.33,84.92,102.06,85.25,86.36,114.27,85.64,108.02,85.16,102.16,86.16,28.66,37.1,18.49,16.4,27.91,16.54,19.61,16.46,24.99,20.27,32.36
"550","2017091400_3826",90.56,81.35,101.74,83.58,83.54,113.51,81.37,110.61,83.14,102.04,80.85,32.7,41.18,26.87,17.72,33.7,34.61,21.2,36.56,29.33,27.67,37.36
"551","2017091400_2560",114.98,83.71,84.06,95.82,98.77,81.78,85.49,112.96,88.49,82.46,81.29,25.49,35.89,22.41,23.83,25.41,30.98,14.33,20.26,22.47,19.29,24.44
"552","2017091400_2076",94.99,74.08,81.27,87.2,90.4,75.13,76.56,91.92,83.99,76.3,75.05,23.43,31.6,16.85,12.59,17.86,26.06,9.5,9.06,23.14,14.88,19.5
"553","2017091400_1877",17.31,36.04,17.56,34.73,35.04,4.33,34.59,9.46,35.38,14.13,34.53,36.43,17.45,37.14,44.16,27.11,40.99,38.6,39.3,36.32,31.88,23.11
"554","2017091101_37",101.12,114.62,84.52,84.02,82.4,82,101.59,79.86,110.35,81.55,82.93,22.83,20.09,16.02,29.91,19.94,17.43,19.78,14.71,21.39,13.81,24.75
"555","2017091101_3070",85.61,106.38,65.2,64.34,62.97,64.35,88.81,66.8,97.67,50.92,63.12,22.47,17.91,18.05,30.07,22.3,19.85,15.23,16.18,21.75,27.55,27.59
"556","2017091100_831",42.48,20.43,42.51,39.2,39.27,37.17,21.01,39.31,2.59,36.34,5.17,15.57,24.44,14.12,18.23,22.47,25.74,25.32,34.35,21.63,29.02,22.75
"557","2017091100_63",36.78,20.2,38.5,38.39,41.91,35.93,20.33,38.05,12.63,34.44,6.34,28.14,33.58,20.14,26.21,28.53,30.97,35.6,41.31,34.56,35.05,38.09
"558","2017091100_448",95.3,116.25,83.87,80.44,80.8,92.89,95.26,106.6,102.92,83.88,83.66,31.5,36.36,39.75,29.83,25.71,25.72,30.64,30.11,37.77,35.17,22.74
"559","2017091100_3846",61.61,37.01,64.58,59.37,65.61,64.3,65.45,63.18,65.93,64.02,62.87,49.14,32.35,42.01,10,48.95,34.78,50.7,17.49,45.93,27.78,12.4
"560","2017091100_3599",76.36,101.19,78.32,75.21,79.76,81.4,99.92,79.77,116.5,82.1,111.29,39.08,34.95,42.87,35.82,33.5,31.21,33.19,21.79,37.62,26.2,33.88
"561","2017091100_3387",6.97,27.04,34.56,39.85,39.91,28.86,26.66,18.62,33.45,35.19,36.15,7.64,17.79,12.53,23.49,27.72,26.47,18.89,17.19,38.15,16.96,28.28
"562","2017091100_3097",79.47,100.1,80.32,78.11,82.91,80.42,99.67,79.56,116.58,82.59,111.99,38.41,35.35,42.06,36.97,34.68,31.2,33.37,21.2,39.71,27.19,35.96
"563","2017091100_2816",93.67,114.82,85.61,81.87,80.66,88.48,94.02,103.62,99.71,84.07,80.57,31.6,39.79,38.14,29.62,26.33,24.22,30.73,36.49,24.89,34.24,24.66
"564","2017091100_2338",34.88,18.42,40.72,40.72,40.39,38.85,19.05,40.28,8.07,37.86,4.53,27.46,27.84,18.85,22.67,28.7,31.3,31.81,41.91,27.43,35.89,28.69
"565","2017091100_2112",93.66,115.58,79.27,80.21,79.97,90.63,94.35,106.43,98.37,79.93,81.75,29.29,28.5,38.02,32.36,24.39,35.29,32.37,25.77,36.45,35.25,21.01
"566","2017091100_2073",77.23,81.72,100.88,66.96,68.43,65.42,78.15,68.09,79.8,70.16,79.79,29.85,27.79,26.44,41.22,31.82,25.18,31.48,15.51,22.19,21.95,25.44
"567","2017091100_1521",76.76,97.66,76.39,80.93,81.46,84.25,97.3,82.8,109.6,85.26,104.95,39.82,29.88,41.12,33.15,31.05,28.29,28.45,21.44,31.58,24.97,29.51
"568","2017091100_1415",25.59,4.99,43.36,39.03,39.2,32.54,24.87,16.25,21.45,35.73,39.14,26.17,23.55,20.8,25.32,28.06,29.86,26.74,21.91,31.24,23.11,29.26
"569","2017091012_594",117.05,110.69,82.22,97.17,80.14,83.13,98.09,85.56,83.01,86.18,84.68,27.39,30.34,32.33,31.01,24.66,37.82,32.73,32.79,39.78,26.37,35.85
"570","2017091012_44",32.15,36.77,22.84,35.04,23.2,18.2,31.71,37.44,33.75,9.29,30.48,28.52,33.19,37.23,38.42,35.98,37.15,36.15,26.23,23.19,43.38,42.86
"571","2017091012_3610",114.04,107.56,85.4,94.96,84.7,82.86,94.68,81.08,80.47,85.25,80.8,24.29,29.17,27.43,28.19,16.71,36,29.58,30.99,39.97,22.49,36.96
"572","2017091012_2546",88.77,84.26,97.28,83.62,92.46,102.18,90.11,83.64,86.78,108.52,85.46,33.89,30.74,33.24,24.39,30.34,36.76,26.04,36.5,40.36,38.7,21.02
"573","2017091012_2165",2.09,8.62,38.31,24.09,37.65,36.53,24.61,38.48,37.86,37.02,37.88,20.84,19.65,23.7,22.53,36.13,14.97,18.35,20.45,12.72,30.8,14.25
"574","2017091012_1756",0.44,8.74,37.83,25.03,36.49,37.34,25.45,37.69,36.96,36.19,36.74,22.68,20.66,21,20.8,35.21,16.33,19.22,18.65,12.16,30.01,14.43
"575","2017091012_1072",8.32,14.66,36.52,21.56,33.63,36.37,21.76,36.88,35.01,34.61,36.09,38.91,35.43,34.23,37,43.21,39.18,32.04,33.07,19.47,39.54,25.73
"576","2017091010_3635",27.13,2.23,33.98,28.67,30.68,21.36,42.21,30.11,28.2,35.12,34.86,23.89,1.21,15.38,15.67,21.3,7.38,19.45,20.28,14.87,8.85,14.27
"577","2017091010_35",84.32,84.71,85.62,85.29,113.04,99.21,84.16,85.71,84.34,84.96,98.61,30.12,27.83,13.43,11.66,10.25,17.05,17.65,26.4,23.74,8.03,18.44
"578","2017091010_3001",40.17,40.39,38.58,42.85,12.82,30.21,42.15,38.94,42.11,41.66,30.34,12.07,17.4,29.07,31.45,22,25.13,28.74,14.86,20.15,36.46,23.47
"579","2017091010_2968",38.34,40.7,34.64,40.52,21.95,28.94,39.33,34.44,39.64,39.32,30.47,20.02,27.18,40.98,41.92,44.74,37.77,37.57,24.17,31.44,46.33,37.01
"580","2017091010_2349",35.31,35.13,34.56,33.83,10.89,22.24,35.54,33.69,35.28,34.87,22.95,22.63,24.22,39.55,42,40.23,34.94,35.22,27.16,31.1,44.8,34.03
"581","2017091009_575",88.79,86.12,86.67,83.92,102.89,118.48,81.71,101.43,86.12,83.15,83.76,13.62,19.39,14.25,10.57,15.34,16.15,22.1,20.2,26.72,19.39,29.81
"582","2017091009_3331",47.48,40.03,49.81,51.7,52.28,42.87,54.96,39.13,52.02,53.73,54.04,39.05,32.72,34.2,39.26,43.88,39.95,31.31,30.6,20.91,37.47,18.16
"583","2017091009_3135",36.08,34.43,35.53,36.51,25.96,17.09,38.32,26.4,37.14,37.6,39.08,17.62,33.02,38.6,42.9,37.43,36.06,33.78,34.26,18.98,35.58,16.71
"584","2017091009_302",37.62,1.66,17.99,18.34,35.9,35.47,8.81,37.39,37.27,17.93,34.91,32.42,10.4,30.23,24.03,20.85,29.77,20.7,14.86,27.21,25.47,31.45
"585","2017091009_207",37.71,11.03,16.02,20.52,39.21,35.91,4.6,37.87,41.08,20.28,36.57,23.98,24.39,13.84,20.66,19.34,28.34,13.99,19.41,16.56,18.68,32.74
"586","2017091008_44",23.04,38.57,16.08,41.77,13.77,40.65,22.46,37.59,38.15,37.39,38.41,27.4,22.65,21.98,31.3,17.33,28.67,23.16,33.3,27.85,21.8,26.29
"587","2017091008_3892",31.24,39.18,28.38,39.05,23.74,38.83,32.73,37.37,38.26,38.87,37.61,38.99,27.93,41.2,37.31,27.31,38.62,41.7,40.1,36.25,24.62,30.61
"588","2017091008_3755",18.71,38.89,2.87,35.9,9.35,34.12,18.84,33.94,35.94,35.22,38.09,22.49,19.19,27.71,28.99,24.44,27.26,24.75,32.43,25.15,17.48,20.33
"589","2017091008_301",18.4,37.87,2.29,40.26,5.96,39.3,17.97,36.52,38.35,37.9,39.01,32.16,22.92,35.15,35.59,29.81,34.29,28.98,33.73,26.16,21.16,23.83
"590","2017091008_2911",28.85,41.22,42.78,27.61,44.44,42.88,17.86,38.41,43.13,42.76,19.43,17.31,24.83,28.64,25.06,15.98,26.54,25.13,33.02,19.97,35.28,14.66
"591","2017091008_2441",97.44,79.95,107.46,81.35,112.43,81.58,80.61,97.58,82.64,82.5,79.58,37.71,38.07,34.83,26.33,37.98,22.23,28.37,35.31,33.84,41.62,36.44
"592","2017091008_1323",17.12,30.76,35.03,19.06,34.91,32.25,4.09,34.77,31.98,33.99,2.22,24.07,21.28,35.22,32.82,18.1,26.95,24.91,24.61,21.02,34.83,24.53
"593","2017091008_1063",98.19,80.16,103.27,80.67,108.79,84.21,79.85,97.84,80.01,84.64,81.53,41.03,39.47,36.88,28.82,43.53,25.64,30.27,38.73,33.25,39.78,39.5
"594","2017091007_948",24.14,17.73,36.08,37.16,20.35,37.04,37.17,35.6,37.97,3.64,26.36,36.12,36.91,37.2,15.49,22.99,32.38,22.13,41.98,24.68,34.76,16.9
"595","2017091007_3685",28.19,21.74,34.87,35.15,27.5,34.72,36.4,36.7,35.9,2.89,18.3,22.43,35.4,34.07,15.89,21.51,26.51,18.01,40.04,20.34,31.96,21.69
"596","2017091007_3383",98.28,110.66,98.83,86.59,81.9,84.55,106.8,83.78,85.59,80.26,79.82,41.54,42.64,39.09,34.31,22.62,40.55,35.15,30.01,44.93,35.41,33.73
"597","2017091007_2866",25.48,20.05,34.54,37.11,24.75,35.83,35.77,36.99,35.78,9.37,17.9,22.91,32.38,27.99,13.07,16.09,23.31,14.87,36.64,18.25,26.71,18.3
"598","2017091007_2435",91.72,99.52,92.15,85.69,87.33,91.36,85.5,85.35,89.81,116.56,100.69,34.3,28.55,28.49,42.35,41.92,31.72,40.82,20.85,39.43,33.8,39.27
"599","2017091005_955",111.94,81.35,101.07,101.16,80.54,78.49,114.67,80.56,85.95,79.98,78.43,26.63,34.66,20,21.18,30.47,12.26,21.79,18.33,22.81,15.19,23.02
"600","2017091005_3982",106.6,83.39,99.38,99.76,84.7,84.59,111.54,79.9,84.51,81.6,79.93,16.88,32.8,15.29,16.03,26.86,10.72,10.4,19.07,18.23,14.95,21.12
"601","2017091005_35",107.23,83.05,82.22,100.24,100.42,85.41,118.64,114.04,79.86,81.41,81.99,25.46,33.71,37.97,27.38,27.79,21.26,26.29,23.81,15.23,25.98,21.57
"602","2017091005_2563",106.72,83.96,84.31,100.03,100.1,87.7,115.39,111.36,80.53,81.75,81.09,25.48,28.01,32.51,23.68,24.4,17.18,23.01,21.74,14.43,22.93,17.46
"603","2017091005_2110",9.56,34.96,22.06,23.05,35.98,35.64,5.23,37.94,33.37,35.56,38.92,38.49,19.97,39.45,36.37,24.49,44.03,43.38,36.69,35.88,38.2,33.98
"604","2017091005_2033",111.26,86.18,98.47,98.65,84.29,82.92,116.6,80.39,84.73,82.78,80.74,21.61,33.27,18.05,18.72,29.85,12.03,18.13,20.25,19.89,16.04,21
"605","2017091005_1763",110.37,83.74,100.02,100.38,82.66,83.17,117.4,82.6,86.09,82.76,80.71,19.06,31.57,16.55,17.67,27.26,10.54,14.53,17.72,19.06,15.38,20.41
"606","2017091004_851",34.41,17.24,31.69,27.12,29.65,5.21,32.86,34.23,36.72,27.01,25.06,9.17,18.07,27.52,12.9,15.53,13.59,14.24,19.5,23.21,10.92,14.7
"607","2017091004_4127",79.75,102.74,91.08,76.84,91.04,111.57,83.41,99.8,76.54,81.38,77.18,39.67,41.28,35.7,29.54,34.19,37.48,45.07,27.34,21.09,18.2,28.26
"608","2017091004_3757",79.54,106.94,91.86,79.45,93.29,118.61,84.91,102.18,77.32,84.18,80.83,38.36,37.9,34.52,26.43,31.75,34.97,43.8,24.02,20.28,17.78,34.42
"609","2017091004_37",81.22,103,109.42,91.41,84.21,91.48,83,99.52,76.31,85.3,82.43,35.71,33.16,26.39,27.78,24.33,25.75,38.89,23.41,21.27,18.72,31.97
"610","2017091004_2995",76.93,103.14,79.37,99.85,80.61,81.13,78.69,79.41,101.09,98.59,112,40.42,26.37,17.78,35.31,33.2,37.88,27.78,23.42,36.43,30.45,42.76
"611","2017091004_292",39.56,16.89,36.35,20.65,35.17,6.34,34.97,36.61,37.4,20.86,21.7,14.18,28,33.59,19.93,22.95,27.93,20.31,26.9,28.83,19.05,24.05
"612","2017091004_2462",72.69,102.72,81.85,99.58,81.66,82.88,79.25,80.63,101.93,99.39,115.7,36.63,23.34,18.56,29.78,29.72,33.64,26.39,23.48,32.44,28.54,28.04
"613","2017091004_1611",40.86,17.7,7.39,31.41,38.48,29.41,36.71,19.96,40.92,36.1,40.37,17.66,17.39,25.36,21.49,22.37,24.63,14.34,31.75,33.43,38.71,22.16
"614","2017091003_878",82.48,75.77,78.26,97.35,94.8,75.87,116.67,78.09,99.86,76.45,108.97,24.58,44.27,20.07,27.21,39.69,42.03,34.71,32.35,30.49,24.92,31.15
"615","2017091003_3631",41.01,43.98,41.01,31.12,40.3,47.06,41.61,44.85,41.9,40.82,23.45,24.73,31.38,18.08,43.81,46.33,6.9,34.88,48.85,41.36,16.55,43.23
"616","2017091003_2078",83.11,76.53,78.69,100.19,99.21,76.01,110.1,78.66,101.18,76.79,113.09,19.07,40.11,16.56,22.62,29.36,36.71,16.99,27.61,24.07,20.33,10.86
"617","2017091003_1954",80.33,96.21,90.15,81.13,84.04,81.24,85.37,113.12,69.4,104.62,84.67,18.45,23.94,32.98,40.18,24.17,21.88,28.41,18.34,17.37,20.89,15.84
"618","2017091002_36",28.13,28.2,31.17,29.5,33.33,1.27,15.93,33.4,30.33,15.67,30.73,33.23,18.5,28,35.07,33.5,23.53,27.2,32.8,28.93,25.87,22.53
"619","2017091002_2026",80.61,80.93,101.92,79.3,115.41,81.21,98.62,78.82,78.83,78.06,99.12,32.23,42.87,29.87,42.52,35.7,29.2,31.54,35.48,25.16,40.46,33.14
"620","2017091002_1766",89.37,87.18,83.86,99.4,80.83,112.19,99.32,81.08,83.22,106.58,86.79,32.96,42.62,31.17,35.45,26.23,44.92,38.3,27.71,33.93,39.02,37.33
"621","2017091002_1662",86.38,83.54,84.67,89.25,82.11,108.97,99.93,82.42,85.68,100.36,85.07,41.75,43.41,34.84,33.57,29.55,37.27,35.27,31.81,36.87,36.73,41.16
"622","2017091001_872",114.78,99.61,98.92,79.94,80.8,80.18,107.6,81.16,82.1,81.84,79.5,44.29,39.75,30.27,38.95,31.2,42.52,43.71,28.68,35.5,20.21,24.43
"623","2017091001_36",15.28,23.64,23.23,39.34,35.36,39.56,17.47,35.59,35.68,36.04,37.58,47.88,37.75,34.93,27.71,31.57,21.71,41.49,33.9,37.67,42.85,39.82
"624","2017091001_3439",38.48,21.64,9.15,38.96,38.69,15.28,38.09,36.64,39.01,21.48,34.99,43.49,35.21,43.44,38.43,29.13,38.4,26.14,22.23,34.96,32.73,33.39
"625","2017091001_330",82.08,97.13,106.89,80.36,80.78,99.77,79.27,85.26,79.58,98.01,81.05,18.96,33.86,33.3,23.27,29.6,33.46,36.89,33.52,25.44,35.12,34.84
"626","2017091001_3190",117.34,99.03,99.57,80.77,80.23,83.34,110.88,81.62,81.24,82.68,81.12,41.8,37.49,32.28,36.95,32.06,44.78,35.86,30.05,34.46,21.61,25.31
"627","2017091001_2903",39.87,20.63,3.85,39.24,35.73,12.9,35.16,33.86,40.38,22.34,38.62,41.41,37.19,44.67,39.77,34.16,39.45,29.32,22.79,37.1,36.62,35.36
"628","2017091001_2501",77.5,90.42,107.1,79.94,78.23,100.06,78.95,82.76,78.01,91.68,81.12,18.12,34.44,35.74,23.03,31.5,35.82,38.32,38.06,27.43,38.34,35.63
"629","2017091001_1653",117.88,99.26,97.79,81,77.73,80.83,110.58,80.26,82.22,80.24,81.51,36.8,34.91,27.42,36.98,32.54,41.01,36.32,28.45,34.6,16.95,23.42
"630","2017091001_1421",40.06,19.48,6.64,39.31,35.37,13.29,36.9,38.59,42.05,21.02,38.73,43.12,34.36,40.66,38.58,32.97,36.87,26.74,24.64,36.38,34.5,34.61
"631","2017091000_3404",102.79,80.33,80.79,69.45,99.83,83.72,95.26,99.39,72.9,113.54,83.52,26.13,27.23,24.99,33.04,21.81,18.82,16.6,30.93,19.09,26.92,33.42
"632","2017091000_3130",113.37,75.25,83.32,85.07,82.44,101.52,87.29,82.41,102.21,82.2,82.84,26.92,38.75,17.4,29.2,38.68,30.38,23.38,37.05,26.26,32.23,25.07
"633","2017091000_2189",19.59,41.07,39.87,41.44,21.4,37.44,24.12,21.7,42.21,9.65,39.04,26.06,26.69,29.1,14.9,24.84,33.26,29.66,22.92,40.3,23.31,20.86
"634","2017090700_4520",108.94,99.51,78.11,99.99,78.2,98.33,82.49,79.33,81.12,75.26,78.96,34.88,37.17,37.44,34.66,25.49,30.62,35.2,30.47,39.25,28,41.47
"635","2017090700_44",107.56,97.34,79.83,97.33,76.13,97.3,82.83,81.66,81.78,75.73,79.73,35.35,37.22,35.68,35.58,23.44,31.01,34.15,29.26,38.08,24.34,38.28
"636","2017090700_4347",117.17,102.81,79.32,102.66,73.68,99.74,82.1,78.84,80.7,72.47,79.12,44.29,43.46,38.62,34.06,23.53,32.59,34.89,30.2,41.28,26.32,42.53
"637","2017090700_3578",97.69,83.28,98.08,81.83,112.28,74.59,106.56,87.28,85.46,85.71,85.53,33.15,27.57,37.88,29.49,37.63,41.89,34.82,37.36,22.65,38.02,33.52
"638","2017090700_3196",96.26,80.2,96.81,80.39,112.02,82.41,103.74,86.12,82.77,81.9,83.19,32.31,28.26,41.16,32.25,45.79,43.97,37.19,36.64,20.44,41.12,34.6
"639","2017090700_2792",5.86,19.52,39.73,19.71,43.84,20.99,37.61,38.45,37.46,43.56,39.79,21.75,17.82,17.5,19.25,31.7,24.32,20.83,25.38,16.2,30.15,14.79
"640","2017090700_2353",18.05,25.06,29.67,41.52,27.16,42.41,22.16,46.07,41,42.12,44.22,18.77,17.3,21.92,17.87,26.96,38.24,23.63,28.13,13.33,32.21,14.62
"641","2017090700_1640",99.25,82.76,100.3,83.43,114.73,82.67,109.35,82.99,85.38,86.54,84.55,34.88,29.66,40.84,33.3,44.12,44.29,36.73,40.72,22.83,40.24,38.03
"642","2017090700_1241",95.45,80.15,95.52,81.63,109.7,79,104.18,82.3,82.21,80.13,82.11,31.24,28.45,41.92,33.31,45.82,40.63,37.1,39.83,21.86,38.47,37.02
