"","combid","Poss_1_x","Poss_2_x","Poss_3_x","Poss_4_x","Poss_5_x","Poss_6_x","Poss_7_x","Poss_8_x","Poss_9_x","Poss_10_x","Poss_11_x","Poss_1_y","Poss_2_y","Poss_3_y","Poss_4_y","Poss_5_y","Poss_6_y","Poss_7_y","Poss_8_y","Poss_9_y","Poss_10_y","Poss_11_y"
"1","2017101600_777",60.7,54.02,52.85,53.48,53.32,49.85,51.52,50.23,53.03,51,58.12,27.05,41.08,12.6,8.29,34.92,16.68,30.84,20.54,39.37,28.97,6.74
"2","2017101600_45",78,78.73,78.51,74.54,70.5,72.36,80.75,75.98,77.44,64.12,81.09,7.33,40.42,36.79,17.99,15.35,39.9,20.74,15.07,31.99,24.43,28.61
"3","2017101600_3188",40.08,38.29,36.19,39.72,39.04,39.45,33.67,40.86,38.86,56.64,35.27,43.25,11.27,6.29,24.74,42.44,8.78,21.71,29.05,15.52,24.75,17.24
"4","2017101600_3024",64.55,75.05,79.36,76.22,75.88,80.51,79.13,79.28,77.93,80.07,71.8,27.26,15.32,40.66,43.98,20.77,37.39,31.46,24.32,15.63,27.46,45.41
"5","2017101600_276",52.12,43.63,41.23,40.54,37.53,37.54,39.59,39.59,40.39,38.83,47.59,23.4,36.15,17.31,9.8,13.5,17.16,28.65,34.08,37.49,24.5,5.34
"6","2017101600_2487",55.72,40.06,38.95,42.37,42.39,40.72,38.94,40.5,39.18,40.4,48.86,35.8,17.79,42.75,44.61,26.26,37.12,34.98,29.51,20.96,30.6,45.39
"7","2017101600_2125",56.46,40.89,41.13,43.08,40.45,40.75,42.07,40.57,40.7,38.66,49.16,38.2,17.66,43.96,47.45,24.81,38.28,35.73,28.61,20.67,30,46.14
"8","2017101600_1783",54.08,37.77,39.04,40.35,37.02,36.71,36.21,37.07,36.51,34.94,48.15,36.73,16.27,41.04,43.93,23.51,37.51,35.16,27.95,19.35,29.02,44.29
"9","2017101600_1050",41.82,40.67,39.66,40.86,45.49,42.19,37.39,41.73,41.22,56.41,37.84,37.57,13.67,8.6,28.43,41.84,11.07,24.07,31.85,16.86,26.21,19.01
"10","2017101511_431",46.76,47.27,52.83,47.24,47.66,54.62,45.89,46.22,53.61,48.64,61.17,24.53,7.74,13.9,17.87,29.08,8.85,35.08,20.86,37.22,39.11,23.63
"11","2017101511_4158",70.72,70.51,66.5,69.12,70.73,63.88,74.07,71.48,65.73,71.42,55.56,27.53,10.63,14.63,20.99,35.02,9.68,39.83,31.33,43.4,43.56,29.31
"12","2017101511_3897",68.86,69.45,66.35,71.19,64.29,66.76,65.26,63.03,68.49,78.23,66.56,31.72,45.01,41.28,27.77,43.47,30.31,47.78,47.76,46.37,18.42,32.13
"13","2017101511_36",42.11,40.96,46.15,41.92,41.84,49.57,41.65,41.84,49.05,44.05,55.17,26.11,9.45,15.02,19.19,28.79,11.11,32.6,22.25,35.36,37.4,22.37
"14","2017101511_2227",59.48,73.34,76.56,79.52,76.66,80.48,80.36,77.4,80.66,67.92,79.65,21.65,3.46,28.23,14.28,24.8,36.76,17.17,15.64,7.02,36.96,30.04
"15","2017101511_1990",74.58,70.73,75.71,75.08,62.81,76.9,76.9,68.28,71.25,59.62,77.71,12.58,15.7,22.96,33.82,15.51,38.68,25.68,44,43.89,29.38,29.24
"16","2017101510_602",53.24,40.47,42.98,38.55,40.26,45.67,38.5,42.57,37.69,39.27,41.07,24.82,12.16,35.29,29.52,15.52,15.53,25.15,17.47,35.06,30.8,20.8
"17","2017101510_36",59.5,45.39,48.48,44.76,45.38,48.45,44.49,46.37,43.61,44.87,44.88,23.48,14.54,35.58,29.59,17.5,14.93,26.91,19.16,35.77,33.09,20.83
"18","2017101510_3114",51.37,37.22,42.39,36.87,37.32,43.86,34.34,39.24,34.61,35.45,39.93,25.54,11.61,33.46,30.89,17.63,18.26,27.58,19.74,36.6,31.9,23.2
"19","2017101510_2957",55.23,71.43,69.68,69.11,73.64,73.42,71.55,70.49,67.59,74.79,75.16,28.73,43.48,25.74,22.68,30.77,36.35,46.57,20.83,16.47,40.17,33.43
"20","2017101510_1915",67.67,47.22,49.77,51.46,47.37,45.61,45.62,51.01,52.46,46.07,45.14,30.72,8.13,24.85,29.23,20.96,13.83,5.13,30.52,35.27,11.57,17.14
"21","2017101510_1611",61.85,49.22,50.48,50.93,49.19,49.85,48.65,49.93,53.72,48.49,48.57,28.45,10.36,30.18,32.84,28.1,17.91,5.4,36.21,36.46,14.01,22.7
"22","2017101510_1576",70.8,48.28,45.04,46.83,46.34,48.13,46.89,45.4,43.81,48.95,46.08,34.9,20.07,37.85,40.82,35.79,29.83,11.69,42.24,46.21,27.62,32.74
"23","2017101509_939",63.36,56.18,59.46,61.66,62.9,60.19,48.29,62.52,63.46,62.38,59.95,9.77,37.13,38.76,25.9,21.74,29.88,22.43,17.88,14.59,19.44,7.5
"24","2017101509_523",71.63,71.82,77.15,69.06,73.09,77.4,75.9,74.05,79.15,71.7,61.45,21.92,25.84,20.93,42.98,13.72,31.47,43.23,40.7,16.85,34.92,26.1
"25","2017101509_48",71.1,72.09,74.95,70.07,72.31,75.44,74.96,73.24,76.38,72.41,60.17,23.49,26.79,20.97,45.17,11.52,32.68,45.59,42,16.03,36.91,27.89
"26","2017101509_3358",60.66,58.06,59.13,58.2,57.54,56.56,58.52,58.1,57.91,64.51,58.44,30.91,27.84,34.36,49,21.62,10.22,12.92,37.89,19.56,25.74,5.12
"27","2017101509_3201",79.39,72.07,75.72,80.14,77.56,66.51,77.8,79.2,78.4,72.94,79.37,11.69,36.86,36.29,25.93,31.22,19.46,17.16,15.8,20.13,10.5,24.96
"28","2017101509_1566",77.14,72.31,73.87,75.7,73.52,74.59,61.17,73.06,76.79,74.15,69.39,18.17,49.13,46.96,39,23.81,42.05,31.54,28.8,35.84,31.09,15.1
"29","2017101508_80",64.95,71.34,73.59,73.38,65.82,75.7,78.18,77.09,73.59,78.23,74.21,28.62,43.17,19.99,17.92,38.89,45.89,18.47,39.34,14.61,36.71,22.2
"30","2017101508_571",40.59,44.39,41.82,41.56,57.51,45.91,41.9,42.45,43.8,46.04,39.2,12.04,32.68,14.54,29.45,22.65,27.12,17.52,21.07,5.74,24.08,7.79
"31","2017101508_449",61.24,70.89,73.25,73.18,65.01,74.9,77.13,75.64,71.21,69.9,67.15,31.59,43,22.05,18.98,36.09,46.87,20.15,40.16,17.07,31.9,23.98
"32","2017101508_41",45.71,47.81,45.62,45.12,59.68,47.89,44.22,44.51,46.09,48.01,44.11,11.91,34.26,13.86,31.38,23.3,29.65,16.79,24,5.66,26.48,9.4
"33","2017101508_3893",63.33,72.24,76.66,66.5,74.93,72.64,79.58,79.83,77.57,72.73,76.04,30.81,45.33,23.86,38.69,20.38,40.49,46.68,19.78,40.15,17.4,29.92
"34","2017101508_2806",76.5,76.17,74.95,77.78,61.29,75.01,77.39,76.34,74.86,73.69,77.85,40.93,18.54,39.16,21.6,28.99,26.15,36.75,32.27,46.87,28.92,43.04
"35","2017101508_2207",58.59,47.56,45.09,45.42,48.7,43.25,41.17,43.34,45.9,45.88,46.18,29.62,42.85,24.88,17.98,41.13,44.71,19.06,38.44,13.82,35.2,24.88
"36","2017101508_133",41.77,43.62,47.53,40.35,58.49,43.36,41.95,39.61,43.89,43.88,40.69,24.57,48.84,32.39,46.95,33.43,41.87,31.41,39.71,21.3,39.47,22.36
"37","2017101508_1008",70.52,77.22,83.32,84.31,84.21,84.69,90.49,82.93,80.52,84.48,83.05,30.52,44.4,23.92,21.16,38.04,45.92,17.41,41.91,19.2,39.03,28.95
"38","2017101507_597",61.23,42.93,48.73,40.29,51.2,42.65,41.13,42.34,42.93,39.11,37.95,25.4,29.25,39.7,27.26,6.92,33.55,37.63,17.49,13.96,9.55,20.81
"39","2017101507_4223",43.39,50.59,48.62,50.85,50.19,50.86,47.6,48.15,47.19,50.21,47.77,41.45,0.61,22.68,8.89,6.95,3.58,11.24,35.29,32.38,11.86,40.86
"40","2017101507_3940",50.96,48.86,49.62,50.93,48.5,49.84,51.75,54.99,52.27,43.62,55.04,45.58,10.36,43.29,24.29,26.03,18.47,44.81,45.51,43.44,24.67,44.22
"41","2017101507_37",70.96,64.54,63.4,72.76,75.95,75.36,71.21,70.59,72.84,74.73,74.28,46.36,16.35,31.94,39.16,35.01,31.45,29.25,12.59,17.69,23.15,42.82
"42","2017101507_3523",62.29,41.72,45.79,39.25,54.87,39.41,34.84,43.25,40.81,39.77,38.67,34.55,36.74,45.35,34.51,13.39,40.44,44.92,27.83,23.99,21.43,30.46
"43","2017101507_3069",70.75,63.8,75.49,76.69,77.91,74.86,72.37,76.82,76.43,69.78,75.96,45.31,31.43,40.88,33.65,31.51,27.76,14.91,19.67,24.68,12.46,42.85
"44","2017101507_2937",68.24,62.95,72.18,74.83,75.15,72.69,68.29,73.87,73.96,68.12,73.25,45.37,30.75,41.2,35.35,32.44,27.24,15.47,19.48,23.47,12.66,44.2
"45","2017101507_2377",52.74,56.35,47.68,45.01,45.59,47.01,51.65,48.49,47,52.34,46.99,8.57,23.01,14.25,17.71,20.95,26.85,39.42,35.41,30.5,42.75,10.23
"46","2017101507_221",59.67,41.08,43.99,36.74,49.33,40.58,39.69,40.46,43.3,38.39,35.43,27.7,34.07,42.67,30.67,8.57,38.03,40.31,20.09,15.83,13.52,24.34
"47","2017101507_2153",59.85,77.51,73.35,80.16,66.66,77.59,80.29,78.99,77.29,79.76,77.07,19.88,20.14,8.64,20.71,42.46,19.09,12.86,28.47,32.21,35.64,25.8
"48","2017101507_1977",59.66,77.66,68.98,79.73,69.29,79.07,79.69,77.59,76.61,79.4,82.32,25.96,25.07,13.91,26.78,45.7,20,17.17,35.62,39.74,42.68,31.9
"49","2017101507_1497",58.12,76.07,70.12,78.53,65.74,76.21,77.3,76.07,75.27,77.5,79.31,23.72,23.13,11.61,24.22,44.49,18.8,15.76,33.72,39.21,41.14,29.81
"50","2017101507_1063",56.81,74.93,70.25,77.8,66.32,75.36,76.63,74.09,74.05,77.32,77.78,23.74,22.12,10.84,24.16,45.91,17.73,13.56,32.05,37.54,40.66,29.73
"51","2017101506_4276",43.94,54.09,54.58,53.95,50.59,52.78,49.35,47.71,52.03,51.08,48.08,26.73,36.6,51.88,40.07,11.28,39.51,20.35,6.08,11.14,8.39,16.83
"52","2017101505_4063",44.36,43.31,43.03,47.11,42.12,54.97,42.68,45.12,45.75,48.87,41.55,35.11,26.22,31.5,36.97,45.4,33.21,21.9,44.78,41.7,25.22,16.82
"53","2017101505_386",40.59,41.45,39.85,40.06,40.1,54.7,43.53,44.75,44.87,45.09,43.76,38.46,26.1,33.73,30.41,41.98,33.38,21.37,18,39.97,45.19,18.72
"54","2017101505_36",82.54,70.72,59.7,80.08,81.22,80.6,77.47,79.79,80.3,73.62,79.3,19.69,14.21,18.62,29.44,24.14,33.63,11.56,18.08,9.23,32.49,14.13
"55","2017101505_3439",79.93,68.65,57.6,77.2,79.24,73.92,75.75,75.67,77.35,75.27,78.95,26.41,47.66,29.91,20.62,30.61,24.25,41.33,37.13,44.99,18.18,35.89
"56","2017101505_2728",37.52,51.75,60.4,38.37,38.64,40.77,43.05,42.43,42.54,38.02,41.33,15.88,37.75,25.81,9.34,19.87,10.47,36.22,27.13,39.09,11.82,30.63
"57","2017101505_1540",37.53,46.9,58.76,41.91,39.26,41.61,41.83,46.51,37.91,40.99,39.13,32.2,46.18,36.55,21.86,31.75,20.05,43.14,27.97,46.12,27.74,39.5
"58","2017101505_1061",80.44,78.62,76.63,80.58,75.96,82.01,67.56,76.59,77.5,74.62,79.39,25.29,38.95,20.09,29.43,35.14,18.04,29.51,40.09,43.2,23.34,48.9
"59","2017101504_986",76.88,74.71,67.26,76.8,71.72,61.58,75.53,77.24,74.61,75.4,74.48,39.39,26.18,20.24,29.85,35.8,26.12,20.71,37.3,47.68,44.88,23.33
"60","2017101504_657",70.38,68.17,61.89,68.79,65.41,58.86,66.39,70.83,69.3,70.32,66.06,41.45,27.12,16.48,30.49,32.36,29.15,19.53,37.03,39.09,46.98,23.51
"61","2017101504_525",43.79,39.52,60.24,41.53,46.44,48.72,41.73,38.52,43.59,40.98,42.34,22.88,24.62,18.02,14.81,35.06,8.63,12.63,23.63,18.46,11.2,30.21
"62","2017101504_4669",57.38,62.07,64.25,61.19,58.61,47.78,64.17,63.72,61.46,60.92,62.1,32.91,19.39,20,7.39,28.47,22.84,10.62,27.42,40.97,38.42,16.97
"63","2017101504_45",46.53,39.72,60.47,40.38,45.61,47.75,40.27,38.65,42.02,40.8,42.16,22.06,25.04,18.82,16.48,34.5,8.6,14.67,25.63,18.62,11.04,29.59
"64","2017101504_4086",58.83,71.96,54.27,58.61,57.34,67.96,55.69,59.84,59.22,60.95,56.1,31.24,30.61,31.63,25.19,43.25,12.56,35.12,22.72,27.21,19.95,39.6
"65","2017101504_3645",74.04,57.61,75.13,72.41,72.34,66.55,74.52,77.63,73.86,72.55,78.69,18.87,26.78,24.26,27.86,6.91,37.71,29.84,18.93,27.92,34.05,13.65
"66","2017101504_3224",53.36,51.3,54.81,49.79,54.75,45.22,53.38,51.59,53.34,53.46,55.49,12.82,24.64,14.95,22.68,9.32,32.81,24.89,12.96,19.47,34.53,10.37
"67","2017101504_297",72.91,70.84,64.28,72.56,69,60.97,69.93,73.72,73.25,73.09,68.73,41.88,26.47,15.56,28.07,32.83,28.2,19.87,36.33,37.87,47.4,23.45
"68","2017101504_2960",47.01,43.08,50.59,41.47,46.58,59.66,41.71,41.16,49.02,41.87,42.99,23.82,36.26,44.89,38.02,27.12,31.6,43.08,27.26,14.88,15.43,39.97
"69","2017101504_2436",45.5,47.17,50.33,43.85,48.24,58.75,45.45,43.81,46.6,43.45,46.23,14.61,26.53,37.35,24.43,19.03,26.61,34.15,16.65,5.54,8.11,32.24
"70","2017101504_1997",46.17,47.75,53.66,44.21,50.26,63.04,46.16,43.61,45.49,42.62,48.18,9.54,23.8,33.4,19.88,14.8,23.1,31.65,11.68,3.12,5.89,27.94
"71","2017101504_1583",74.62,77.83,59.83,77.1,73.39,70.47,76.75,79.37,75.36,77.13,76.9,29.91,26.4,33.31,37.46,18.19,43.77,40.62,27.09,33.66,43.05,22.06
"72","2017101504_1302",40.12,46.17,49.44,40.98,45.58,53.76,42.56,41.29,42.12,39.9,43.91,15.24,26.4,34.15,24.1,19.09,25.24,31.94,17.46,6.98,8.53,30.61
"73","2017101503_37",55.15,74.53,70.91,72.92,75.72,74.62,75.18,74.8,72.69,74.32,74.7,20.2,8.34,39.27,29.45,26.14,12.64,10.06,16.05,33.68,17.93,25.53
"74","2017101503_3490",62.56,46.32,47.7,48.74,44.14,46.85,46.55,45.43,47.72,47.08,43.81,27.81,41.69,7.62,18.61,9.99,15.01,39.53,32.42,35.87,29.14,22.28
"75","2017101503_3257",61.19,46.19,46.43,46.92,43.23,45.86,45.8,46.17,46.63,45.95,43.3,27.38,42.44,6.22,19.19,9.36,15.24,40.73,33.19,37.59,29.7,22.32
"76","2017101503_2788",52.3,65.99,62.35,63.95,66.84,65.65,65.67,64.82,62.81,64.9,66.88,23.21,7.7,42.82,31.67,23.97,13.1,11.65,15.83,36.45,18.33,27.56
"77","2017101503_2480",56.19,28.42,41.15,33.83,36.33,31.15,28.8,46.56,31.48,36.74,30.65,34.85,31,15.81,44.33,31.23,24.2,45,38.56,31.71,26.2,42.31
"78","2017101503_2091",58.56,73.6,67.47,69.53,70.95,72.57,64.33,72.51,68.08,72.18,73.28,23.89,22.2,42.06,11.22,29.8,34.97,22.27,22.82,5.77,14.98,38.34
"79","2017101503_1610",62.75,47.93,48.5,46.93,45.13,47.5,48.27,46.96,48.44,48.25,45.66,26.21,40.41,5.03,18.27,6.89,12.87,38.13,28.69,33.74,25.6,20.66
"80","2017101503_1266",64.02,83.66,76.14,77.67,79.84,80.59,69.31,80.46,77.97,81.8,81.4,28.87,32.4,17.17,39.43,25,18.75,35.31,33.12,43.65,35.45,16.81
"81","2017101503_1023",56.62,42.55,42.67,40.01,39.55,40.12,38.42,41.37,43.44,41.99,39.03,23.58,34.51,5.01,14.66,25.36,11.86,9.07,26.26,30.25,23.83,19.43
"82","2017101502_896",40.94,48.99,43.97,43.95,44.62,42.93,42.01,56.8,46.37,42.32,40.37,8.95,35.57,37.68,32.75,14.1,17.26,23.01,25.11,30.04,12.24,17.5
"83","2017101502_719",77.45,79.22,70.33,76.65,72.12,79.07,75.92,78.42,63.41,75.34,79.02,14.75,31.13,37.63,11.84,21.85,39.53,31.5,25.35,29.69,19.62,35.86
"84","2017101502_4156",40.94,59.38,55.69,44.06,53.63,48.78,62.41,60.46,48.05,45.07,57.67,27.52,8,9.64,40.51,6.99,30.9,5.48,5.25,22.1,30.56,6.77
"85","2017101502_2951",75.36,70.76,74.27,73.93,76.73,76.32,74.85,74.11,62.29,74.07,78.09,44.71,16.19,28.52,19.72,38.56,32.69,25.21,39.67,28.07,14.18,37.25
"86","2017101502_267",42.53,49.2,45.28,45.01,45.43,44.78,43.6,56.82,47.63,42.79,42.42,17.32,42.53,45.33,41.49,13.88,27.78,30.5,32.09,38.21,22.21,38.08
"87","2017101502_2581",74.54,52.35,52.45,54.03,57.34,55.53,55.02,57.69,51.3,54.83,55.14,26.41,39.35,22.41,24.2,38.17,29.54,12.61,21.37,35.56,34.82,16.91
"88","2017101502_2273",76.81,70.96,76.72,76.45,74.41,78.87,77.34,75.43,61.91,75.04,81.66,44.26,15.49,25.24,19.67,38.84,31.17,23.43,41.42,28.25,13.94,36.2
"89","2017101501_4369",41.21,43.58,41.9,47.77,60.61,43.85,42.74,44.81,43.15,41.99,41.88,20.18,15.46,11.57,38.9,25.12,23.03,34.65,27.72,7.34,29.8,16.42
"90","2017101501_4154",40.4,39.53,39.88,45.86,60.56,40.48,38.17,42.2,40.19,39.24,39.76,22.72,17.68,14.3,39.98,24.98,25.14,36.28,28.89,11.14,31.5,20.17
"91","2017101501_3984",41.92,49.37,40.57,61.1,40.35,51.69,49.42,43.93,43.17,44.27,43.02,38.55,24.93,46.14,30.51,41.59,24.91,33.92,19.85,48.25,44.95,30.16
"92","2017101501_37",44.29,47.06,61.1,44.76,46.05,46.5,43.8,45.94,50.81,47.6,46.7,24.3,13.94,24.28,17.43,29.41,21.81,8.71,36.06,25.38,17.22,32.49
"93","2017101501_3686",73.7,59.12,75.14,72.53,75.59,78.43,78.06,74.9,66.37,78.04,77.53,30.85,23.12,18.21,12.12,24.36,16.65,37.13,10.08,28.28,17.76,14.6
"94","2017101501_3317",37.17,37.77,34.37,44.93,57.3,38.16,37.6,39.79,36.34,39.89,37.51,38.55,42.1,45.52,19.8,32.62,31.44,21.42,28.57,47.67,27.04,36.22
"95","2017101501_2670",82.86,80.33,81.32,74.9,61.51,81.66,80.34,78.15,79.52,80.32,81.19,37.23,41.23,43.64,15.68,31.16,30.18,20.64,28.42,46.36,25.47,39.04
"96","2017101501_2631",44.79,59.47,40.66,42.78,41.62,41.23,43.44,49.78,42.89,46.77,44.37,12.72,21.93,19.77,29.69,17.38,6.91,36.36,31.03,26.94,14.66,33.01
"97","2017101501_2148",83.03,79.82,80.58,77.23,60.91,79.62,79.04,81.66,76.13,77.86,77.29,37.65,42.41,42.92,19.24,31.62,31.98,25.22,46.66,18.54,23.62,40.87
"98","2017101501_2095",37.12,39.31,38.42,43.63,57.87,39.04,39.77,39.77,38.6,40.58,39.58,19.85,14.74,12.12,38.01,23.91,22.91,33.7,28.4,8.38,30.01,17.29
"99","2017101501_1501",74.43,59.74,76.89,77.45,77.09,78.9,77.75,72.9,77.66,72.83,77.29,31.02,22.26,20.03,16.25,26.51,37.08,12.27,18.83,17.87,29.84,14.98
"100","2017101501_1086",71.87,58.36,76.82,76.81,75.28,77.65,75.1,70.34,76.48,70.09,74.87,33.38,22.3,20.63,16.81,25.55,37.02,9.47,15.31,18.63,33.74,13.82
"101","2017101500_742",67.56,79.3,68.38,70.07,77.01,79.52,80.32,77.81,81.3,80.63,80.55,18.43,11.87,41.16,7.81,31.48,19.03,23.43,26.35,15.49,7.46,36.16
"102","2017101500_336",67.06,79.13,68.27,72.13,74.04,79.35,80.2,76.97,78.44,80.41,78.7,18.1,11.72,42.13,10.03,31.37,16.87,20.82,24.9,12.67,8.49,33.05
"103","2017101500_3319",43.06,39.49,40.84,55.49,40.38,37.68,42.67,43.12,39.01,38.41,42.12,32.3,14,39.41,24.12,26.37,21.95,19.21,16.77,35.9,10.02,30.05
"104","2017101500_2975",38.81,37.66,38.95,52.71,40.44,37.13,41.09,40.46,35.93,37.52,40.67,33.71,16.19,38.97,25.29,28.18,21.86,21.1,18.7,34.29,13.57,29.94
"105","2017101500_2550",80.22,79.41,80.39,63.41,78.71,81.55,76.93,78.18,83.73,79.64,79.69,39.02,25.38,45.18,29.06,33.79,29.98,26.5,25.53,42.88,19.81,36.55
"106","2017101500_2254",69.64,80.29,79.71,64.31,82.01,81.46,76.35,77.35,79.05,78.97,78.17,22.79,30.42,46.44,32.7,41.62,36.5,29.25,27.09,33.13,23.48,40.07
"107","2017101500_1856",54.71,42.45,55.2,50.65,43.78,42.27,41.33,44.57,39.9,41.27,41.22,28.77,39.46,9.02,45,18.53,32.2,26.11,22.94,35.24,45.32,15.43
"108","2017101500_1324",55.32,42.49,53.74,50.63,43.14,41.37,41.28,44.21,40.77,43.43,41.47,30.4,42.41,9.3,44.4,19.9,33.35,27.96,24.84,38.59,45.07,16.68
"109","2017101200_35",56.81,40.77,36.74,39.84,39.25,38.05,37.41,44.12,38.29,37.64,38.52,25.95,10.38,22.8,33.43,25.21,12.69,18.16,40.48,22.36,42.61,30.15
"110","2017101200_3081",65.72,75.34,78.57,79.07,77.56,75.88,81.22,75.47,78.9,78.78,79.56,24.95,47.06,18.47,23.77,42.3,38.39,30.63,10.59,33.65,9.88,20.76
"111","2017101200_2729",47.54,38.54,48.95,41.57,39.4,42.03,43.7,38.19,55.38,39.98,39.81,41.46,19.8,17.9,20.95,33.55,17.37,25.87,30.77,32.84,40.58,36.14
"112","2017101200_2565",60.74,72.41,75.1,76.91,75.01,72.5,76.85,72.01,75.25,75.36,75.23,26.66,47.76,18.79,25.26,43.72,41.21,31.73,11.45,36.07,10.52,21.97
"113","2017101200_2352",46.31,39.77,48.16,40.62,40.34,43.39,42.42,37.81,55.17,39.08,39.09,43.39,26.2,19.09,22.75,34.56,16.83,27.82,30.34,32.91,42.13,38.69
"114","2017101200_2158",43.4,38.86,46.36,38.53,38.09,39.82,42.26,37.36,52.02,35.53,36.84,8.4,18.53,32.03,26.17,16,32.2,18.72,14.17,21.51,7.89,10.98
"115","2017101200_1737",45.75,39.99,48.25,42.66,39.3,44.5,43.95,38.12,55.96,39.26,38.33,46.64,28.83,20.02,26.31,38.23,20.03,31.42,33.54,34.71,45.39,41.39
"116","2017100900_853",56.94,57.27,60.58,45.59,59.33,59.47,59.09,59.38,58.06,61.25,62.15,10.91,42.31,29.83,23.77,18.89,13.26,15.55,37.76,33.64,21.14,24.48
"117","2017100900_4324",57.92,48.72,51.28,46.85,46.79,47.01,46.42,45.6,46.41,45.27,43.48,24.46,36.63,6.51,15.35,33.45,30.16,8.4,26.13,13.26,23.72,19.01
"118","2017100900_36",59.16,73.44,73.22,75.49,76.56,72.83,76.24,75.32,72.17,74.33,78.1,27.19,14.46,48.32,45.33,34.92,21.62,23.67,40.92,17.79,27.66,31.99
"119","2017100900_3410",73.8,70.2,57.86,75.11,71.06,73.08,75.15,72.45,70.23,71.38,72.76,30.41,20.76,30.61,37.96,23.73,36.31,45.4,16.96,27.31,38.39,41.34
"120","2017100900_3028",57.9,71.78,71.4,75.17,75.7,74.44,74.56,74.04,71.58,74.31,76.55,27.39,15.6,46.48,35.78,23,38.56,42.22,23.51,18.94,27.88,33.55
"121","2017100900_2851",39.82,61.17,40.33,43.19,44.86,42.92,43.21,43.56,44.91,47.12,45.26,31.32,31.69,29.22,33.78,39.77,31,14.23,42.93,36.68,20.95,20.93
"122","2017100900_2595",58.89,73.48,73.28,76.95,72.43,76.23,75.55,75.74,73.11,74.46,77.72,27.79,14.97,47.91,36.33,23.89,21.77,40.27,43.67,19.19,27.67,32.46
"123","2017100900_2224",42.55,45.98,61.25,42.43,44.81,45.53,44.2,43.47,45.65,47.47,46.69,29.66,21.13,29.48,24.2,33.08,37.38,27.46,12.78,43.2,41.7,15.83
"124","2017100900_1889",57.25,40.46,41.61,37.27,41,36.56,39.1,38.28,37.71,38.2,34.83,26.75,33.45,7.66,16.35,26.43,30.92,28.88,9.81,13.35,26.61,21.91
"125","2017100811_3905",71.35,66.78,65.57,66.39,67.14,64.24,69.05,65.7,65.37,70.37,63.52,25.05,32.57,21.97,51.87,43.79,44.36,26.04,51.62,43.31,30.08,52.94
"126","2017100811_37",81.92,71.8,73.95,79.47,77.08,79.72,80.08,66.74,77.76,79,82.16,17.97,29.01,6.62,33.25,7.52,23.61,15.93,20.07,10.23,26.96,20.23
"127","2017100811_3467",73.2,77.92,68.74,73.62,75.38,79.28,79,75.81,75.75,76.33,62.4,23.76,21.6,44.12,15.38,32.03,42.36,13.92,40.07,32.89,24.38,28
"128","2017100811_3132",49.16,45.9,41.96,37.94,42.68,41.7,39.29,56.08,43.74,41.84,37.26,23.18,44.8,34.63,18.57,40.78,31.32,39.07,32.44,26.51,22.94,45.98
"129","2017100811_2163",44.18,43.52,38.64,44.68,44.61,37.08,36.84,38.64,40.12,39.4,56.73,32.03,29.05,32.87,12.71,37.8,27.53,11.25,39.62,15.87,24.31,27.49
"130","2017100811_1308",79.33,81.59,84.72,78.75,83.44,85.44,87.29,88.14,83.86,82.54,64.58,21.09,22.76,19.26,38.66,11.06,28.07,39.79,14.18,35.28,30.73,25.16
"131","2017100810_370",67.89,80.88,81.77,83.02,74.64,78.77,69.95,80.02,80.95,80.83,79.81,28.97,30.49,23.88,33.76,15.03,19.74,41.43,36.5,39.5,14.4,27.16
"132","2017100810_3680",65.83,73.26,72.41,74.12,66.74,70.17,63.6,72.64,73.92,72.59,71.8,25.77,29.86,33.15,20.87,10.57,16.67,41.74,38.27,43.09,12.25,24.1
"133","2017100810_3113",72.12,56.65,59.95,57.64,57.69,59.93,59.23,57.08,59.23,56.87,55.68,30.42,26.53,17.08,35.99,23.82,41,15.4,22.16,46.9,39.94,33.32
"134","2017100810_2889",63.06,76.16,76.82,77.43,80.25,72.83,64.61,77.52,78.33,73.93,77,17.82,20.13,17.93,23.52,7.71,25.65,34.74,33.1,12.48,5.19,35.41
"135","2017100810_2684",63.54,45.68,49.55,48.93,47.75,50.22,51.11,47.61,50.84,47.51,45.56,31.77,24.6,16.39,36.85,22.81,41.31,13.57,21.08,47.14,39.32,32.54
"136","2017100810_2060",57.52,72.5,68.64,69.98,69.46,69.39,67.51,68.8,67.44,70.58,71.9,22.79,28.06,39.25,17.26,29.38,30.2,39.76,32.43,5.96,13.1,20.53
"137","2017100810_1815",54.73,41.25,41.95,39.65,48.14,44.21,51.88,40.47,39.51,43.56,42.26,22.25,24.01,19.91,29.05,41.37,35.22,14.09,16.53,12.37,39.05,27.95
"138","2017100810_1643",58.86,76.9,74.24,73.32,71.5,71.94,72.46,72.51,72.39,74.19,75.63,23.73,26.91,34.22,16.47,31.04,15.55,37.72,33.67,6.73,12.25,21.14
"139","2017100810_1254",50.57,38.97,39.31,37.09,34.6,43.43,49.63,38.85,37.49,43.16,38.58,36.29,34.84,37.92,30.84,44.72,29.44,15.47,21.51,40.94,47.7,19.66
"140","2017100809_993",43.32,40.81,38.23,59.21,37.9,40.48,39.55,41.75,42.49,41.47,39.05,24.84,29.13,33.85,27.25,26.81,19.43,11.48,16.26,38.8,32.5,23.56
"141","2017100809_307",74.94,78.53,81,63.14,81.53,80.33,83.27,80.62,78.89,79.09,82.13,38.92,28.71,24.07,30.16,32.14,42.42,48.04,45.64,19.11,25.68,36.2
"142","2017100809_178",77.75,78.15,81.45,64.98,80.37,80.71,81.39,79.21,80.08,78.32,81.26,43.3,26.67,22.19,25.96,28.32,37.55,44.35,40.99,16.37,23.87,32.87
"143","2017100809_1153",69.32,80.76,79.98,81.87,75.04,83.38,78.63,83,79.07,82.47,77.53,28.73,35.37,17.38,26.25,38.52,24.72,20.97,18.82,36.11,38.71,34.26
"144","2017100808_4084",70.59,71.36,59.89,78.31,69.18,73.83,72.94,73.72,73.63,72.79,72,43.81,35.86,27.19,42.81,12.9,38.6,16.18,34.32,23.81,28.52,14.93
"145","2017100808_36",61.74,48.09,46.17,44.42,45.33,44.83,45.54,45.14,47.06,47.15,42.84,23.7,11.3,34.78,25.73,31.37,28.12,6.47,14.62,39.13,18.48,21.95
"146","2017100808_2762",42.74,58.24,37.22,44.13,42.07,46.13,41.22,38.05,40.68,41.56,40.7,18.92,25.48,9.53,38.89,11.79,7.75,34.48,19.69,28.54,25.29,36.96
"147","2017100808_2207",53.72,51.78,61.4,53.51,50,50.35,49.51,49.02,50.01,50.5,50.9,9.9,18.65,27.96,42.79,15.91,38.35,10.3,20.56,31.7,26.35,40.06
"148","2017100808_1044",54.37,61.4,62.78,65.52,64.42,65.39,63.38,63.4,62.28,62.93,65.8,25.6,10.75,37.91,27.06,33.72,31.45,7.41,14.45,42.18,18.88,21.65
"149","2017100807_4055",72.69,72.32,74.95,62.02,76.82,78.76,75.68,70.23,79.11,74.97,75.54,26,10.17,6.89,19.91,13.9,20.13,17.33,32.77,14.17,19.95,32.3
"150","2017100807_1993",63.74,65.42,60.98,58.91,63.17,60.96,66.45,58.92,59.71,59.67,62.86,43.74,9.81,11.49,25.34,25.37,19.64,28.82,36.66,38.62,36.23,47.14
"151","2017100807_1026",68.02,72.87,74.32,80.24,61.65,74.69,79.69,80.05,75.36,77.19,78.62,32.48,31.21,10.48,7.6,21.29,13.47,23.95,18.57,14.48,24.43,35.6
"152","2017100806_657",48.81,40.25,47.16,42.24,40.24,43.68,46.96,41.31,55.45,39.61,41.23,13.22,28.51,38.93,32.32,16.46,39.22,24.33,16.59,24.19,11.17,13.25
"153","2017100806_425",46.73,40.7,46.41,42.52,39.1,43.47,45.67,42.59,55.42,39.36,39.9,10.14,25.55,36.59,29.71,15.11,37.09,21.12,11.67,24.08,10.01,11.9
"154","2017100806_36",46.42,40.56,47.16,43.95,40.13,41.43,44.56,40.58,54.57,40.5,41.03,10.06,24.72,36.31,29.64,12.52,35.98,22.46,16.96,22.81,8.99,11.29
"155","2017100806_2343",45.38,36.56,44.58,41.81,37.95,40.23,42.28,35.56,53.5,42.7,35.22,12.27,30.44,40.45,35.35,18.42,39.45,24.5,23.1,24.95,14.97,16.44
"156","2017100805_767",78.24,76.71,71.05,70.38,77.45,75.73,70.94,76.7,78.06,65.99,75.16,41.89,26.41,38.01,43.26,35.36,21.45,15.1,31.69,12.91,30.5,18.65
"157","2017100805_4235",65.72,78.76,68.54,78.09,77.09,72.18,79.36,79.22,79.4,76.21,78.31,24.15,41.61,40,38.37,22.49,13.68,34.32,15.53,19.5,26.4,30.32
"158","2017100805_4052",62.17,78.28,68.74,76.95,74.4,70.62,77.36,78.2,78.21,73.91,76.9,21.92,44.3,41.9,39.79,23.38,13.84,36.54,14.25,19.79,28.52,32.09
"159","2017100805_379",60.04,52.66,52.32,71.1,51.93,56.52,50.21,49.22,50.79,51.08,NA,10.65,9.37,12.63,26.31,29.28,38.29,16.97,34.89,33.85,22.06,NA
"160","2017100805_3263",56.79,42.96,51.97,43.94,44.45,49.81,42.51,40.29,41.44,44.53,42.5,29.84,9.31,12.57,14.48,31.98,39.54,18.14,37.08,34.74,26.7,22.43
"161","2017100805_2873",75.68,76.74,71.32,71.66,74.48,75.04,70.14,75.81,77.8,62.96,75.06,24.95,44.55,38.52,45.02,35.49,22.1,14.14,31.63,12.46,28.37,17.57
"162","2017100805_2386",55.13,41.73,50,42.53,42.6,48,42.87,40.07,39.8,43.6,41.03,28.7,9.37,12.27,13.87,30.47,39.03,16.43,36.7,32.43,26.17,21.27
"163","2017100805_2336",61.92,76.59,67.72,75.95,73.34,68.08,76.61,75.26,74.74,76.18,NA,18.74,44.02,42.62,40.52,27.55,16.54,38.25,18.63,21.8,34.15,NA
"164","2017100805_1073",62.96,75.18,66.19,73.77,66.27,73.81,75.45,76.79,76.69,76.18,NA,23.32,41.75,40.8,39.15,14.63,22.05,35.84,15.65,17.52,30.81,NA
"165","2017100804_963",79.36,73.46,62.15,79.41,81.27,76.76,73.57,80.34,82.25,78.26,74.97,39.07,17.1,26.88,26.25,33.68,39.15,41.99,44.14,26.51,19.16,24.14
"166","2017100804_808",80.71,75.52,63.96,79.97,83.1,77.2,72.6,79.93,81.3,80.47,78.04,25.93,42.71,27.08,36.29,27.79,24.33,18.41,17.2,33.2,44.43,38.52
"167","2017100804_37",76.88,73.8,60.08,74.41,78.49,74.25,71.35,76.68,76.88,71.8,71.35,37.29,15.91,28,24.71,32.45,37.73,43.01,40.89,26.48,20.5,23.41
"168","2017100804_3251",70.17,66.62,59.91,69.6,72.11,67.84,64.02,70.91,72.13,70.17,69.08,21.88,41.33,25.31,33.13,23.97,20.02,14.85,15.4,29.71,43.59,37.03
"169","2017100804_2074",70.35,79.01,83.82,87.18,87.72,85.96,83.87,85.77,85.35,88.43,75.75,35.66,24.59,40.61,47.47,45.29,39.59,34.52,29.66,23.25,35.91,46.25
"170","2017100804_1303",66.35,74.76,77.78,78.06,79.51,79.57,78.6,78.02,78.3,80.57,69.69,28.76,19.86,34.45,43.82,39.97,37.26,26.85,23.1,19.65,30.5,45.7
"171","2017100803_3395",41.67,41.35,43.66,46.94,44.17,41.15,49.44,46.22,50.75,59.91,41.83,7.23,13.94,21.03,40.8,37.64,29.62,20.43,28.33,33.83,24.77,17.75
"172","2017100803_2854",78.73,80.16,78.28,74.87,79.91,80.16,71.99,77.21,73.44,63.32,80.94,42.28,38.04,31.03,13.95,16.44,23.85,33.38,24.25,18.55,27.77,34.57
"173","2017100803_2515",81.79,82.1,81.72,76.3,75.37,79.03,77.89,77.08,62.05,81.9,81.47,43.99,40.41,32.69,13.43,40.14,39.17,28.4,21.18,29.66,30.55,18.79
"174","2017100803_2064",82.09,81.21,80.7,76.78,85.38,83.05,78.7,78.78,63.9,83.28,80.87,10.35,13.67,19.47,42.16,8.37,23.35,27.21,30.88,22.9,14.73,36.7
"175","2017100802_728",56.8,40.35,42.3,39.88,44.12,41.69,41.58,44.91,40.31,40.74,43.89,36.75,34.04,23.45,30.4,46.08,43.28,40.36,25.63,37.41,22.17,25.11
"176","2017100802_3862",74.83,54.07,81.33,70.82,73.21,63.63,74.91,76.38,74.24,68.41,79.66,18.14,24.79,16.96,32.77,7.07,36.98,14.44,27.18,30.3,27.92,8.78
"177","2017100802_36",60.9,39.48,42.53,39.47,44.67,42.21,41.56,47.49,41.61,42.73,43.03,25.95,19.63,28.79,25.04,9.57,10.22,15.47,35.48,17.38,37.92,26.5
"178","2017100802_3502",75.9,54.33,80.46,72.41,74.08,62.29,74.34,78.43,77.84,71.56,79.26,17.42,26.12,17.27,29.84,5.64,33.73,14.72,24.21,28.02,20.27,12.04
"179","2017100802_264",76.49,80.84,62.08,79.95,74.36,71.25,77.8,78.49,81.22,77.87,79.5,29.18,24.84,33.11,39.87,16.82,43.92,26.05,37.1,44.31,32.16,19.61
"180","2017100802_2477",61.1,73.86,76.97,79.39,80.59,76.55,77.2,74.29,78.12,77.75,76.26,29.86,44.73,24.58,27.92,31.73,45.07,39.03,13.96,36.02,14.65,26.27
"181","2017100802_2080",47.18,61.41,45.67,47.33,48.12,52.4,45.54,44.21,41.98,44.78,42.45,23.17,17.75,13.56,32.98,37.93,8.4,26.43,16.3,8.23,20.87,30.79
"182","2017100802_1204",56.49,82.65,79.3,81.82,75.81,78.63,76.65,75.13,79.06,80.05,79.1,27.95,22.06,36.34,30.84,24.14,13.69,16.66,35.79,20.38,45.23,33.97
"183","2017100802_1055",42.72,39.4,62.3,39.63,46.35,48.25,42.33,40.79,39.1,40.98,39.92,21.29,24.7,13.61,11.75,35.05,7.76,27.04,15.17,7.35,20.04,32.6
"184","2017100801_3834",71.32,75.77,67,75.13,70.03,68.65,69.98,67.96,71.82,72.27,77.11,41.75,16.22,35.27,12.17,27.54,34.47,38.36,37.71,30.26,26.37,10.41
"185","2017100801_36",71.08,73.73,69.94,68.82,69.06,71.63,72.45,71.42,60.93,70.41,75.03,17.58,35.78,38.27,11.56,26.62,48.63,40.79,28.54,31.87,21.67,45.16
"186","2017100801_2524",85.75,83.04,80.94,89.26,82.75,79.05,78.34,82.23,67.36,83.44,76.62,9.21,22.48,24.85,3.62,12.38,17.49,28.79,16.32,24.89,9.8,31.86
"187","2017100801_2155",45.34,49.83,41.62,42.29,41.91,54.59,42.03,44.69,44.68,45.98,42.76,28.34,34.61,16.48,27.29,22.85,23.95,34.24,31.36,11.99,10.36,5.51
"188","2017100800_930",52.62,53.37,52.48,51.86,53.7,65.49,56.34,51.88,50.33,52.2,49.32,45.41,48.14,20.03,26.39,22.76,32.62,14.99,39.79,35.27,24.78,31.33
"189","2017100800_3967",44.76,49.33,61.25,45.15,44.05,42.78,43.93,49.32,48.23,46.69,45.67,32.76,38.56,34.7,41.08,16.7,21.66,30.44,25.56,40.16,24.87,36.01
"190","2017100800_3664",70.71,72.64,68.39,73.76,75.12,57.62,70.82,72.64,73.91,73.26,73.1,48.24,13.42,12.48,42.49,31.96,24.31,20.56,21.72,34.02,27.85,37.23
"191","2017100800_36",47.3,48.74,47.7,46.58,49.13,62.75,52.14,46.47,45.75,47.31,44.88,44.57,47.3,20.16,29.38,22.59,32.19,15.75,39.52,36.12,25.69,31.72
"192","2017100800_309",76.36,71.36,60.51,77,73.28,76.01,75.73,70.2,74.89,71.76,74.6,19.98,13.18,21.14,12.15,31.77,34.07,21.9,25.85,14.06,29.04,17.39
"193","2017100800_2970",51.65,48.65,49.62,47.1,46.6,51.04,64.79,49.12,47.25,48.56,47.33,12.86,45.59,48.18,18.01,29.62,17.39,32.31,39.78,36.26,25.71,33.32
"194","2017100800_2194",78.21,72.13,61.5,78.88,76.73,79.07,79.7,71.4,76.75,76.83,76.03,29.83,23.73,31.86,19.76,42.76,42.26,32.8,40.86,21.92,36.79,23.92
"195","2017100800_1689",66.73,72.52,69.17,73.45,73.62,69.79,59.49,72.42,73.45,73.13,74.76,39.34,9.92,7.98,36.23,24.17,32.5,22.35,14.84,18.35,28.77,20.73
"196","2017100800_1285",47.27,50.37,60.15,47.39,48.16,46.08,44.82,50.94,49.27,48.71,48.5,25.92,30.72,23.67,35.44,13.88,11.8,23.6,13.05,34.51,18.9,31.33
"197","2017100500_901",48.8,57.94,38.2,40.13,41.77,42.81,43.81,43.61,41.46,42.63,45.22,46.02,36.75,21,28.85,16.33,25.16,40.01,42.03,35.46,44.6,23.9
"198","2017100500_4428",72.03,71.18,62.75,79.85,80.91,78.55,77.15,78.04,78.75,76.3,78.24,18.92,47.66,29.04,23.07,29.15,19.13,39.82,43.17,34.81,47.21,27.34
"199","2017100500_4258",76.49,69.45,73.48,67.61,68.11,68.08,71.19,72.46,74.91,67.32,72.38,12.63,51.29,25.28,43.96,46.99,49.05,43.25,12.95,15.93,41.58,11.06
"200","2017100500_37",71.79,63.49,78.47,76.3,77.93,76.09,76.05,73.63,76.93,73.87,78.2,41.78,25.95,22.6,39.12,28.25,22.29,12.68,15.59,35.84,10.51,41.94
"201","2017100500_2718",47.2,53.18,61.52,40,40.59,41.19,42.41,45.05,43.02,43.21,40.68,15.52,37.3,23.97,11.37,19.98,8.16,32.3,35.02,25.42,38.95,14.81
"202","2017100500_2361",46.07,51.1,57.62,38.18,37.89,40.39,40.77,41.24,39.15,39.55,41.93,25.17,6.24,22.72,32.98,23.25,35.88,16.13,11.98,17.99,7.96,25.39
"203","2017100500_2180",69.99,70.33,62.41,79.32,79.73,80.26,78.4,78.38,78.29,76.47,79.63,14.12,39.32,18.9,11.26,16.83,9.75,27.17,30.75,14.48,33.91,21.73
"204","2017100500_1820",70.67,70.93,59.34,77.09,77.58,76.75,76.1,76.68,78.11,77.27,79.34,21.92,39.46,29.43,17.08,27.11,23.15,37.93,41.65,35,45.2,32.36
"205","2017100500_1536",50.38,59.79,45.87,49.6,43.92,45.99,45.47,46.13,45.63,48.03,46.34,43.7,29.32,30.38,38.98,22.58,26.74,12.97,15.86,35.45,9.14,42.74
"206","2017100200_692",41.73,56.2,44.77,43.99,44.34,39.96,44.69,40.03,41.05,39.38,41.42,34.01,29,20.07,12.22,23.54,30.19,32.73,35.03,14.32,17.72,8.31
"207","2017100200_3861",51.01,50.06,44.08,54.22,49.16,41.39,43.4,47.24,48.17,45.35,59.9,30.29,27.45,38.19,8.04,39.9,18.11,9.07,14.19,34.77,18.97,26.48
"208","2017100200_2838",71.41,73.22,77.86,74.77,73.43,81.62,80.23,76.43,78.21,76.95,60.75,21.63,24.07,14.58,44.74,15.86,30.9,44.26,39.48,15.98,32.62,27.86
"209","2017100200_2050",41.33,57.55,44.51,42.84,44.9,39.69,46.12,38.4,40.4,38.19,39.05,34.27,29.97,22.76,14.05,26.23,28.35,29.85,37.39,15.43,18.2,12.17
"210","2017100113_718",58.28,41.36,62.69,60.21,61.76,63.37,65.91,66.06,64.46,62.65,64.16,37.46,20.05,30.31,11.47,32.43,17.4,13.48,28.93,20.22,25.17,37.82
"211","2017100113_54",71.05,75.47,62.85,73.93,74.96,75.88,80.54,76.27,77.77,76.01,77.17,40.86,35.73,30.54,12.21,36.93,18.84,29.61,22.24,26.49,42.86,13.18
"212","2017100113_4046",73.18,62,75.69,73.38,67.8,76.06,76.99,78.62,77.21,77.11,76.86,25.86,19.38,4.86,16.25,37.58,32.38,36.1,25.42,16.93,20.98,10.31
"213","2017100113_3618",74.92,62.36,75.65,74.02,71.71,75.92,76.84,79.8,78.36,77.58,77.41,28.3,20.45,7.4,17.92,38.95,31.83,35.05,25.7,18.7,22.21,13.72
"214","2017100113_3250",48.91,60.95,49.3,49.52,49.82,47.3,46.46,45.8,46.87,46.58,46.3,14.95,25.79,38.58,14.2,6.73,34.76,36.94,16,28.14,23.19,10.97
"215","2017100113_3169",43.63,58.28,45.12,44.06,47.79,41.8,40.75,40.97,41.49,42,40.52,16.95,23.65,37.2,15.44,10.21,32.8,37.37,19.13,28.11,24.06,12.22
"216","2017100113_3004",78.42,78.42,80.26,82.22,80.61,77.28,77.72,77.78,64.7,83.93,80.5,35.61,14.32,8.65,32.07,21.72,38.93,11.22,18.33,25.31,30.26,41.77
"217","2017100113_2227",77.37,79.55,80.06,79.46,81.28,78.91,75.97,79.64,63.79,83.05,81.02,15.87,36.77,42.27,19.82,28.44,12.79,44.13,32.71,25.84,23.66,8.28
"218","2017100113_2026",75.88,76.68,79.55,80.55,77.11,76.11,79,77.74,60.76,81.62,81.27,13.91,8.31,16.9,23.27,42.09,10.89,37.1,33.83,26.82,31.29,45.17
"219","2017100113_1179",48.82,47.16,61.36,49.39,47.8,46.06,44.29,43.93,46.18,45.15,44.45,9.23,14.7,23.7,36.8,13.76,32.8,37.28,18.29,26.71,22.59,10.77
"220","2017100112_845",56.04,70.19,71.32,71.73,70.38,72.86,72.1,69.75,72.77,72.1,71.92,30.22,7.91,40.52,37.78,28.08,19.43,34.45,21.67,40.72,47.15,23.45
"221","2017100112_3411",62.55,78.29,74.18,79.45,74.53,79.57,75.22,71.33,79.64,70.75,80.63,28.97,36.62,19.62,20.66,36.71,28.14,17.06,30.47,15.2,49.3,35.92
"222","2017100112_2573",54.94,59.8,60.96,60.68,63.77,62.19,61.11,61.66,59.44,58.9,63.4,25.48,32.26,30.15,26.01,10.4,19,13.71,37.45,46.13,6.09,16.18
"223","2017100112_2285",59.89,74.42,76.28,73.65,77.62,75.32,73.06,75.83,72,71.77,76.24,29.94,39.69,37.35,33.69,19.16,26.83,22.79,40.88,12.97,46.99,23.05
"224","2017100111_781",49.8,59.18,44.01,48.36,43.05,44.18,45.37,44.49,45.65,41.76,44.3,11.29,27.3,21.2,42.57,23.8,29,12.1,14.61,39.37,33.41,41.25
"225","2017100111_4011",76.19,74.11,70.8,69.84,73.32,75.49,68.59,74.8,74.89,71.79,58.17,9.72,19.02,12.31,6.31,16.13,28.13,39.86,23.56,41.81,35.76,20.52
"226","2017100111_38",44.83,43.38,53.44,34.73,35.96,37.9,38.11,36.78,38.45,34.17,35.88,15.53,43.18,31.05,24.88,27.33,34.04,12.86,16.16,41.41,35.6,44.62
"227","2017100111_3667",51.57,60,46.33,45.18,46.11,47.03,46.18,47.84,46.56,51.72,45.86,45.58,28.9,22.84,32.64,27.5,38.17,13.01,17.51,41.94,15.51,45.62
"228","2017100111_2867",41.43,43.54,46.53,46.69,43.7,43.01,47.53,44.21,44.52,49.03,57.92,44.69,34.91,42.48,47.11,37.73,26.69,15.18,32.54,17.49,17.4,33.52
"229","2017100111_2345",42.23,44.63,45.05,49.37,44.46,43.11,48.41,44.67,43.75,47.88,58.78,44.51,35.02,47.22,41.35,38.41,25.38,15.05,30.86,15.81,17.18,33.72
"230","2017100111_1797",40.27,43.12,47.39,46.54,43.19,43.09,48.74,43.04,44.41,47.49,59.37,44.9,34.19,42.52,46.93,38.12,26.62,16.24,31.09,18.93,19.77,31.09
"231","2017100111_1516",42,44.5,46.42,46.47,43.97,42.59,46.67,43.01,43.73,46.68,57.9,42.44,33.36,40.94,45.7,37.29,25.58,14.5,30.09,16.38,19.81,30.12
"232","2017100110_868",52.82,45.95,50.38,47.74,45.79,46.18,49.2,44.48,57.11,45.6,44.81,9.17,23.95,36.88,29.9,14.8,37.02,22.1,17.52,25.6,9.18,12.01
"233","2017100110_448",51.2,42.52,47.46,45.03,43.71,44.58,46.18,40.62,55.79,43.07,43.53,13.02,27.2,38.48,32.33,17.87,38.02,25.21,18.24,28.24,11.93,14.5
"234","2017100110_3726",76.87,66.99,76.46,75.25,70.27,78.68,78.79,78.48,76.81,62.82,77.34,33.14,39.32,13.16,35.08,13.01,17.86,39.4,21.21,25.63,26.65,30.35
"235","2017100110_37",48,39.8,45.26,42.84,40.73,41.69,44.06,37.67,53.17,40.92,40.24,12.43,25.32,36.94,30.37,17.39,35.82,23.59,17.65,25.02,11.27,14.81
"236","2017100110_3211",75.93,67.79,77.4,75.92,69.95,77.64,78.92,79.13,76.52,64.33,76.55,34.56,40.78,15.62,37.04,14.88,20.95,41.62,21.38,27.56,27.9,32.4
"237","2017100110_2943",76.51,83.96,77.4,82.31,83.14,81.41,78.78,85.16,66.96,82.95,78.12,44.29,27.9,19.23,23.72,36.65,20.06,31.17,33.35,28.39,45.96,42.23
"238","2017100110_2189",43.72,51.42,43.04,44.87,49.41,42.21,41.16,40.11,44.88,57.55,43.13,19.24,15.13,39.51,17.63,41.56,33.71,14.61,32.55,27.84,27.23,22.8
"239","2017100110_1609",72.93,79.07,72.7,77.44,79.31,77.01,74.8,80.95,65.33,78.9,76.42,44.73,28.31,19.03,24.95,38.52,19.85,31.48,37.29,28.25,45.86,39.38
"240","2017100110_1419",42.99,52.75,41.26,44.47,48.51,40.74,40.56,39.02,41.78,57.76,42.33,19.96,15.41,39.28,17.93,40.66,36.33,15.87,32.84,28.92,27.21,23.55
"241","2017100110_1348",74.05,80.53,73.99,78.6,79.97,77.37,76.08,81.39,65.28,79.66,80.01,45.16,29.34,18.81,23.87,38.46,17.03,31.46,35.85,27.52,44.01,40.57
"242","2017100109_4680",60.75,45.43,50.92,48.23,45.15,44.96,44.56,45.21,44.88,41.1,46.09,29.89,30.09,41.96,7.45,33.96,27.73,38.22,19.76,13.4,23.53,15.44
"243","2017100109_3806",56.24,67.78,71.04,70.14,60.61,68.35,68.52,69.83,69.52,73.69,68.28,26.15,22.02,45.52,23.29,8.04,16.9,11.78,35.25,42.03,32.08,39.19
"244","2017100109_2943",65.4,47,49.41,55.21,46.91,47.26,43.29,45.63,44.65,40.68,47.22,31,34.13,44.06,8.94,37.6,29.83,42.47,22.88,14.03,26.05,16.77
"245","2017100109_2694",67.7,67.44,65.54,61.54,54.83,67.05,62.81,66.46,65.27,67.6,65.22,29.78,47.42,45.23,17.52,25.86,15.13,22.72,34.75,40.76,37.17,25.89
"246","2017100109_2192",58.18,75.09,72.5,76.25,66.32,74.43,77.1,75.57,76.66,79.36,74.24,21.22,21.09,10.02,22.54,41.69,16.12,12.51,29.93,37.24,26.67,35.25
"247","2017100109_1253",55.2,71.98,71.05,65.54,73.58,72.9,75.75,73.27,76.39,79.9,73.44,20.03,18.97,9.18,43.3,15.2,22.6,11.68,29.68,36.84,26.22,34.67
"248","2017100109_1238",60.16,75.95,75.21,69.86,76.14,76.91,79.64,77.29,83.38,82.19,78.38,22.51,21.65,10.77,44.6,17.11,24.44,14.19,32.12,40.64,28.59,37.26
"249","2017100108_461",41.16,40.94,40.14,38.74,50.67,42.64,45.8,42.92,39.74,44.3,40.02,31.06,19.64,28.23,23.68,26.54,41.11,15.34,36.12,38.3,12.55,7.18
"250","2017100108_45",75.71,73.7,72.05,76.14,60.7,73.36,76.45,77.57,71.79,76.64,77.61,30.82,18.32,13.91,10.22,23.25,28.76,26.19,18.72,12.12,21.45,33.15
"251","2017100108_3856",76.72,75.29,68.54,73.96,60.89,76.3,75.92,71.31,72.58,74.27,78.83,42.25,25.8,21.12,16.8,30.51,39.64,36.14,34.29,22.97,31.13,47.79
"252","2017100108_382",74.33,75.13,73.81,75.76,59.11,71.65,74.96,77.9,73.01,75.89,76.85,31.85,17.18,12.74,8.42,23.28,28.63,24.97,18.07,11.01,20.37,34.97
"253","2017100108_3171",78.07,78.82,71.32,77.43,61.1,77.49,78.65,74.09,74.52,76.8,81.55,42.53,27.37,24.29,19.62,29.46,40.4,35.42,33.67,22.64,31.78,46.55
"254","2017100108_2848",75.65,70.11,77.96,77.19,78.52,64.48,75.92,76.12,77.99,73.37,77.52,19.89,41.88,34.22,23.9,28.2,23.2,6.76,36.51,40.12,14.46,9.12
"255","2017100108_1414",44.72,44.32,46.88,41.74,59.74,47.58,43.17,42.23,45.24,44.06,41.94,19.49,35.14,39.32,41.41,29.28,23.49,26.52,33.9,42.01,31.49,18.18
"256","2017100107_55",59.86,41.02,43.86,42.7,44.68,43.58,42.18,49.39,43.43,45.69,47.69,23.41,18.32,28.52,21.11,10.2,13.65,33.93,30.98,16.27,24.72,11.09
"257","2017100107_451",52.74,29.89,35.28,34.62,34.56,34.5,31.31,37.4,33.8,36.02,38.85,24.65,22.13,25.72,20.05,10.2,13.4,36.31,30.57,16.57,22.74,11.14
"258","2017100107_3650",45.77,51.95,58.96,42.29,42.33,45.02,47.37,43.28,44.24,49.42,43.48,46.31,19.32,32.19,22.4,30.18,25.11,39.77,42.85,35.6,34.68,44.61
"259","2017100107_3262",45.74,58.05,39.12,39.94,42.75,44.71,42.84,45.06,41.14,46.97,40.33,6.52,23.97,29.14,25.59,35.85,24.78,12.62,10.97,16.19,39.01,7.66
"260","2017100107_3019",56.55,65.82,74.76,73.19,75.09,73.52,74.7,72.83,70.85,73.59,72.46,28.94,45.28,34.73,24.94,31.99,20.18,43.93,40.55,17,37.98,27.83
"261","2017100107_1981",69.66,61.63,78.59,77.65,78.33,74.68,73.7,76.12,76.32,73.85,74.27,9.12,21.77,31.67,14.91,35.87,28.44,26.95,11.36,18.95,7.53,38.35
"262","2017100107_1565",49.19,60.05,46.13,42.98,45.74,45.89,44.86,44.16,50.07,46.34,41.84,45.24,35.61,20.71,29.13,17.73,26.04,38.58,41.09,23.94,45.56,35
"263","2017100107_1270",60.82,67.82,75.42,71.56,74.22,72.92,71.96,71.89,70.62,72.41,71,30.49,44.08,35.18,24.75,32.24,20.96,42.44,39.67,17.63,37.48,27.64
"264","2017100107_1052",43.04,58.92,41.44,41.15,45.07,45.09,42.45,42.04,42.35,44.03,39.44,15.22,23.07,30.3,24.16,35.88,27.27,11.6,8.74,17.95,4.03,25.4
"265","2017100106_991",44.43,58.04,38.47,43.95,47.93,40.28,38.88,36.93,40.99,40.15,38.88,16.72,21.54,25.95,37.99,10.25,29.98,18.14,21.88,20.89,12.47,33.66
"266","2017100106_2403",43.49,59.08,40.08,46.6,45.77,41.89,40,38.51,40.97,39.28,39.17,11.12,17.44,21.04,33.65,5.95,26.01,11.55,17.97,14.93,6.7,30.09
"267","2017100106_2188",42.56,57.56,37.95,43.86,44.26,39.11,37.17,37.09,39.11,37.21,38.48,14.61,15.86,22.96,33.57,7.66,27.54,15.37,20.64,18.18,9.47,31.25
"268","2017100106_1896",44.99,61.39,40.04,45.85,48.62,41.9,39.91,39.14,41.5,40.53,40.54,12.91,15,23.78,37.41,7.52,29.56,15.66,19.87,18.13,8.35,33.47
"269","2017100106_1685",56.19,74.61,76.39,77.89,78.99,77.67,76.98,77,74.99,77.09,79.04,18.74,33.85,5.8,24.89,10.18,22.15,11.79,36,26.19,14.16,17.56
"270","2017100105_948",80.17,70.87,78.42,75.8,77.79,79.14,72,63.53,76.43,78.83,81.3,26.68,30.58,28.96,9.14,14.9,20.59,9.64,22.32,10.87,34.77,14.19
"271","2017100105_590",40.11,48.14,42.77,41.53,41.5,45.92,54.95,43.87,40.48,38.94,39.13,29.34,24.09,45.44,39.13,33.26,45.33,31.08,43,20.35,27.32,38.92
"272","2017100105_37",46.62,39.78,46.1,41.98,41.03,40.83,40.23,52.68,41.99,41.17,35.98,44.25,31.06,24.92,45.53,40.07,33.73,22.89,32.52,43.97,27.74,36.95
"273","2017100105_3257",76.78,66.58,76.26,77.95,78.12,79.27,79.25,64.66,76.59,72.28,77.56,20.53,30.71,27.82,4.63,10.89,15.26,12.08,19.74,8.06,17.03,30.92
"274","2017100105_3204",79.54,68.69,77.27,76.87,78.87,78.05,81.01,62.98,75.8,72.58,80.66,24.27,32.33,29.56,8.05,12.89,21.11,14.84,21.33,10.38,8.54,32.97
"275","2017100105_3030",73.48,65.72,71.46,71.4,72.05,72.21,73.23,62.89,71.55,67.62,74.04,29.99,36.66,31.87,9.71,17.81,26.55,22.08,24.69,12.39,9.65,39.55
"276","2017100105_2423",37.88,46.2,38.62,42.18,40.17,39.19,36.98,52.65,42.45,46.3,36.35,28.36,22.38,26.34,44.9,38.45,32.96,33.93,32.49,41.7,45.43,21.91
"277","2017100105_1989",65.02,74.15,77.73,76.35,80.45,80.48,79.53,78.24,78.43,80.37,68.87,26.36,14.7,24.7,43.72,39.65,35.11,28.79,17.87,13.07,26.42,47.8
"278","2017100105_1773",78.98,70.94,78.68,76.31,78.78,80.03,73.35,64.47,76.8,79.54,81.28,24.33,31.28,28.54,8.7,14.91,22.14,9.12,22.35,10.98,34.38,15.6
"279","2017100105_1623",53.88,44.83,41.09,43.17,39.1,40.55,40.66,41.24,43.16,37.6,50.06,36.83,21.63,31.44,48.17,41.65,39.21,48.36,23.92,23.76,37,47.92
"280","2017100105_1416",80.53,73.47,78.47,76.79,78.21,80.37,72.86,63.88,76.71,79.91,81.88,25.65,32.78,26.19,9.64,14.5,21.56,8.23,22.89,11.58,34.54,14.51
"281","2017100105_1109",54.82,47.29,42.3,40.62,40.74,41.81,47.42,39.58,42.73,42.31,42.76,26.02,42.69,28.84,13.18,19.09,36.14,8.71,28.28,22.24,40.75,10.09
"282","2017100104_921",50.97,40.92,39.47,46.12,44.64,50.75,41.23,39.21,40.39,38.08,41.36,26.88,20.2,20.8,37.82,30.87,12.14,15.49,10.41,37.02,29.34,28.82
"283","2017100104_483",46.16,59.38,48.24,43.76,40.95,42.64,42.88,42.37,42.73,41.28,41.09,9.18,22.6,37.76,26.66,19.01,29.2,32.02,6.12,22.36,16.61,13.31
"284","2017100104_46",45.83,63.73,48.87,44.2,42.52,43.49,42.71,46.29,42.44,44.27,43.49,42.8,30.03,12.77,31.57,28.02,21.8,43.86,17.09,34.18,24.69,39.21
"285","2017100104_3745",69.45,79.46,81.7,72.21,73.52,87.7,80.65,78.54,81.12,84.72,81.18,13.21,19.28,4.71,28.41,22,2.36,7.14,9.85,20.81,9.02,17.7
"286","2017100104_3337",46.5,56.41,42.67,40.76,37.77,40.08,38.74,42.24,38.05,39.45,37.6,38.83,24.5,9.74,22.56,23.53,29.66,8.28,34.74,20.3,27.02,14.2
"287","2017100104_2877",60.09,74,69.59,74.07,78.33,76.53,78.58,73.86,77.09,76.52,77.57,30,43.99,15.39,28.29,28.54,23.99,47.95,20.25,37.23,27.3,40.27
"288","2017100104_2611",59.8,75.18,74.32,76.89,80.68,78.78,80.12,76.17,80.05,78,78.76,30.71,16.43,43.53,33.23,27.44,23.76,47.26,18.9,36.14,26.42,40.4
"289","2017100104_261",64.44,76.54,76.67,70.88,71.64,69.07,71.55,78.01,78.25,79.18,78.23,17.13,17.49,22.12,36.54,25.11,7.35,27.77,9.75,7.17,16.64,23.02
"290","2017100104_2162",56.57,43.09,42.24,50.98,49.32,49.55,45.75,42.4,41.2,40.84,42.22,38.87,37.03,31.82,18.31,29.98,48.03,20.99,42.46,46.9,37.23,30.45
"291","2017100104_1875",55.52,43.66,39.98,49.33,45.19,50.57,42.42,42.25,41.3,44.14,41.98,33.9,26.52,45.85,16.98,25.03,46.24,40.87,34.28,19.41,34.58,30.85
"292","2017100104_1599",72.88,62.48,75.55,78.36,81.01,78.56,81.53,76.45,80.76,78.73,80.13,14.27,30.09,42.1,33.07,27.75,23.81,46.84,19.35,35.74,26.63,39.3
"293","2017100104_1290",51.82,43.05,41.33,47.08,41.31,37.36,40.84,42.8,44.82,40.43,39.54,23.32,26.54,10.83,36.54,30.16,10.43,13.89,19.82,32.38,21.92,26.55
"294","2017100104_1102",61.83,74.7,71.78,77.43,75.7,76.38,78.75,74.7,78.76,77.31,78.17,30.22,42.46,14.8,32.49,25.5,22.73,47.07,18.39,34.93,24.89,39.66
"295","2017100103_3893",75.22,68.93,75.96,71.58,75.2,73.48,77.33,71.2,60.1,72.03,76.7,38.21,21.7,33.37,30.97,28.49,39.82,48.76,25.08,33.62,15.7,43.67
"296","2017100103_36",77.61,73.32,63.53,78.36,74.62,77.97,80.67,71.79,78.23,73.73,77.87,28.36,39.16,29.57,41.67,18.9,13.44,24.6,20.72,38.11,14.83,34.88
"297","2017100103_2611",76.88,71.58,60.51,77.79,75.02,77.77,78.27,72.62,73.56,75.03,75.73,21.89,13.62,19.13,9.76,28.4,35.15,24.22,31.67,13.45,33.52,18.41
"298","2017100103_2209",77.27,74.64,60.63,77.64,76.5,77.43,78.64,74.31,76.9,72.89,76.81,17.52,7.06,16.1,9.25,25.67,31.75,22.15,27.9,12.84,30.11,15.3
"299","2017100103_1730",42.6,47.29,60.25,46.3,43.1,46.26,42.94,41.34,50.53,44.32,43.9,20.39,10.95,23,31,10.92,27.3,32.08,25.89,29.75,14.66,15.95
"300","2017100103_1491",44.34,47.48,62.19,43.92,46.3,44.66,43.6,50.82,45.86,49.86,46.18,18.97,10.19,21.47,9,27.52,34.06,25.29,30.9,12.86,32.78,15.89
"301","2017100102_648",76.87,70.35,73.45,74.99,73.37,74.01,62.66,74.43,76.2,74.42,71.14,13.28,42.45,43.75,33.58,28.5,36.33,26.37,21.34,19.85,25,10.18
"302","2017100102_4007",73.88,71.88,75.13,76.34,74.45,76.29,62.57,74.59,76.05,74.88,70.87,11.09,42.53,42.49,31.13,26.42,34.54,22.41,20.16,17.66,22.44,9.87
"303","2017100102_37",80.69,74.66,77.52,77.99,75.37,77.89,61.71,76.6,78.61,76.9,73.35,17.57,46.4,45.43,35.92,30.49,40.37,24.67,24.44,22.26,27.67,12.89
"304","2017100102_2782",74.38,79.6,60.7,76.49,75.04,75.43,77.37,72.5,74.36,78.32,77.32,30.05,8.11,21.15,17.33,36.04,28.6,19.9,24.12,14.32,11.45,24.65
"305","2017100102_2435",76.07,76.72,60.41,74.62,78.68,76.62,77.23,74.17,73.69,75.56,78.57,47.55,24.02,30.94,28.18,48.92,41.39,30.66,43.72,34.83,24.81,39.02
"306","2017100102_2227",78.39,76.38,76.67,61.91,75.06,78.06,77.34,76.4,73.89,75.72,78.96,33.4,44.17,22.03,30.2,27.99,46.26,39.78,41.36,31.54,24.48,37.93
"307","2017100102_2021",43.55,51.86,47.45,45.49,45.65,46.69,56.54,45.59,43.46,45.3,48.28,45.33,18.47,16.48,28.92,32.82,26.69,32.29,38.61,39.15,34.79,46.74
"308","2017100102_1596",42.05,50.21,48.01,45.64,48.14,46.89,58.76,46.41,44.92,45.41,48.78,47.78,17.14,18.92,30.44,40.56,27.14,34.75,40.65,41.91,36.11,48.76
"309","2017100102_1299",43.18,52.94,48.92,45.98,49.27,47.34,59.33,47.51,46.85,47.14,49.46,46.87,18.12,17.32,27.92,29.16,42.36,33.91,39.47,31.7,35.47,48.54
"310","2017100101_37",76.21,73.7,78.49,78.35,76.29,58.53,78.51,78.5,73.9,77.42,76.87,13.55,10.11,40.37,31.03,37.43,28.6,28.08,26.74,42.52,34.35,20.74
"311","2017100101_3481",41.59,46.02,39.87,39.77,43.85,59.51,42.43,40.24,46.12,39.2,40.51,41.06,44.3,15.58,26.86,20.88,29.43,34.32,29.32,13.59,22.4,37.22
"312","2017100101_3331",66.75,78.45,65.7,72.15,79.61,76.27,78.4,77.58,79.07,77.82,79.92,19.64,13.65,43.19,9.71,24.13,29.75,18.91,21.71,16.67,8.46,33.74
"313","2017100101_2292",77.74,77.14,92.14,90.19,89.52,64.25,81.11,83.76,90.09,85.15,84.2,28.04,22.66,46.19,42.07,44.75,31.53,36.92,37.65,48.78,44.18,30.55
"314","2017100101_1142",63.8,75.77,63.18,68.43,72.24,76.67,76.79,73.32,77.71,76.27,74.05,16.36,10.29,42.48,6.92,29.64,17.79,21.51,25.4,14.95,6.49,34.65
"315","2017100100_3803",46.11,45.19,48.15,41.57,47.11,46.26,56.57,44.64,45.37,42.85,43.55,33.54,24.77,36.29,20.24,28.61,10.51,26.56,35.24,13.74,8.21,16.93
"316","2017100100_37",75.63,77.37,75.64,76.09,79.91,77.03,64.62,71.95,76.22,77.72,75.77,22.97,33.01,25.86,16.91,40.14,42.57,27.62,19.34,45.37,36.49,28.85
"317","2017100100_3207",46.33,45.23,48.65,42.02,47.78,46.5,55.37,46.07,46.32,43.97,43.05,31.5,25.14,35.68,21.15,27.68,10.91,26.42,34.54,15.23,8.4,18.37
"318","2017100100_2511",74.02,75.66,72.37,78.4,72.49,73.58,63.63,75.07,77.31,77.4,75.86,22.68,27.79,17.38,31.94,25.21,43.31,25.63,18.53,45.53,35.84,39.16
"319","2017100100_2179",43.12,44.92,55.97,39.31,40.36,44.13,47.13,41.4,41.45,44.13,40.67,18.79,13.3,26.84,29.34,25.85,31.28,35.58,36.14,18.82,17.38,12.52
"320","2017092800_420",54.91,38.4,39.46,40.67,40.79,42.22,39.05,39.78,46.86,37.8,42.18,26.35,39.19,18.18,23.39,32.41,16.83,10.59,31.07,38.45,27.81,14.17
"321","2017092800_36",76.29,74.17,57.99,78.5,75.17,75.55,73.93,76.35,75.88,72.57,72.59,25.49,40.79,30.22,33.72,27.05,36.92,18.43,47.56,14.88,21.23,26.72
"322","2017092800_3529",72.15,69.79,54.3,71.4,60.8,71.13,68.71,67.79,72.3,69.02,68.82,19.75,33.06,23.92,22.48,9.97,28.9,14.5,39.56,25.63,8.63,45.35
"323","2017092800_297",57.28,41.73,41.61,43.73,41.74,43.52,40.93,43.04,45.65,41.46,41.94,23.46,34.25,17.46,15.02,21.19,32.04,10.43,30.86,31.4,26.23,13.57
"324","2017092800_2837",58.65,81.46,75.63,75.15,77.29,75.42,77.22,71.83,74.91,70.81,76.57,18.46,25.63,6.8,17.22,19.3,31.88,38.35,13.98,29.67,29.67,12.86
"325","2017092800_2160",57.88,71.33,69.87,67.35,68.71,67.75,72.72,65.73,70.25,62.78,67.36,20.79,35.51,8.12,21.23,14.37,32.03,25.73,14.27,26.56,33.36,18.36
"326","2017092800_2126",54.79,73.69,69.92,71.23,71.29,71.56,69.7,72.93,65.88,73.64,70.28,21.14,37.16,13.68,19.97,16.48,32.84,28.16,27.98,32.32,25.54,9.75
"327","2017092800_2073",38.23,42.47,58.02,35.28,40.05,38.79,40.44,40.31,37.7,45.13,43.18,25.82,9.72,22.36,20.23,22.72,12.64,31.48,5.48,39.44,32.64,13.83
"328","2017092800_1621",57.15,77.78,73.09,73.74,74.76,75.47,74.33,68.72,76.65,73.76,74.05,18,35.56,12.25,21.19,30.75,4.94,26.38,37.87,24.79,5.81,17.43
"329","2017092500_3738",55.65,45.15,43.65,48.58,48.85,51,43.2,40.41,41.49,41.23,43.29,37.7,38.83,32.21,14.98,29.15,47.74,19.7,42.46,46.02,39.04,18.09
"330","2017092500_37",68.56,79.87,80.79,74.37,76.24,70.14,77.78,81.53,79.25,80.79,79.74,27.99,31.24,36.64,14.66,22.45,42.23,37.24,41.67,16.32,22.82,25.67
"331","2017092500_3599",60.43,76.14,74.01,79.76,69.29,77.9,79.05,79.02,81.88,82.69,79.89,22.73,19.81,10.89,20.23,45.06,16.65,13.26,30.2,36.47,28,34.82
"332","2017092500_3099",54.45,45.92,41.02,49.57,46.46,40.25,43.1,40.19,44.49,46.74,44.55,24.4,18.8,17.66,36.32,30.42,8.13,13.32,36.6,8.84,25.54,25.44
"333","2017092500_301",59.4,44.64,46.92,49.25,43.55,42.56,42.87,42.89,41.54,37.16,43.45,26.86,31.37,41.94,6.38,34.69,26.96,37.78,19.6,13.68,22.43,15.4
"334","2017092500_2672",54.16,40.01,35.1,50.65,38.93,39.01,35.24,40.28,43.72,37.86,40.55,33.9,37.04,47.04,11.76,40.71,33.35,45.08,28.88,21.16,28.6,23.52
"335","2017092500_2270",68.32,78.09,80.09,74.17,75.66,67.33,76.68,79.89,77.93,79.98,74.42,22.9,31.58,28.17,13.36,20.39,39.88,36.98,39.99,14.4,21.99,20.79
"336","2017092500_1841",59.79,44.47,44.96,50.88,39.92,43.94,39.86,41.91,39.88,40.67,41.01,31.85,35.77,46.25,12.48,38.45,31.53,44.22,24.76,17.98,33.26,19.44
"337","2017092500_1739",52.89,40.63,39.64,44.55,42.65,52.4,42.41,41.41,38.45,37.6,46.15,36.52,36.05,18.39,44.44,38.06,16.57,20.69,25.54,43.88,25.39,29.31
"338","2017092413_2749",74.02,65.85,73.54,70.65,78.65,78.18,78.35,73.04,78.12,79.18,76.64,35.74,20.75,18.97,40.74,30.76,14,16.21,13.06,28.45,20.78,38.74
"339","2017092412_797",65.14,75.44,75.12,70.21,71.4,73.7,74.84,75.87,73.1,61.01,72.18,34.5,8.4,10.97,7.18,31.97,25.37,36.28,15.23,20.87,19.56,23.59
"340","2017092412_543",48.87,45.97,45.58,44.22,44.72,50.79,46.89,58.76,43.66,43.16,44.74,28.87,16.99,28.04,33.66,31.21,7.97,37.87,26.79,21.17,9.59,13.19
"341","2017092412_3800",89.36,98.48,87.82,102.53,94.48,98.08,70.16,99.91,107.35,113.24,103.65,41.76,45.18,37.75,28.88,28.44,25.39,35.32,49.36,49.08,52.23,50.56
"342","2017092412_36",47.35,44.91,46.96,42.22,42.31,47.27,44.83,56.97,40.75,40.12,41.77,30.84,17.88,28.55,36.81,34.1,9.92,39.13,27.48,20.56,9.18,13.11
"343","2017092412_240",47.13,45.02,46.41,43.05,43.3,48.54,46.32,57.49,43.23,42.35,43.66,28.92,15.86,26.52,33.37,29.97,8.05,37.55,26.54,19.9,9.59,12.68
"344","2017092412_1853",67.11,76.98,77.26,71.68,73.32,74.6,77.4,77.71,74.83,60.09,74.45,33.8,7.89,8.95,10.33,29.73,24.91,33.37,15.14,19.65,18.98,22.23
"345","2017092411_3836",60.56,44.46,43.47,47.9,46.64,42.79,44.95,52.73,40.48,40.97,42.79,29.07,22.01,40.64,29.44,21.08,46.26,28.52,18.3,31.84,34.94,42.85
"346","2017092411_35",62.78,80.26,78.8,73.42,78.87,74.13,80.67,78.69,69.42,81.12,77.89,19.59,28.82,11.02,19.92,13.62,30.9,5.35,23.21,33.61,19.13,7.39
"347","2017092411_1977",48.32,62.04,43.14,44.24,40.63,48.5,46.35,47.98,42.36,41.81,43.92,16.84,23.25,7.58,37.25,24.24,32.79,11.68,34.79,17.4,28.57,14.5
"348","2017092411_1211",73.1,58.77,75.04,81.55,81.46,82.43,77.49,76.08,81.02,78.46,80.89,33.29,31.34,12.91,43.65,16.49,31.34,41.48,19.88,36.79,21.75,40.26
"349","2017092410_4389",74.73,71.54,77.77,64.66,68.09,66.32,68.34,65.53,66.96,73.3,74.08,33.03,25.89,16.14,53.83,47.14,49.27,45.96,44.35,43.34,26.58,18.54
"350","2017092410_3495",56.68,58.17,58.6,48.29,47.09,45.73,46.32,49.19,48.37,50.81,53.66,34.16,34.59,17.53,49.3,40.61,45.11,39.03,36.03,33.02,30.04,18.5
"351","2017092410_3246",54.6,49,39.56,41.32,37.8,39.47,41.66,41.95,38.98,49.08,40.08,24.42,35.2,22.74,7.55,13.07,25.86,32.02,34.81,19.03,6.57,12.08
"352","2017092410_2413",57.23,45.53,44.69,47.25,41.7,41.76,46.59,40.77,40.82,48.5,41.86,21.92,37.88,20.44,27.2,12.35,25.77,34.52,6.26,18.18,2.87,9.79
"353","2017092410_2184",45.24,42.32,57.59,44.14,41.69,38.1,40.23,40.47,39.02,39.09,37.18,8.48,12.26,21.4,34.96,28.61,36.45,26.14,21.71,19.85,16.06,5.8
"354","2017092409_4357",49.23,47.98,40.77,39.36,40.11,41.4,36.46,37.74,52.11,35.59,36.9,41.62,20.36,26.04,37.12,18.23,31.32,34.91,30.15,34.32,47.11,40.82
"355","2017092409_36",48.31,51.69,47.93,53.81,51.49,49.03,54.54,47.75,49.97,50.51,62.55,40.09,20.46,29.37,16.22,44.11,33.7,13.46,24.04,13.58,38.58,27.71
"356","2017092409_3415",90.64,85.63,86.83,79.84,85.12,81.55,90.55,93.96,88.03,72.16,87.64,17.78,24.55,35.33,18.26,25.61,40.01,28.49,34.72,18.09,28.58,32.5
"357","2017092409_3229",65.23,64.66,60.32,59.72,63.39,58.98,63.91,65.14,62.66,51.58,63.86,17.6,26.8,38.11,14.41,22.5,44.2,30.88,41.07,19.02,29.46,33.32
"358","2017092409_2658",79.01,75.68,82.11,84.01,84.09,82.66,89.86,84.31,72.14,89.18,86.49,46.42,26.78,31.49,46.01,22.84,38.65,43.37,37.63,35.07,49.03,45.81
"359","2017092409_2093",72.9,74.45,78.48,78.4,80.02,76,84.06,81.33,66.9,81.14,81.2,43.8,18.71,23.1,39.46,17.58,30.48,31.6,28.03,26.76,44.6,39.92
"360","2017092409_1229",57.13,56.95,53.37,53.64,53.79,53.56,49.29,50.96,66.39,49.7,53.33,43.73,19.49,25.55,36.53,21.53,30.43,32.66,28.19,32.13,42.48,37.86
"361","2017092408_2061",80.63,81.61,78.32,82.09,67.86,76.74,73.04,80.04,85.43,82.39,77.82,16.96,28.73,20.83,24.61,20.34,13.85,35.32,32.48,7.98,35.28,11.13
"362","2017092408_1848",41.49,40.27,41.12,37.67,55.6,44.38,43.75,42.23,37.69,40.75,42.49,24.02,12.46,20.2,15.89,21.54,34.27,8.59,29.95,32.66,3.71,10.2
"363","2017092408_1438",43,41.48,42.3,40.31,52.73,45.1,45.5,43.41,39.86,42.63,50.76,29.31,18.88,25.46,23.06,25.34,37.19,10.78,33.76,37,9.28,11.69
"364","2017092407_901",46.62,42.53,49.24,42.37,43.16,41.2,41.89,42.82,53.5,43.61,41.44,40.85,27.26,22.59,23.02,43.72,37.27,30.86,20.73,30.25,40.45,32.23
"365","2017092407_567",47.11,41.47,48.6,42.52,43.83,42.07,41.9,43.31,56.11,43.88,41.47,45.19,27.82,22.48,23.17,45.55,39.09,30.6,20.68,32,42.4,34.85
"366","2017092407_4270",48.28,52.32,56.95,42.53,40.68,43.45,43.63,44.19,43.89,43.14,41.25,7.32,36.87,22.62,34.6,23.87,38.41,12.82,11.86,18.05,9.17,27.96
"367","2017092407_3932",72.49,80.01,68.71,77.48,77.55,79.57,80.29,67.91,78.32,79.72,80.33,10.78,25.74,33.87,31.64,8.36,14.07,21.93,21.55,10.83,27.83,20.57
"368","2017092407_37",74.15,58.99,81.39,79.98,78.59,77.27,77.53,76.66,79.09,77.59,70.65,8.48,19.72,26.75,25.4,32.33,22.75,15.09,12.23,17.58,10.2,32.4
"369","2017092407_350",74.2,62.85,83.33,80.86,78.34,80.99,77.52,79.49,79.15,79.97,81.78,9.12,19.64,31.25,26.92,34.68,22.56,15.46,12.74,18.02,11.06,26.85
"370","2017092407_3318",68.17,73.92,66.72,72.94,71.01,72.51,75.45,71.17,62.08,70.34,73,12.31,28.88,33.92,33.97,7.25,17.26,26.04,36.59,24.27,9.66,21.69
"371","2017092407_2399",75.53,62.08,82.64,80.28,79.08,78.11,77.35,79.17,76.27,79.89,69.18,12.38,18.84,28.29,23.44,32.62,26.03,13.35,11.8,18.17,8.71,32.95
"372","2017092407_2242",46.91,42.72,51.72,43.6,44.02,43.03,42.63,44.38,55.69,44.59,41.72,43.76,26.71,21.81,21.99,44.21,37.79,32.08,19.24,30.68,41.27,33.67
"373","2017092407_1859",44.98,57.89,37.5,40.03,39.8,42.97,40.51,39.4,41.22,39.44,45.83,7.93,24.55,27.69,21.91,32.98,24.63,16.2,12.67,19.9,8.34,37.89
"374","2017092407_1653",74.38,78.95,72.95,78.4,78.01,78.61,79.81,78.2,65.11,76.58,79.11,10.02,25.94,31.48,31.17,9.32,15.45,23.02,34.08,22.9,12.27,19.83
"375","2017092407_1563",73.48,79.5,70.78,78.2,77.89,79.29,80.44,77.49,66.03,76.63,82.43,11.94,27.79,30.96,33.01,10.02,15.74,24.07,35.54,24.2,12.83,20.71
"376","2017092407_1266",44.99,57.44,38.63,40.67,41.51,42.37,40.71,40.39,41.56,40.3,45.58,6.99,23.84,31.2,27.26,33.32,23.63,14.57,11.61,19.06,8.44,25.74
"377","2017092406_422",72.37,73.78,66.07,80.72,78.55,78.58,76.16,77.53,76.18,79.32,77.89,11,42.76,24.2,32.36,21.38,26.98,22.19,37.28,14.97,39.75,12.07
"378","2017092406_2210",62.63,47.47,43.9,44.57,42.16,40.83,41.82,43.77,44.45,42.29,38.57,36.41,15.72,29.24,34.32,47.73,38.76,45.25,22.03,25.19,41.87,35.98
"379","2017092406_1987",58.88,47.22,43.39,43.02,41.33,39.88,41.53,42.22,45.56,42.22,40.16,23.11,35.46,23.18,9.61,24.9,5.23,10.36,29.98,29.81,14.82,19.19
"380","2017092406_1165",61.42,78.95,83.81,82.34,88.06,90.81,87.17,85.3,83.27,87.22,87.39,13.07,32.83,22.85,14.86,5.3,12.8,6.87,28.69,25.56,9.54,16.58
"381","2017092405_896",74.36,75.4,76.65,77.14,74.42,78.51,74.64,73.9,76.9,59.8,78.86,19.32,44.08,20.4,29.9,14.76,15.88,40.04,36.16,32.46,27.06,26.17
"382","2017092405_4303",75.08,71.86,66.39,67.58,67.37,70.32,66.67,67.72,70.53,74.87,72.74,17.66,34.39,28.78,23.41,30.4,22.53,24.88,32.68,38.31,13.53,26.44
"383","2017092405_3849",73.22,65.27,62.9,71.1,64.41,73.11,78.12,64.31,64.29,72.46,73.6,38.45,46.46,44.39,10.81,44.96,15.02,23.41,50.62,52.23,24.57,28.16
"384","2017092405_35",79.28,81.39,83.61,83.29,80.09,85.17,77.21,80.69,83.7,62.35,86.9,21.69,42.65,21.36,30.14,14.93,16.05,41.18,35.59,32.27,27.58,24.08
"385","2017092405_3420",77.08,80.6,79.27,81.1,76.06,79.08,78.73,80.27,80.02,63.05,81.91,18.77,43.51,19.6,28.48,42.04,12.41,13.44,36.69,32.32,26.15,24.76
"386","2017092405_2234",80.05,82.53,78.59,79.73,78.3,79.22,78.31,82.57,65.59,81.2,82.46,22.58,13.25,29.91,9.76,24.39,42.47,18.74,36.75,27.28,37.98,38.63
"387","2017092405_1847",45.33,43.99,41.86,40.37,43.2,43.55,44.91,45.06,43.51,61.63,40.49,33.36,7.89,32.64,23.55,38.27,39.36,9.51,16.34,19.5,25.44,27.39
"388","2017092405_1252",42.35,40.91,39.65,38.14,40.93,38.37,43.76,42.04,40.16,62.25,36.27,33.34,10.35,31.2,23.64,37.2,37.47,10.72,16.41,19.71,23.19,29.23
"389","2017092405_1054",79.05,82.31,79.54,80,76.16,78.77,78.9,82.52,65.67,82.34,83.08,22.67,14.49,29.01,10.1,30.06,43.79,19.11,34.69,28.56,36.76,39.57
"390","2017092404_984",64.08,75.99,66,70.8,72.56,77.61,77.56,74.02,78.89,75.45,76.87,22.58,12.93,43.73,7.79,36.02,20.77,24.32,30.55,17.13,7.99,39.26
"391","2017092404_419",53.73,42.96,53.49,48.34,46.24,41.14,40.3,44.97,39.44,44.49,43.92,35.04,41.36,12.05,44.93,17.52,33.7,29.73,26.5,36.03,45.28,14.46
"392","2017092404_36",73.14,73.64,61.06,74.13,69.66,73.73,76.06,75.73,79.51,76.31,74.54,29.37,38.88,27.82,36.49,12.6,42.43,17.07,31.92,22.18,20.58,14.58
"393","2017092404_3208",74.77,78.01,62.24,77.56,75.85,75.19,69.77,74.99,78.12,78.37,75.59,30.81,40.3,30.46,36.52,17.89,14.65,42.04,19.33,24.67,33.86,21.12
"394","2017092404_3017",59.82,43.77,59.32,52.58,47.77,42.99,42.81,45.38,40.58,42.28,43.19,31.15,39.01,8.59,44.22,17.94,31.81,27.28,20.95,34.76,43.27,15.98
"395","2017092404_2878",49.36,44.54,61.45,45.55,46.01,45.67,53.04,47.56,44.67,43.4,46.4,25.8,15.44,26.59,19.21,40.21,41.65,11.8,37.48,23.63,31.1,34.4
"396","2017092404_2612",45.11,40.64,42.08,59.52,41.64,43.55,49.93,42.57,41.49,39.27,43.23,24.17,15.43,42.29,25.97,18.71,37.48,14.89,33.79,21.14,28.76,31.31
"397","2017092404_2304",61.9,74.65,64.61,66.43,71.93,75.5,76.99,73.56,77.33,75.23,76.02,23.81,13.56,47.29,8.84,37.24,21.34,26.25,33.7,18.25,9.39,41.41
"398","2017092404_1937",59.73,74.15,63.45,66.88,71.06,75.64,76.28,72.45,76.86,74.07,74.11,27.05,13.88,46.13,8.6,36.5,22.86,26.71,34.39,19.74,9.96,40.38
"399","2017092404_1725",44.7,40.87,58.96,43.23,44.2,41.25,51.17,41.96,40.67,41.1,44.86,24,15.08,24.53,18.38,37.08,38.99,14.01,34.4,28.87,20.72,33.19
"400","2017092404_1668",48.24,46.07,61.35,48.22,47.21,47.11,52.68,45.77,45.88,44.15,46.79,25.25,14.83,25.06,17.58,38.57,41.44,11.88,36.58,20.49,30.47,34.15
"401","2017092404_1421",62.87,75.65,65.95,69.07,73.81,77.45,77.83,75.15,78.53,75.05,78.06,23.61,14.99,45.87,9.29,35.93,21.21,26.38,31.64,17.71,8.61,39.93
"402","2017092404_1141",45.38,42.33,60.64,43.3,44.18,44.93,47.57,43.06,43.9,43.66,40.32,20.31,15.12,19.47,28.71,16.68,34.55,37.57,10.78,31.75,19.08,26.31
"403","2017092403_44",46.55,48.52,63.03,47.44,54.38,46.34,48.09,48.98,45.86,47.04,56.42,31.79,21.79,28.75,27.67,38.88,15.12,38.04,40.47,25.29,44.23,32.87
"404","2017092403_4209",43.52,50.99,45.29,42.85,45.46,44.03,56.6,45.01,41.95,43.89,48.58,45.87,17.62,14.62,26.85,32.11,23.47,31.74,36.38,38.26,34.36,45.41
"405","2017092403_392",44.32,44.65,62.46,42.23,50.84,40.87,44.95,45.19,42.45,44.81,46.43,23.92,12.37,22.38,18.52,26.71,8.77,28.03,31.8,15.9,35.24,15.11
"406","2017092403_3509",77.15,69.99,75.19,76.85,76.04,75.27,60.45,73.56,76.53,73.6,70.65,13.26,47.94,47.67,38.75,33.58,42.44,32.89,26.26,21.14,29.13,12.97
"407","2017092403_2164",40.59,48.96,43.64,41.42,44.74,43.16,56.17,42.91,41.05,43.55,45.69,42.18,14.02,11.99,22.6,27.22,18.33,29.18,33.94,36.54,31.47,44
"408","2017092403_1827",71.98,68.59,56.59,70.56,64.41,71.59,69.51,68.94,70.14,70.28,66.17,22.63,36.78,26.42,31.98,19.28,43.06,19.29,14.64,26.05,10.44,34.15
"409","2017092403_1535",43.27,47.92,44.63,43.19,45.25,44.32,55.51,45.04,43.41,44.64,48.68,40.15,8.53,9.67,16.41,22.04,13.87,28.46,26.74,32.43,25.07,40.66
"410","2017092402_729",44.01,41.31,38.61,43.56,41.45,56.29,43.3,42.48,38.71,37.48,42.64,28.32,40.23,39.81,41.85,18.6,35.57,45.7,15.36,45.5,28.65,25.24
"411","2017092402_3217",78.1,76.99,80.3,75.42,79.82,68.23,71.9,78.77,78.22,80.69,79.56,33.42,27.17,30.17,23.45,44.16,30.21,19.14,41.54,19.23,34.45,38.82
"412","2017092402_2784",76.41,76.46,78.98,75.07,78.61,63.3,70.84,80.83,79.22,78.04,77.88,34.57,26.82,31.44,23.38,44.28,28.71,18.84,46.28,17.56,37.41,40.36
"413","2017092402_2442",65.16,86.49,82.91,82.92,84.89,79.27,75.27,86.03,82.89,82.21,81.99,30.58,37.15,26.18,36.46,43.41,33.11,46.7,40.31,18.02,30.37,48.34
"414","2017092402_1927",42.17,41.81,39.49,42.49,42.33,59.61,44.11,45.15,38.29,39,41.81,29.9,34.62,37.28,39.06,20.13,36.46,43.9,16.82,43.78,24.57,24.1
"415","2017092402_1695",65.81,82.89,79.53,80.75,80.23,73.71,71.69,80.57,81.96,78.38,78.38,29.83,31.3,23.19,29.22,40.36,26.66,43.02,34.99,14.49,26.34,45.88
"416","2017092402_1288",72.67,72.28,75.13,68.85,73.92,61.54,68.95,75.88,75,75.36,73.57,33.5,24.63,28.69,21.5,43.09,24.37,14.3,45.35,14.54,36.36,39.03
"417","2017092401_4342",51.37,51.67,50.97,48.68,65.79,50.04,50.17,55.85,52.07,50.21,52.65,44.42,46.56,14.03,30.54,30.82,32.92,35.77,11.73,25.65,40.3,18.23
"418","2017092401_3646",44.17,45.64,42.27,41.4,46.4,63.1,42.34,43.62,45.77,44.95,43.25,38.22,40.48,10.87,16.97,19.91,24.69,25.09,27.75,9.51,21.71,32.86
"419","2017092401_36",75.36,73.65,75.74,76.69,56.93,76.64,76.63,70.93,76,76.02,73.87,11.1,7.04,40.11,27.48,23.64,24.34,21.07,43.8,30.04,15.51,39.86
"420","2017092401_3128",77.64,76.99,78.03,80.32,56.95,79.79,78.08,72.51,77.66,78.08,77.8,10.26,7.62,40.79,24.32,22.19,21.71,20.52,41.96,29.36,13.94,38.87
"421","2017092401_2993",60.01,42.3,49.78,46.69,41.04,46.17,44.72,45.06,43.67,51.04,45.01,30.82,43.78,26.12,22.71,44.96,28.3,37.72,19.07,33.23,12.64,41.09
"422","2017092401_2561",62.69,52.42,46.52,50.97,50.66,44.01,47.13,46.41,48.37,45.22,45.96,30.95,12.33,44.85,25.62,22.77,47.39,28.74,38.07,21.18,34.26,40.99
"423","2017092401_2502",71.02,74.18,72.58,69.84,70.78,70.99,68.67,68.96,72.95,70.36,70.69,42.33,44.86,11.73,25.64,18.33,26.73,30.08,33.44,7.56,21.72,37.58
"424","2017092401_2019",48.13,49.11,44.91,43.84,46.57,63.48,45.06,46.43,51.43,46.27,48.22,38.25,42.16,9.38,20.55,14.56,26.88,22.65,25.85,6,17.31,31.85
"425","2017092401_1417",58.07,73.1,74.85,74.3,68.82,73.63,73.56,77.2,78.64,70.53,73.63,30.47,18.88,36.27,38.56,39.44,28.02,24.29,41.25,32.89,11.44,21.81
"426","2017092401_1265",44.99,46.74,44.79,43.4,47.22,63.62,44.07,44.29,49.97,45.61,47.2,44.27,47.67,15.75,31.22,22.49,31.75,35.13,37.72,14.58,25.35,42.14
"427","2017092400_716",78.3,78.99,78.08,65.84,77.03,72.53,76.25,76.88,77.6,79.71,82.78,33.49,19.87,13.94,22.45,27.87,24.53,17.09,35.2,16.4,29.25,12.31
"428","2017092400_409",76.07,78.06,78.28,64.12,75.33,78.64,75.6,72.82,76.72,76.79,81.29,34.69,17.81,14.28,20.95,26.68,23.73,15.61,32.75,15.8,25.99,12.32
"429","2017092400_4019",77.08,73.3,58.43,75.09,80.73,70.08,72.15,71.63,71.55,73.57,71.88,13.85,4.74,23.73,20.61,27.05,26.27,23.15,32.5,2.34,12.27,26.06
"430","2017092400_3365",46.03,51.28,50.73,59.27,45.5,42.71,46.87,46.37,43.7,45.77,45.39,7.59,37.5,32.25,25.19,11.12,20.37,26.84,3.06,17.97,28.84,36.8
"431","2017092400_2682",76.88,74.66,73.74,79.2,64.11,76.26,74.33,80.92,79.13,77.13,78.47,40.05,24.92,20.39,37.55,28.9,42.57,32.38,29.31,44.35,24.33,19.72
"432","2017092400_2285",38.18,37.47,60.7,38.16,35.84,40.24,36.43,38.96,36.31,42.07,36.83,31.25,36.96,30.16,29.41,14.19,20.9,27.6,11.92,40.66,36.21,21.88
"433","2017092400_2036",38.13,43.47,42.59,53.78,39.56,43.02,36.58,39.94,38.05,40.1,36.35,8.53,34.65,29.83,24.27,12.81,14.54,24.62,6.36,18.05,26.11,33
"434","2017092100_778",48.12,59.22,41.21,50.94,46.47,45.89,43.54,44.15,45.04,45.63,43.87,8.5,22.08,24.01,38.26,34.2,29.86,5.32,27.4,16.03,12.22,18.25
"435","2017092100_4446",58.02,48.28,57.4,55.21,56.02,57.17,52.43,57.47,53.6,55.73,49.07,11.98,28.91,31.36,9.26,0.41,13.23,32.2,7.72,32.3,5.96,22.05
"436","2017092100_4118",81.67,78.84,77.57,79.23,64.86,82.89,80.53,79.56,79.46,81.67,76.77,20.66,36.17,4.65,15.91,21.03,7.6,30.91,11.88,39.48,27.67,23.39
"437","2017092100_3780",60.73,50.86,51.61,47.77,46.83,47.05,47.97,48.01,49.19,49.26,46.72,28.88,11.83,41.41,15.78,30.78,21.1,45.41,34.15,23.15,39.89,24.51
"438","2017092100_36",36.56,41.54,57.02,27.88,37.3,30.59,34.33,32.06,35.44,33.64,31.09,46.86,16.73,35.3,47.34,21.3,31.95,21.23,36.89,26.68,41.15,29.88
"439","2017092100_2302",39.7,40.19,45.8,42.36,59.23,40.26,38.59,36.82,41.18,40.66,44.01,31.78,17.63,43.54,40.15,33.45,49.4,21.06,37.68,14.67,25.16,28.88
"440","2017092100_1836",41.94,43.96,49.21,44.44,64.32,41.44,43.22,39.94,43.69,41.78,44.39,33.08,17.11,45.94,37.03,34.99,45.93,21.02,40.56,12.83,26.31,23.02
"441","2017092100_1484",43.19,45.09,49.53,45.79,65.24,42.06,44.9,42.86,46.72,45.02,46.23,32.17,15.09,45.53,37.78,34.22,44.41,20.5,39.33,12.88,26.25,22.8
"442","2017092100_110",46.76,57.09,35.51,42.97,42.71,38.17,40.03,39.93,42.08,40.11,39.94,13.98,32.88,42.36,42.28,20.11,33.17,21.2,34.53,26.88,40.47,30.39
"443","2017091800_578",37.58,54.62,41.69,46.71,48.09,38.32,35.36,37.83,35.86,38.55,41.5,8.7,21.71,12.74,39.9,7.98,20.06,33.04,16.1,25.11,29.06,37.42
"444","2017091800_35",78.83,79.09,79.7,75.54,76.34,80.67,73.57,81.18,80.54,77.38,65.25,12.35,18.64,22.14,31.04,8.89,26.74,35.58,24.12,37.64,14.56,24.13
"445","2017091800_2786",38.37,39.75,57.6,43.39,41.27,49.09,48.99,38.67,42.03,41.15,42.83,26.68,19.13,23.87,13.42,29.1,40.65,9.76,16.44,9.18,24.28,35.95
"446","2017091800_2295",46.7,46.34,49.64,54.55,44.54,49.09,44.09,44.67,48.14,61.23,48.1,33.83,25.44,12.71,35.01,17.01,5.29,21.73,10.38,33.23,22.86,31.96
"447","2017091800_1797",83.33,63.3,80.06,81.12,74.07,75.68,82.9,83.47,83,81.47,80.37,26.69,33.06,40.47,24.48,13.68,44.22,35.11,39,44.82,29.92,18.6
"448","2017091800_1731",80.37,64.5,77.59,70.25,74.49,79.06,80.47,81.11,81.26,76.77,77.13,29.72,36.3,41.93,16.14,45.86,36.91,32.68,40.34,45.75,26.8,20.22
"449","2017091800_1176",79.47,61.42,76,70.47,71.93,77.95,80.08,78.19,79.29,76.53,75.27,27.27,35.04,41.8,14.7,45.45,36.63,30.48,39.76,44.93,24,16.84
"450","2017091713_37",61.88,77.55,76.38,74.8,77.25,78.93,74.72,80.93,74.54,79.68,78.62,19.54,32.12,28.09,27.06,12.38,15.59,30.11,19.14,12.42,22.24,4.42
"451","2017091713_3573",58.58,74.91,73.15,70.6,73.1,73.15,71.46,75.24,74.24,76.28,71.69,20.66,36.73,28.37,24.12,8.76,11.54,31.39,3.47,12.8,18.18,5.41
"452","2017091713_3202",57.73,75.83,73.56,72.55,74.52,74.75,71.32,75.74,76.53,76.56,74.33,22.27,35.7,29.96,26.96,11.98,13.64,33.9,3.84,18.07,23.58,5.87
"453","2017091713_2798",64.03,73.77,64.12,67.45,72.11,74.92,77.15,75.58,76.62,73.73,77.78,17.62,10.84,44.75,6.54,33.6,27.66,23.57,14.94,8.5,36.4,19.92
"454","2017091713_2555",60.47,44.26,44.72,46.65,44.01,43.66,46.34,42.3,41.41,42.35,45.98,31.91,19.26,23.06,24.73,40.89,38.87,20.94,47.56,33.11,29.31,44.96
"455","2017091713_2245",64.29,73.67,65.17,73.36,75.36,75.85,74.57,60.87,76.37,74.16,77.14,18.67,11.35,8.83,33.39,28.38,24.96,16.35,40.56,8.18,36.9,20.46
"456","2017091713_1491",65.13,75.98,64.38,69.06,73.1,76.14,77.37,76.43,75.93,73.18,77.37,20.17,12.14,43.82,8.13,35.09,30.99,23.4,16.31,9.14,39.54,20.69
"457","2017091713_1116",58.42,68.81,60.64,63.74,67.01,69.8,67.51,68.48,69.15,67.73,69.55,24.18,14.24,45.58,6.94,36.48,26.15,31.84,17.08,9.04,40.97,20.93
"458","2017091712_951",71.64,76.44,62.69,81.22,75.04,76.77,80.02,77.8,79.48,77.84,80.27,34.35,31.17,21.43,38.7,9.37,35.14,27.3,14.12,11.25,18.8,23.58
"459","2017091712_468",72.5,75.38,62.51,80.93,75.66,74.62,78.67,78.24,78.3,79.05,80.46,36.82,32.29,20.12,37.83,8.24,32.67,27.56,12.58,19.61,25.91,8.21
"460","2017091712_3785",73.92,74.98,60.91,73.14,74.59,79.8,76.31,78.3,77.18,77.29,77.07,47.08,39.42,31.31,17.35,42.51,35.92,21.47,19.48,26.38,30.38,47.37
"461","2017091712_3469",40.52,40.9,39.19,47.53,43.24,61.94,38.14,39.67,38.02,41.02,38.7,25.25,3.81,16.53,38.89,26.69,29.74,40.1,14.94,34.27,10.36,20.85
"462","2017091712_2215",47.06,44.51,56.94,46.13,44.31,41.6,43.05,40.31,42.26,41.82,39.56,9.67,15.55,22.01,35.29,11.86,18.29,29.79,33.47,27.58,24.62,7.57
"463","2017091712_2155",79.94,77.95,79.61,76.3,60,83.27,68.81,77.99,82.7,78.24,80.7,20.42,39.48,33.67,15.88,18.33,9.84,12.61,25.59,13.65,41.7,29.02
"464","2017091712_1852",78.91,78.23,78.46,72.58,76.19,59.78,81.42,75.56,80.03,77.07,78.86,21.7,37.69,31.68,9.96,18.24,21.56,13.06,27.06,16.33,40.12,27.9
"465","2017091711_966",44.65,45.7,57.43,53.8,48.13,48.28,48.47,42.87,45.03,41.8,45.22,18.95,14.05,31.78,34.58,19.65,8.34,28.21,36.16,32.28,28.66,12.44
"466","2017091711_564",78.03,77.14,63.23,70.65,74.22,74.36,77.38,79.93,79.89,80.39,79.76,24.78,30.41,19.16,12.82,23.65,39.17,16.83,11.01,13.55,17.74,33.96
"467","2017091711_3951",70.87,70.88,62.73,61.75,69.04,68.51,72,72.94,70.13,71.96,73.64,35.79,40.14,28.47,19.19,34.09,27.1,28.42,17.7,43.53,21.01,43.19
"468","2017091711_2576",61.61,79.97,72.23,73.39,76.92,77.17,78.17,74.8,76.8,78.55,79.87,22.64,12.66,39.6,12.05,17.99,31.42,15.42,34.4,28.35,21.07,24.92
"469","2017091711_1759",60.42,70.21,79.91,76.08,76.27,76.64,78.81,75.33,76.57,77.74,79.74,19.52,36.24,9.35,16.72,34.7,32.35,19.85,9.25,27.98,12.46,23.38
"470","2017091711_1360",71.08,63.63,78.84,76.43,74.29,76.61,77.66,74.2,76.74,76.36,78.12,11.81,24.33,41.62,34.19,17.62,19.64,31.78,42,23.15,39.71,25.68
"471","2017091711_1186",49.15,49.3,60.73,56.14,51.33,51.9,52.57,48.13,49.09,46.82,48.05,19.75,15.66,31.13,34.45,22.4,10.04,28.67,36.47,34.07,30.47,12.58
"472","2017091710_339",62.06,72.58,81.5,75.64,78.31,72.43,77.88,77.58,77.57,81.69,81.42,20.82,4.77,8.9,22.88,33.07,36.21,18.54,15.18,28.14,17.1,12.4
"473","2017091710_3348",49.39,44.9,43.58,39.75,45.31,50.21,41.1,41.64,51.27,40.3,45.3,32.66,26.31,37.05,42.61,30.51,46.36,40.25,24.01,15.5,35.21,17.93
"474","2017091709_968",55.45,41.99,45.41,40.03,41.75,44.51,39.89,40.33,40.77,42.65,41.58,29.75,35.8,18.82,33.69,16.23,22.5,29.73,39.09,24.84,20.75,31.98
"475","2017091709_567",69.12,77.43,76.04,81.5,81.98,78.54,83.48,82.91,83.59,80.8,79.52,27.58,18.36,33.16,18.36,36.74,31.37,22.86,15.89,29.59,34.77,20.56
"476","2017091709_38",46.56,45.8,44.8,58.47,51.01,45.9,46.4,47.73,49.25,45.83,45.96,37.6,31.5,45.04,35.42,14.95,40.96,43.41,17.03,19.47,35.56,23.9
"477","2017091709_3302",55.88,54.05,53.68,53.11,55.27,56.42,55.41,54.93,54.53,56.15,53.54,8.55,5.95,2.9,27.71,32.78,26.93,-0.13,29.86,3.26,12.14,20.45
"478","2017091709_2995",56.31,38.39,44.11,41.24,40.22,43.03,36.79,38.94,37.95,39.74,41.9,27.73,37.3,18.19,36.09,11.11,22.85,31.78,40.76,26.49,20.88,33.7
"479","2017091709_2877",55.85,38.17,43.96,37.96,37.15,41.54,35.49,37.84,37.95,38.62,39.61,29.02,35.36,19.89,36.39,17.07,22.41,30.34,41.39,25.15,19.12,34.28
"480","2017091709_2549",64.15,75.46,72.4,76.91,77.82,74.25,79.76,76.94,79.14,76.75,76.67,29.58,16.11,35.37,18.16,36.8,31.57,22.24,14.56,29.52,33.7,20.43
"481","2017091709_2341",40.49,42.31,37.1,51.45,47.3,39.4,41.83,39.42,41.57,37.57,40.59,38.86,31.88,47.43,36.87,21.78,21.32,40.57,18.12,43.94,35.81,26.68
"482","2017091709_1968",59.17,70.97,66.38,72.53,72.03,68.93,74.12,72.89,72.46,70.7,71.6,28.63,14.58,33.62,15.98,35.38,29.99,19.35,13.32,27.25,32.76,19.05
"483","2017091709_1129",70.83,70.38,71.15,63.59,70.55,71.68,68.97,71.8,70.44,72.14,72.31,22.14,33.92,14.64,27.76,46.38,16.75,17.6,44.7,42.08,24.28,39.43
"484","2017091708_911",52.9,45.13,47.1,41.97,48.57,45.13,43.2,46.4,45.07,58.93,46.37,17.27,23.97,20.53,41.5,45.8,45.17,16.13,36.83,32.77,32.93,29.67
"485","2017091708_3651",46.84,41.15,42.73,55.29,43.25,39.48,48.69,44.79,38.26,45.42,41.4,11.46,17.21,11.66,24.5,28.12,25.35,33.99,30.13,19.73,15.81,36.96
"486","2017091708_3303",43.43,42.17,43.72,57.84,42.32,39.78,49.12,44.45,38.97,46.54,41.14,44.78,35.76,41.62,32.25,26.08,28.24,21.2,24.78,33.99,35.92,17.1
"487","2017091708_2715",76.15,74.35,62.42,76.14,78.05,67.81,72.31,75.28,78.31,72.93,76.14,14.25,5.1,19.15,27.3,23.19,31.67,29.55,9.79,18.16,14.9,37.12
"488","2017091708_2429",54.32,44.37,50.45,40.93,48.74,43.81,42.97,44.88,44.84,53.37,44.79,20.51,26.29,21.06,42.63,45.14,47.2,21.08,36.65,33.53,34.42,30.45
"489","2017091708_2210",78.27,78.67,63,78.97,80.33,70.73,76.47,78.77,81.07,75.47,79.8,12.3,4.53,16.73,23.3,16.27,31,25.8,9.4,17.63,13.63,36.7
"490","2017091708_1974",54.3,43.39,46.57,41.51,48.04,43.39,42.17,44.75,45.09,57.24,44.51,18.64,27.08,21.26,42.9,44.31,46.79,17.29,37.41,33.5,34.12,31.02
"491","2017091708_1361",53.75,42.99,48.94,40.8,47.1,43.32,42.77,44.78,44.4,56.92,45.25,18.66,23.88,17.98,40.78,46.38,45.61,17.34,36.16,32.62,33.36,29.96
"492","2017091707_3833",26.67,37.51,59.89,44.65,28.83,26.69,32.53,29.4,28.74,49.52,26.89,36.54,25.25,31.33,40.76,24,32.24,28.17,37.42,43.31,13.83,38.16
"493","2017091707_37",43.32,46.99,61.52,51.85,44.49,43.09,43.01,44.69,44.22,44.99,50.59,24.34,14.23,23.53,38.12,32.63,10.03,20.08,15.79,29.27,38.19,6
"494","2017091707_369",64.4,67.5,60.74,73.93,72.11,71.64,69,70.35,69.01,71.97,71.31,43.61,11.73,26.84,20.71,30.56,24.82,12.97,16.46,38.8,34.84,41.65
"495","2017091707_2953",64.9,69.16,61.38,72.23,68.07,69.87,72.29,69.06,71.07,72.78,71.61,41.13,37.27,22.74,31.37,6.7,14.04,26.23,40.98,21.46,16.98,9.01
"496","2017091707_1341",50.59,59.36,43.51,49.1,47.29,45.3,47.21,46.87,45.8,45.53,45.65,12.96,30.62,22.33,45.37,39.59,27.61,14.16,17.91,32.96,37.05,44.05
"497","2017091706_986",76.66,70.15,73.61,73.78,74.78,74.93,61.58,75.13,76.27,74.36,71.87,10.65,43.92,40.88,30.34,28.15,35.31,26.63,21.16,16.93,22.86,9.77
"498","2017091706_37",59.84,73.68,76.19,73.47,74.98,72.73,69.66,74.58,73.48,73.16,75.77,29.03,47.83,43.72,20.01,24.3,18.91,15.46,36.19,41.27,24.8,32.51
"499","2017091706_2860",47.56,53.65,50.84,51.34,48.92,50.16,63.29,48.81,48.4,49.49,53.17,41.71,7.04,10.58,17.91,23.39,15.85,29.45,32.24,35.92,27.96,41.52
"500","2017091706_2571",61.72,73.5,78.92,76.05,75.77,75.31,73.11,79.19,77.15,76.54,79.4,25.82,45.26,40.44,16.22,24.08,18.02,14.77,30.06,35.6,19.57,32
"501","2017091706_2317",40.55,49.53,46.25,45.54,42.73,43.14,55.61,43.01,41.31,43.41,46.6,42.25,12.04,11.04,23.93,27.55,18.52,29.37,34.4,36.5,31.5,45.28
"502","2017091706_2027",42.29,46.43,43.99,44.48,43.47,42.82,58.55,42.49,41.14,44.3,47.05,41.14,12.16,13.67,23.7,26.57,19.56,29.03,34.08,36.28,31.86,43.91
"503","2017091706_1255",63.86,50.89,47.96,48.21,48.07,49.81,51.46,47.85,49.26,50.48,46.78,27.15,5.71,8.46,36.06,32.35,32.29,38.03,21.54,18.03,30.61,18.8
"504","2017091705_655",69.57,60.22,79.04,79.96,77.2,75.21,66.36,77.33,75.83,80.85,76.6,35.39,14.97,11.55,10.31,19.66,23.09,17.16,14.45,33.79,22.38,27.19
"505","2017091705_508",41.56,42.82,42.75,48.07,41.22,40.28,54.74,41.15,44.26,37.81,42.5,20.45,15.84,24.28,33.16,8.66,7.13,24.98,31.12,27.47,6.04,9.5
"506","2017091705_4069",53.41,58.6,47.84,49.7,55.46,56.62,46.36,57.6,50.44,52.09,53.45,11.4,8.08,14.66,27.86,11.21,6.18,27.9,9.27,25.19,24.82,8.7
"507","2017091705_36",40.98,43.42,42.49,45.71,42.62,41.22,54.84,41.44,43.84,38.08,43.34,18.37,16.47,23.1,31.94,12.94,8.74,25.62,32.2,26.91,5.37,12.46
"508","2017091705_3272",72.6,68.6,61.53,79.55,77.64,75.87,74.39,78.39,81.26,77.02,77.21,47.08,19.26,30.97,22.2,20.35,34.23,41.32,36.72,45.29,31.65,43.7
"509","2017091705_313",75.04,65.74,81.86,80.29,79.41,78.95,68.2,81.84,82.86,81.84,79.28,48.26,31.53,25.68,23.37,33.99,41.54,20.52,37.18,47.09,28.34,44.4
"510","2017091705_2370",70.56,61.22,80.38,78.52,77.08,75.61,65.48,78.65,78.98,81.24,77.15,8.76,16.77,30.9,33.01,22.37,15.14,31.9,17.19,9.52,22.9,11.45
"511","2017091705_1874",49.27,56.87,39.27,42.42,42.51,44.66,54.3,41.65,42.43,38.24,44.79,44.09,35.73,23.56,21.53,29.32,37.05,21.69,33.85,42.17,27.21,40.87
"512","2017091705_1695",79.39,78.26,78.29,72.75,78.55,79.54,65.15,76.44,78.75,79.55,77.16,32.99,37.06,30.61,20.08,42.74,45.88,26.13,27.87,23.59,49.39,40.81
"513","2017091705_1345",78.94,76.09,76.88,71.19,78.62,78.05,63.32,75.14,77.78,76.44,76.98,30.43,35.25,28.21,18.23,35.67,45.64,25.3,23.86,19.45,48.55,41.93
"514","2017091705_1052",73.7,64.84,80.58,77.6,76.53,78.11,67.36,81.33,81.96,79.65,80.04,47.48,30.46,26.32,23.96,34.7,40.96,20.31,37.99,47.16,32.21,44.86
"515","2017091704_596",72.17,82.43,81.77,79.6,74.73,79.9,80.07,79.53,82.97,69.03,81.77,45.47,26.3,24.1,37.7,17.77,41.8,16.53,31.2,35.13,29.17,39
"516","2017091704_3967",60.73,67,55.63,55.6,69.83,51.9,66.57,59.9,47.2,48.77,53.67,49.23,47.07,54.57,41.1,49.37,26.83,45.47,53.17,36.13,21.33,24.27
"517","2017091704_36",75.9,83.5,81.97,81.23,79.8,82.07,82.6,80.73,83.87,68.23,83.87,34.87,24.53,20.93,34.3,21.13,42.5,16,29.73,31.4,27.97,38.03
"518","2017091704_3598",47.6,48.27,48.57,42.63,44.13,49.97,43.3,57.37,41.7,42.2,43.2,32.03,20.23,28,38.27,35.5,9.23,40.7,29.93,21.63,11.13,16.93
"519","2017091704_2980",72,80.93,76,80.4,79.37,78.4,77.33,81.1,66.8,81.83,80.17,41.13,25.6,16.93,22.53,34.43,17.53,29.77,33.33,28.3,41.2,38.4
"520","2017091704_2662",59.77,63.37,61.77,65.23,66.17,60.17,61.97,53.07,65.77,66.97,64.1,25.47,37.8,27.5,20.6,25.67,45.03,17,27.8,37.2,45.13,41.83
"521","2017091704_253",51.77,49.97,48.67,46.1,47.3,51.3,51.53,59.17,44.23,46.07,47.3,30,13.9,27.5,37.83,35.37,8.63,39.43,27.57,20.93,10.13,15.7
"522","2017091704_2505",51.03,41.8,47.5,42.47,44.37,45.37,44.83,41.6,56.6,41.8,42.83,40.77,21.97,13.33,18.87,33.77,14.6,25.33,33.1,31.13,39.33,36.5
"523","2017091704_1927",71.43,77.77,75,80.97,81.4,76.37,77.07,63.2,81.9,82.63,80.33,27.33,39.8,29.53,20.67,25.87,45.57,21.23,23.9,37.03,45.23,42.37
"524","2017091704_1780",73.57,76.13,75.47,80.77,80,73.1,78.2,64.13,82.93,82.13,79.33,24.37,38.37,28.6,18.53,24.63,46.23,17,25.4,33.63,44.13,40.27
"525","2017091703_675",64.2,74.17,77.17,73,76.43,75.58,77.17,77.33,72.81,66.61,77.79,27.97,38.97,30.91,11.54,23.11,8.13,33.78,26.99,14.83,8.26,39.4
"526","2017091703_3939",69.55,73.27,67.77,59.88,68.09,71.37,69.72,70.89,68.05,72.9,76.51,36.18,8.6,10.73,22.02,28.53,26.97,9.65,38.91,19.07,22.73,10.54
"527","2017091703_3764",56.28,49.07,45.76,45.79,41.95,42.48,43.83,43.44,46.38,52.01,44.05,25.37,38.21,25.63,6.46,12.4,18.09,30.17,23.68,10.51,6.71,35.88
"528","2017091703_3599",55.79,46.23,52.7,42.9,55.39,49.76,52.59,54.79,54.22,56.15,44.3,51.96,20.69,25.19,28.12,47.25,39.47,34.98,50.34,30.64,44.1,27.48
"529","2017091703_2881",70.12,80.85,86.54,75.11,81.11,79.08,88.18,85.3,79.67,72.7,88.25,31.61,40,38.69,23.21,25.88,25.18,42.91,24.84,20.64,16.81,47.65
"530","2017091703_2591",66.23,73.55,78.78,74.72,82.34,78.15,78.79,82.09,78.03,71.39,81.26,33.03,16.85,30.31,19.8,43.37,31.78,25.67,36.11,42.46,47.77,46.66
"531","2017091703_2376",66.92,75.34,78.66,80.49,84.91,80.8,80.84,85.4,79.57,73.54,80.95,29.96,19.57,28.27,44.19,38.83,31.47,22.2,34.39,42.12,45.85,19.43
"532","2017091703_2021",66.08,73.77,76.01,75.51,78.83,77.58,76.35,78.79,74.05,69.48,75.64,26.79,18.93,25.95,45.17,33.16,40.22,24.45,30.24,40.99,43.45,20.18
"533","2017091702_781",76.45,73.93,79.29,75.96,79.33,73.32,76.53,74.38,78.84,60.68,79.93,13.01,22.38,48.6,25,35.57,44.31,39.79,17.71,32.88,26.92,26.55
"534","2017091702_489",75.8,77.51,77.66,77.19,75.64,80.66,77.82,73.47,77.33,61.35,82.12,29.67,42.42,8.48,11.91,39.96,5.77,23.22,14.14,26.29,21.81,17.27
"535","2017091702_4307",59.6,74.45,66.49,78.34,66.46,76.35,75.91,78.97,77.03,77.12,80.09,22.48,21.11,8.63,31.4,43.64,33.82,24.22,13.79,17.44,37.34,27.52
"536","2017091702_3667",59.06,72.51,64.49,75.78,65.48,74.07,75.89,73.82,74.81,76.77,74.09,23.21,20.33,9.15,31.77,44.7,34.72,13.65,16.52,37.88,19.84,29.1
"537","2017091702_36",76.48,75.78,77.55,78.52,81.25,72.17,78.26,76.31,77.67,61.39,83.54,41.65,31.6,8.59,11.86,5.77,39.21,24.77,18.1,29.06,22.52,18.15
"538","2017091702_3372",59.04,74.2,69.55,77.21,70.55,76.56,74.4,77.21,75.15,78.72,78.9,22.73,20.45,8.79,30.12,42.77,23.57,33.03,13.32,16.85,37.24,22.32
"539","2017091702_3153",55.52,54.88,54.61,53.99,52.22,51.45,53.16,54.63,52.93,63.79,51.42,34.95,45.92,6.04,33.6,9.48,29.75,13.47,42.15,21.85,27.74,14.94
"540","2017091702_1560",60.76,76.37,72.07,79.94,73.02,74.4,78.26,76.16,78.77,81.88,79.38,22.26,21.11,9.69,33.89,43.16,34.58,13.8,16.25,37.24,30.44,23.56
"541","2017091700_662",42.33,34.88,37.54,57.26,37.45,41.19,37.1,38.23,38.47,40.38,37.83,16.53,39.52,42.2,32.33,32.22,30.52,18.16,44.97,39.02,29.72,23.75
"542","2017091700_38",42.78,35.59,33.88,56.33,37.57,39.08,35.26,36.84,37.53,38.1,38.33,16.12,35.96,42.79,31.64,32.49,27.85,18.24,45.4,39.17,28.2,22.54
"543","2017091700_3133",37.64,37.21,58,39.28,37.57,38.19,41.05,41.28,38.16,42,38,28.21,31.58,25.46,23.31,14.77,9.93,13.47,10.38,37.38,29.62,20.71
"544","2017091700_2662",42.06,41.38,40.72,44.24,41.87,42.19,43.07,38.05,54.8,42.45,39.15,31.81,21.28,36.09,42.99,29.02,7.79,32.69,19.96,25.76,16.61,12.06
"545","2017091700_2232",48.11,47.23,46.45,45.6,48.36,45.85,48.24,45,58.33,47.05,45.53,9.04,29.65,20.13,36.69,43.53,26.81,31.76,17.62,26.33,12.29,4.45
"546","2017091700_2191",68.84,66.85,59.3,68.82,68.62,69.23,69.36,65.99,63.87,67.44,68.36,24.23,22.37,22.44,25.63,26.43,24.81,24.38,25.75,21.97,24.2,23.98
"547","2017091700_1494",47.28,43.38,42.77,40.09,44.47,43.36,44.39,40.68,55.44,41.36,40.83,9.82,31.61,20.52,37.08,43.27,28.7,33.32,18.79,26.15,13.44,5.81
"548","2017091700_1310",81.98,81.7,61.93,80.14,82.43,78.56,78.17,81.43,78.24,82.99,80.66,32.08,23.85,29.67,34.5,46.91,40.35,46.44,21.46,28.46,35.7,42.77
"549","2017091400_913",75.48,80.36,82.87,79.06,77.55,71.05,79.73,82.02,66.36,77.56,78.36,9.54,25.71,28.76,38.37,10.02,34.91,21.47,17.14,22.09,12.88,31.98
"550","2017091400_3826",71.64,77.49,75.62,76.06,79.16,76.7,76.66,65.55,74.07,71.84,73.59,13.84,31.3,33.83,42.17,15.08,25.73,21.32,27.11,17.13,40.23,37.72
"551","2017091400_2560",71.28,57.9,77.63,78.91,77.58,77.24,72.62,75.18,76.7,76.96,76.64,17.24,19.93,12.74,28.82,36.04,24.27,31.77,33.77,22.07,16.34,17.57
"552","2017091400_2076",68.41,55.92,72.51,70.83,68.49,72.6,58.74,69.75,70.73,69.6,70.57,7.49,17.87,8.68,23.39,33.83,20.11,37.8,29.24,17.08,12.59,14.81
"553","2017091400_1877",45.71,40.12,41.85,42.91,44.38,41.9,39.79,49.61,54.95,43.39,43.82,45.62,29.89,25.78,45.69,14.58,34.09,40.25,17.73,31.85,42.52,23.32
"554","2017091101_37",72.57,78.58,79.31,73.38,78.52,80.5,81.8,80.5,81.31,67.64,79.89,14.75,13.91,31.02,37.62,37.91,10.44,32.94,17.27,23.04,23.98,25.66
"555","2017091101_3070",53.01,60.85,62.58,61.9,60.44,57.89,61.95,56.55,61.33,48.1,61.22,35.21,22.78,11.84,8.86,18.05,7.49,18.61,26.68,29.66,22.46,32.93
"556","2017091100_831",58.04,43.95,41.56,39.99,44.08,41.09,44.14,47.06,43.71,43.19,40.84,26.48,7.77,19.48,10.36,36.09,30.7,32.65,37.44,15.23,30.4,22.23
"557","2017091100_63",60.54,45.83,40.74,42.53,45.58,40.92,42.98,42.97,43.8,43.25,41.15,34.88,12.53,25.15,37.55,42.03,35.18,45.17,18.07,22.36,42.75,27.64
"558","2017091100_448",74.81,75.02,72.84,77.94,76.71,63.73,76.01,77.93,74.78,78.04,76.7,38.91,25.52,19.59,42.33,32.17,28.07,40.57,19.42,22.86,36.69,28.48
"559","2017091100_3846",68.87,70.07,77.68,74.97,68.33,71.23,73.86,70.69,75.65,76.87,69.95,44.13,46.47,27.07,13.89,39.23,50.6,26.05,43.6,19.74,15.45,50.46
"560","2017091100_3599",60.8,74.11,72.64,77.65,73.16,75.51,73.41,70.25,73.7,74.5,77.4,28.62,48.87,34.08,44.81,18.48,26.33,20.76,16.78,39.94,23.6,31.73
"561","2017091100_3387",43.57,45.47,45.66,39.45,40.1,55.35,41.12,41.89,42.83,39.24,41.99,15.4,29.96,28.63,8.7,21.85,22.27,13.25,38.65,35.12,16.15,27.97
"562","2017091100_3097",59.63,72.97,76.3,76.72,73.04,77.18,73.06,70.46,74.02,74.93,77.52,28.53,48.53,35.15,44.56,18.61,27.86,21,16.77,40.04,24.03,31.91
"563","2017091100_2816",78.14,75.98,74.32,81.18,78.26,65.94,79.14,79.17,77.64,80.45,78.34,34.65,26.85,19.06,40.78,31.51,29.66,38.27,18.81,22.62,34.95,28.48
"564","2017091100_2338",63.32,49.93,45.26,47.96,48.41,44.95,47.43,46.78,47.2,47.41,43.86,32.36,10.89,24.24,34.92,38.18,33.97,43.98,17.43,20.1,40.84,26.99
"565","2017091100_2112",73.87,70.52,70.23,75.55,72.69,62.81,74.04,73.95,71.98,74.89,75.36,43.95,23.15,13.54,39.08,25.1,26.2,37.27,16.07,19.01,35.55,29.62
"566","2017091100_2073",58.33,59.4,64.6,63.57,63.32,63.74,63.74,61.38,63.28,64.03,64.93,27.37,45.53,30.8,44.54,14.83,23.96,18.67,11.46,36.53,21.04,29.22
"567","2017091100_1521",62.09,78.31,79.11,81.08,78.95,81.47,78.6,74.42,75.9,79.18,80.78,26.47,45.33,33.53,41.49,18.21,23.78,20.4,15.59,40.23,23.91,31.45
"568","2017091100_1415",41.24,43.42,45.62,39.25,42.06,53.82,41.83,38.92,42.02,41.46,40.61,18.21,29.09,37.63,16.47,24.74,26.15,19.92,35.58,31.85,22.45,26.87
"569","2017091012_594",75.87,70.04,80.11,83.12,71.55,79.68,80.57,83.03,83.68,83.17,81.38,15.63,26.45,34.53,36.19,42.3,38,22.49,19.9,23.69,42.87,33.08
"570","2017091012_44",41.28,43.64,42.93,47.69,50.25,50.04,42.39,44.34,58.52,44.04,42.78,42.12,37.14,33.67,22.47,44.41,17.76,30.32,17.59,30.85,38.43,26.52
"571","2017091012_3610",74.96,68.93,78.86,78.07,78.26,81.99,77.64,80.43,80.82,80.42,81.62,13.63,25.17,24.87,41.26,19.84,40.14,36.71,14.76,30.52,36.23,28.58
"572","2017091012_2546",73.76,75.67,76.43,71.86,67.52,69.96,77.62,75.27,61.63,73.42,76.32,18.09,24.34,30.25,42.39,24.86,38.43,32.67,46.28,31.89,19.45,35.81
"573","2017091012_2165",49.31,53.81,44.27,41.68,52.39,44.12,45.65,42.93,41.4,41.25,40.53,36.82,23.92,28.8,11.58,8.51,13.44,32.96,36.4,21.38,14.75,26.75
"574","2017091012_1756",45.66,51.19,42.38,38.03,51.03,41.13,42.07,38.89,38.61,38.97,39.29,35.51,23.46,27.23,11.24,11.96,13.7,32.13,36.14,17.93,15.8,22.78
"575","2017091012_1072",45.41,49.7,40.26,35.97,48.44,39.7,41.88,35.39,37.59,37.33,36.18,20.34,38.19,26.31,43.54,44.7,40.46,23.68,17.79,33.98,39.25,28.24
"576","2017091010_3635",34.34,53.09,27.43,30.52,31.8,34.94,34.04,26.7,34.85,28.34,30.65,5.15,17.46,2.47,32.9,9.98,10.5,14.37,25.9,29.07,21.64,13.63
"577","2017091010_35",58.04,80.06,76.57,76.6,78.23,77.75,78.58,77.81,78.25,81.38,81.57,18.59,31.51,26.33,33.36,19.67,12.15,29.04,5.72,24.21,7.45,17.96
"578","2017091010_3001",63.33,49.03,52.37,52.7,51.52,51.68,49.2,52.99,48.41,53.37,47.42,24.03,37.19,27.55,38.73,22.03,13.01,32.96,30.78,18.07,7.12,8.59
"579","2017091010_2968",59.88,43.57,45.96,46.12,46.52,47.02,43.36,45.66,50.26,44.98,41.73,34.21,45.7,35.02,47.82,31.47,23.06,41.75,38.98,14.97,29.52,15.25
"580","2017091010_2349",57.96,40.94,42.95,44.46,43.19,43.1,42.19,43.2,42.14,41.43,40.41,32.52,21.81,29.81,20.2,33.22,40.36,26.17,26.92,46.75,36.73,45.65
"581","2017091009_575",76.64,74.57,77.8,74.52,80.72,69.32,76.86,67.61,75.78,73.6,59.27,9.83,41.02,16.61,26.96,18.94,37.41,24.24,13.96,13.35,35.05,23.23
"582","2017091009_3331",66.35,64.39,63.72,66.2,62.91,72.63,66.24,69.28,66.43,66.1,78.33,46.23,14.94,37.86,23.55,35.95,11.06,27.59,45.64,40.04,18.89,30.06
"583","2017091009_3135",40.8,42.39,41.64,44.5,38.87,54.18,39.11,49.32,44.81,44.07,58.48,45.49,13.58,38.38,22.51,35.06,13.83,28.33,41.65,40.66,18.94,29.93
"584","2017091009_302",59.8,46.54,41.16,47.54,44.32,44.76,45.04,43.14,41.73,44.29,40.91,23.97,10.95,31.9,37.09,18.85,33.09,6.33,15.67,20.85,30.96,27.27
"585","2017091009_207",48.54,58.52,48.35,39.01,45.41,45.12,44.25,42.57,43.59,42.76,41.01,10,23.62,39.36,11.5,36.04,18.96,32.75,14.65,27.29,19.13,24.72
"586","2017091008_44",47.19,42.37,40.8,43.42,44.71,46.32,58.04,42.55,45.92,42.34,42.63,29.47,39.15,18.62,17.94,30.55,23.06,26.46,14.57,21.81,28.41,36.29
"587","2017091008_3892",46.58,42.1,42.54,44.89,43.82,50.45,64.09,45.34,46.85,44.61,39.9,47.17,44.25,31.01,26.68,38,22.68,33.29,21.86,32.81,36.94,40.28
"588","2017091008_3755",48.13,41.29,40.38,40.79,41.19,46.07,65.38,39.7,40.76,36.29,39.81,40.82,39.68,20.64,19.5,31.55,16.27,34.89,14.26,23.91,30.23,35.23
"589","2017091008_301",47.76,44.32,42.41,44.51,44.27,47.82,63.31,44.38,45.02,40.38,43.43,34.7,42.72,18.95,18.99,37.58,23.2,33.38,15.63,26.12,31.02,39.7
"590","2017091008_2911",46.91,48.86,59.81,56.65,50.93,50.13,51.19,46.97,48.08,44.67,47.11,21.67,16.18,27.77,35.94,19.76,10.6,24.2,36.37,33.7,31.71,12.5
"591","2017091008_2441",73.36,74.62,74.56,76.8,75.62,72.53,56.81,76.09,73.78,79.45,76.32,37.83,44.4,25.4,22.74,35.82,25.84,29.02,17.67,31.1,34.85,41.14
"592","2017091008_1323",38.36,38.58,54.68,50.39,41.44,43.83,41.57,34.39,37.33,33.93,36.01,25.32,17.73,31.84,36.32,21.5,14.39,28.05,37.92,35.2,32.9,14.34
"593","2017091008_1063",72.44,77.66,76.71,75.03,76.59,69.71,58.07,77.4,74.35,80.57,79.26,46.14,45.11,29.54,25.21,39.31,20.7,31.04,17.75,33.09,35.08,42.09
"594","2017091007_948",57.14,47.28,48.22,44.74,45.9,48.14,42.36,44.55,45.42,46.03,45.95,26.71,40.99,14.65,37.43,16.38,18.8,32.47,39.94,26.01,22.19,34.79
"595","2017091007_3685",54.45,43.69,47.34,40.7,40.81,44.02,37.9,41.66,39.09,40.72,41.43,25.61,40.69,16.99,34.43,14.02,17.63,31.14,38.26,25.15,21.41,32.27
"596","2017091007_3383",61,69.53,70.13,74.29,72.61,75.68,76.03,74.92,73.58,74.48,71.38,29.11,17.24,48.45,28.44,46.55,40.14,33.68,30.76,20.66,42.58,25.69
"597","2017091007_2866",53,43.79,46.13,40.21,39.61,43.21,37.39,39.83,38.47,39.82,41.06,25.85,38.41,15.05,33.1,12.64,16.34,29.9,36.75,22.54,19.42,30.86
"598","2017091007_2435",71.01,84.2,81.28,91.27,91.37,85.19,95.49,90.91,93.46,90.3,90.02,30.27,19.56,39.58,24.39,43.54,41.33,26.92,21.04,30.95,38.49,27.37
"599","2017091005_955",73.92,71.66,72.51,72.17,58.3,74.18,73.64,71,71.6,72.7,72.92,34.32,17.16,13.15,14.62,24.32,21.78,19.44,37.07,26.98,25.02,11.73
"600","2017091005_3982",77.01,73.96,78.55,76.05,64.83,78.5,82,78.46,74.03,78.96,79.89,37.15,7.53,14.8,12.78,20.33,29.71,26.6,19.83,36.56,26.36,10.14
"601","2017091005_35",69.65,73.44,65.77,71.53,71.65,71.47,71.18,60.19,70.67,72.68,71.07,8.82,29.25,37.33,39.13,9.62,22.77,18.71,25.4,13.26,33.27,35.42
"602","2017091005_2563",66.55,73.79,77.43,77.82,76.13,76.35,76.92,76.12,63.55,75.37,75.64,38.18,9.87,26,29.31,38.43,8.74,20.54,16.3,23.75,12.64,32.67
"603","2017091005_2110",45.06,45.34,40.89,43.68,56.77,38.84,41,45.62,43.17,40.68,40.52,15.59,47.73,39.67,41.02,32.66,28.35,35.3,13.72,22.27,27.35,43.6
"604","2017091005_2033",80.63,73.76,81.18,77.13,65.26,81.8,84.62,80.37,78.52,81.85,77.64,38.15,8.4,17.03,13.85,23.09,32.33,26.34,21.92,40.35,27.04,11.49
"605","2017091005_1763",77.45,74.36,77.13,75.28,60.17,80.01,78.42,74.94,77.69,78.67,77.37,33.01,16.46,11.95,13.48,23.55,21.92,18.65,34.29,24.69,23.44,10.16
"606","2017091004_851",51.76,38.67,47.36,39.88,35.07,33.73,34.87,32.99,33.76,31.24,28.39,22.62,24.18,36.93,5.58,29.01,22.3,11.64,30.94,14.93,8.53,13.49
"607","2017091004_4127",59.07,78.13,75.89,75.44,69.66,67.05,75.86,77.95,76.15,74.45,75.44,30.05,44.78,40.98,33.29,13.51,45.85,21.37,36.73,28.54,23.58,15.32
"608","2017091004_3757",59.78,77.81,70.8,75.75,69.83,78.72,75.76,78.91,76.85,77.17,74.82,28.06,43.18,11.62,40.38,44.47,33.1,20.02,36.49,28.94,23.26,15.02
"609","2017091004_37",80.91,77.97,72.52,62.74,73.33,79.42,75.91,81.63,81.01,79.57,78.41,17.63,37.12,12.37,25.17,43.83,29.94,21.95,33.39,24.91,21.65,40.47
"610","2017091004_2995",56.45,69.7,69.8,65.37,71.29,71.93,70.5,70.94,73.05,75.18,77.66,27.12,24.42,8.2,47.98,19.18,26.38,39.97,14.66,36.88,43.14,35.04
"611","2017091004_292",59.46,43.86,45.27,49.63,41.73,42.31,42.92,42.69,41.87,38.45,36.9,27.54,29.87,9.19,43.57,34.16,27.23,16.44,37.56,19.4,11.85,22.42
"612","2017091004_2462",59.4,72.02,72.95,65.63,74.6,74.72,72.41,75.92,74.86,77.23,81.4,26.27,23.03,8.29,44.39,18.88,26.14,37.96,14.25,34.35,40.22,31.24
"613","2017091004_1611",60.54,42.32,45.24,49.91,50.55,43.68,42.66,44.38,42.32,46.07,46.29,24.01,11.87,15.44,43.15,10.21,20.43,35.62,18.16,25.92,30.02,39.4
"614","2017091003_878",73.36,74.31,73.31,76.13,69.98,72.8,68.73,74.41,62.67,71.91,73.16,44.67,22.13,38.64,14.44,23.32,17.1,15.97,35.46,28.14,47.49,31.78
"615","2017091003_3631",47.38,39.2,42.46,41.13,43.63,40.76,42.19,45.56,58.71,46.07,46.04,8.88,38.42,23.97,47.2,47.11,28.93,42.04,25.88,24.59,19.57,28.51
"616","2017091003_2078",68.62,74.65,71.91,69.45,68.27,72.33,73,74.3,60.34,71.54,73.42,40.96,18.44,32.82,9.01,20.32,15.06,11.81,30.12,22.67,41.01,28.52
"617","2017091003_1954",77.87,72.52,76.2,78.23,77.41,77.19,64,74.49,77.52,76.45,70.72,10.69,41.33,42.16,30.07,25.87,33.46,22.85,18.11,13.98,20.23,9.12
"618","2017091002_36",29.9,30.93,52.87,28.9,32.13,28.93,31.53,32.03,34.43,28.87,31.57,31.1,36.83,29,27.57,8.77,11.93,21.9,38.33,33.37,25.43,17.27
"619","2017091002_2026",70.21,59.11,75.7,76.06,75.94,70.94,72.77,72.06,75.93,73.64,75.8,41.18,29.66,44.4,26.32,20.66,24.53,42.32,23.38,34.55,38.41,29.88
"620","2017091002_1766",75.96,81.31,79.62,60.4,80.06,83.39,80.79,77.6,78.88,81.66,80.13,51.2,30.2,24.02,29.28,32.64,45.76,38.13,21.38,27.94,35.31,42.24
"621","2017091002_1662",80.02,82.19,80.34,63.15,81.41,83.36,79.17,77.78,78.27,82.03,79.48,48.93,31.29,25.16,29.34,34.11,45.43,38.87,22.49,29.52,36.85,43.07
"622","2017091001_872",74.49,57.18,75.88,74.11,73.37,75.49,73.9,74.32,72.96,67.51,71.09,29.89,29.31,34.09,39.89,20.57,45.52,21.86,17.74,42.17,23.65,36.59
"623","2017091001_36",39.7,60.57,38.77,41.97,40.65,42.67,39.73,40.36,43.74,45.92,48.12,36.84,33.81,34.83,28.61,42.51,19.58,39.81,48.21,24.79,50.08,15.11
"624","2017091001_3439",55.65,42.07,52.52,50.36,45.68,41.59,43.28,44.13,44.67,43.06,42.94,36.27,42.34,11.8,46.31,22.42,31.03,26.53,38.74,46.04,18.37,34.49
"625","2017091001_330",68.89,75.45,70.05,69.71,75.42,80.88,75.73,76.4,76.13,77.12,77.77,29.21,21.96,46.12,15.06,38.6,28.19,35.18,23.48,15.66,41.16,27.16
"626","2017091001_3190",76.87,73.24,59.63,78.4,75.89,79.52,76.33,77.85,75.48,70.09,74.68,29.41,42.41,30.12,34.04,22.06,46.56,23.72,18.22,38.24,22.16,37.21
"627","2017091001_2903",53.26,40.14,49.98,47.52,43.83,39.07,40.43,41.13,41.73,40.54,40.85,36.85,42.2,13.21,46.58,23.25,33.6,28.54,39.84,46.46,20.87,35.08
"628","2017091001_2501",64.89,73.3,67.38,68.72,71.41,75.03,72.67,71.7,72.23,75.4,73.64,30.72,21.97,47.01,15.27,39.86,32.12,36.29,24.4,16.37,45.54,28.69
"629","2017091001_1653",76.42,73.4,58.41,76.63,77.44,77.47,76.55,75.95,75.36,67.23,71.87,29.79,39.53,29.16,35.15,19.59,42.97,23.65,15.22,34.89,15.02,46.55
"630","2017091001_1421",55.18,42.79,55.25,47.33,46.49,41.28,44.69,43.48,43.71,44.12,44.2,34.45,42.32,11.72,46.23,22.77,32.25,27.02,39.38,46.54,19.79,33.6
"631","2017091000_3404",71.32,69.42,72.63,74.63,57.12,72.34,68.26,70.94,72.71,74.19,72.33,11.23,9.42,40.41,28.2,24.4,17.17,44.35,36.45,32.02,24.62,15.55
"632","2017091000_3130",74.01,72.65,73.68,64.31,75.14,70.46,72.52,73.92,71.47,70.1,74.06,25.92,30.65,18.3,27.57,22.32,21.67,40.82,44.46,43.21,13.99,37.16
"633","2017091000_2189",48.4,50.51,48.09,45.35,64.02,46.88,50.33,48.31,47.73,46.07,47.8,42.65,44.62,13.61,25.82,28.95,33.84,8.83,16.97,21.42,30.71,37.69
"634","2017090700_4520",72.62,73.68,77.78,73.92,75.88,77.48,66.92,80.06,77.07,81.96,76.8,27.33,38.15,26.26,43.94,19.75,35.38,28.13,44.4,40.23,21.19,30.29
"635","2017090700_44",73.12,75.51,74.02,74.77,72.83,72.71,79.19,67.65,79.65,77.83,79.92,23.66,36.53,26.99,20.89,43.09,18.17,34.8,28.95,43.46,40.95,19.25
"636","2017090700_4347",69.3,73.68,74.21,71.01,71.85,76.11,61.06,77.02,74.87,76.37,72.67,25.43,39.02,22.06,46.05,16.5,34.71,27.93,46.19,41.71,19.41,29.18
"637","2017090700_3578",70.26,62.96,80.25,79.31,77.48,77.34,70.39,78.52,78.47,75.74,79.87,46.98,29.93,23.23,20.21,29.31,39.09,17.83,34.62,43.97,41.47,28.33
"638","2017090700_3196",66.83,59.55,74.51,73.7,71.73,71.17,63.9,72.84,74.36,71.74,73.18,49.05,28.27,22.87,19.56,31.04,40.26,15.67,35.86,48.42,44.76,28.53
"639","2017090700_2792",46.42,43.93,47.3,42.24,48.33,44.31,40.68,52.6,39.72,41.75,38.95,31.28,16.71,27.83,33.46,11,37.93,20.86,27.19,11.81,15.9,36.77
"640","2017090700_2353",48.14,45.33,47.91,46.33,51.87,48.54,41.82,51.6,43.02,45.96,42.27,29.84,18.15,26.58,34.85,11.34,40.22,20.87,23.83,11.87,14.49,39.22
"641","2017090700_1640",72.67,67.53,58.96,79.77,78.4,76.93,77.21,78.17,78.92,77.39,79.7,49.25,20.33,27.08,21.61,19.21,32.58,43.44,37.48,47.78,40.01,30.79
"642","2017090700_1241",66.93,65.85,61.9,75.09,74.15,72.52,73.54,74.2,74.95,73.57,75.01,48.1,18.22,30.14,22.07,18.9,30.36,38.85,36.15,47.99,42.75,29.59
