"","combid","Poss_1","Poss_2","Poss_3","Poss_4","Poss_5","Poss_6","Poss_7","Poss_8","Poss_9","Poss_10","Poss_11","Def_12","Def_13","Def_14","Def_15","Def_16","Def_17","Def_18","Def_19","Def_20","Def_21","Def_22"
"1","2017101600_777",6.42,8.39,9.07,8.79,9.24,9.46,9.5,9.48,9.31,9.25,7.11,7.65,5.21,3.84,6.8,6.56,3.11,5.01,8.52,0.86,8.05,6.71
"2","2017101600_45",9.25,9.03,9.05,8.61,7.43,8.36,9.47,8.04,9.41,5.36,10.12,5.92,5.62,7.38,4.23,3.71,5.28,5.92,4.06,5.53,1.25,3.86
"3","2017101600_3188",8.04,7.41,9.43,8.48,9.15,7.75,8.68,8.69,8.41,4.47,8.94,6.32,4.35,5.83,4.4,4.21,5.24,5.33,4.33,5.57,3.06,6.44
"4","2017101600_3024",6.08,8.23,7.87,8.26,8.86,8.57,6.94,8.62,9.43,9.2,6.81,3.96,5.41,1.75,4.2,3.63,2.99,2.85,7.53,0.54,5.71,3.13
"5","2017101600_276",6.37,8.44,8.56,8.53,8.09,7.52,9.07,8.39,9.24,8.69,6.83,5.91,5,1.38,4.69,5.29,2.01,3.68,6.14,1.18,5.55,6.49
"6","2017101600_2487",6.34,8.51,8.78,8.62,7.74,8.67,8.34,7.39,9.36,5.44,6.63,3.62,3.26,1,4.56,4.88,2,3.61,7.07,4.34,6,3.38
"7","2017101600_2125",6.38,8.73,9.36,8.98,8.36,8.14,5.8,8.76,9.36,9.18,7.04,4.86,4.35,1.06,6.7,5.31,3.03,2.98,7.14,1.1,6.1,2.15
"8","2017101600_1783",5.86,8.72,8.15,8.71,8.26,8.09,7.17,8.01,9.54,7.03,6.38,5.27,3.1,0.11,4.16,4.99,4.86,0.38,6.84,0.5,4.96,4.98
"9","2017101600_1050",8.54,7.56,9.52,8.7,7.31,7.73,9.64,8.91,8.96,5.12,8.29,6.5,5.3,5.28,4.04,6.2,3.63,5.8,4.57,4.53,2.14,6.91
"10","2017101511_431",8.73,8.83,7.42,8.64,8.8,7.07,9.44,8.22,8.28,9.01,3.9,3.2,5.24,4.42,5.68,5.79,6.19,3.43,5.33,4.9,2.35,6.41
"11","2017101511_4158",8.15,8.1,7.18,7.6,7.79,6.36,9.05,7.52,7.26,9.12,3.6,1.89,4.54,5.37,5.04,5.86,7.76,2.29,4.37,1.86,2,4.57
"12","2017101511_3897",4.69,1.5,3.73,6.2,2.47,6.1,2.48,3.47,0.44,5.87,6.34,7.28,1.28,4.69,0.56,5.97,7.5,1.61,1.38,2.83,3.55,6.46
"13","2017101511_36",6.55,9.48,8.09,8.08,7.85,7.41,8.75,6.97,7.74,8.93,5.71,1.75,3.2,2.4,2.07,1.9,4.05,4.66,1.37,2.73,1.76,3.92
"14","2017101511_2227",3.74,6.78,8.33,9.28,8.51,9.16,8.84,8.48,9.31,6.63,9.14,4.28,0.62,7.44,5.1,4.8,5.43,6.09,6.95,5.05,6.42,5.95
"15","2017101511_1990",8.22,7.9,7.65,7.95,5.64,9.33,8.31,6.64,8.21,4,8.32,2.64,4.29,4.11,3.81,4.67,7.58,2.59,4.3,0.25,1.73,4.17
"16","2017101510_602",5.67,9.34,8.38,9.35,8.34,6.13,9.61,8.13,10.3,8.05,8.76,3.26,1.23,5.29,5.77,7.08,1.44,2.23,6.27,4.87,1.88,1.86
"17","2017101510_36",6.26,8.86,8.07,9.15,8.42,7.33,9.37,8.14,9.37,8.66,8.46,2.12,1.47,4.76,3.76,3.85,1.88,3.26,5.71,5.86,4.45,3.13
"18","2017101510_3114",5.75,8.44,6.77,7.63,8.79,5.98,9.93,8.06,9.91,9.49,7.44,3.53,1.52,3.62,4.34,6.56,1.27,1.34,5.61,4.04,1.96,1.62
"19","2017101510_2957",6.25,5.39,6.56,6.89,7.18,6.98,7.62,7.99,7.5,7.41,7.03,3.78,6.05,4.89,3.89,3.69,4.34,6.66,3.03,1.72,4.24,2.55
"20","2017101510_1915",5.15,7.01,8.12,7.22,7.91,8.7,8.47,8.09,7.48,7.73,7.56,4.22,4.68,4.94,5.31,6.64,4.32,7.45,3,2.6,4.74,2.67
"21","2017101510_1611",7.22,9.39,8.64,8.34,8.68,8.66,9.28,9.16,7.74,8.86,8.82,0.61,2.12,6.33,1.17,5.79,5.16,2.12,4.43,0.38,3.13,6.59
"22","2017101510_1576",5.88,8.88,7.21,7.45,8.01,8.28,7.58,8.24,7.88,8.15,7.92,6.33,4.48,3.32,5.48,4.59,5.71,2.93,3.45,2.56,6.4,7.4
"23","2017101509_939",9.13,8.39,9.03,8.83,8.67,8.82,5.32,8.48,9.39,8.64,7.98,0.63,6.51,4.43,6.81,3.25,4.02,3.72,1.14,5,7.31,3.6
"24","2017101509_523",6.91,6.78,8.73,7.89,8.85,8.44,8.28,7.87,10.51,7.8,5.06,1.9,2.82,5.69,0.76,5.39,4.68,2.11,3.02,1.98,2.13,3.84
"25","2017101509_48",7.61,7.62,9.21,8.41,9.08,8.94,9.65,6.36,10.62,8.56,4.53,3.17,2.75,6.38,1.52,4.58,4.47,4.86,3.91,1.99,2.87,3.91
"26","2017101509_3358",4,8.4,7.98,8.14,9.22,9.59,8.54,9.49,8.87,4.51,8.82,4.25,4.17,3.7,4.23,6.32,1.85,5.47,3.65,7.36,4.32,6.1
"27","2017101509_3201",8.15,7.53,8.57,8.1,8.14,7.32,6.29,5.79,8.05,6.11,6.97,1.16,1.83,5.24,7.71,4,3.39,1.13,5.4,2.79,2.48,2.73
"28","2017101509_1566",10.18,8.05,9.21,8.58,9.57,8.94,5.12,8.6,9.28,8.79,7.64,3.96,6.74,1.71,6.45,4.24,2.47,4.85,0.95,4.2,6.19,4.66
"29","2017101508_80",6.22,7.06,7.5,7.39,6.37,8.54,8.4,8.83,7.38,8.6,8.27,5.89,7.63,4.2,2.76,1.16,4.3,2.89,0.5,4.08,6.13,5.42
"30","2017101508_571",9.69,9.04,8.78,9.78,5.6,8.56,6.84,8.29,9.15,8.48,9.8,0.97,5.36,7.94,3.36,1.23,4.09,3.19,2.85,0.92,4.37,2.99
"31","2017101508_449",5.79,6.7,8.45,8.47,7.6,8.82,9.26,8.57,8.08,6.96,5.39,4.81,4.86,4.58,2.8,3.17,6.29,1.86,1.07,4.29,5.4,6.94
"32","2017101508_41",9.35,9.15,9.1,9.67,6.28,8.48,7.97,8.83,9.71,8.78,9.64,2.24,5.59,8.2,5.61,2.8,5.51,3.61,4.64,3,3.32,4.79
"33","2017101508_3893",5.03,6.37,7.35,6.79,7.75,7.91,8.86,8.99,8.08,7.06,7.62,4,3.25,4.54,0.77,4.25,1.61,2.47,1.44,3.98,3.4,6.91
"34","2017101508_2806",8.82,9.14,8.1,9.66,5.78,8.42,7.42,8.76,8.72,8.6,9.15,5.05,7.94,3.14,1.28,1.25,5.13,3.87,1.54,0.68,3.43,2.8
"35","2017101508_2207",5.04,7.48,7.97,8.07,8.11,8.68,9.04,7.58,7.36,7.61,6.99,5.76,7.66,4.71,2.29,0.75,3.1,0.59,0.45,3.53,4.56,5.69
"36","2017101508_133",9.43,7.83,8.67,8.7,5.32,8.15,8.58,7.85,9.13,8.21,9.08,2.6,2.94,3.66,5.02,6.32,5.37,6.34,3.13,7.38,6.17,7.92
"37","2017101508_1008",5.09,5.13,7.2,7.45,6.34,8.19,9.07,3.21,6.64,5.38,5.21,5.51,2.9,3.06,1.78,5.1,4.56,3.19,2.14,1.03,0.67,3.92
"38","2017101507_597",4.5,8.48,6.93,8.94,6.59,9.25,9.96,9.09,9.01,10.4,9.94,3.08,4.35,2.72,2.26,6.52,4.83,7.41,2.99,5.3,6.23,3.8
"39","2017101507_4223",6.11,5.09,4.72,4.22,3.13,4.74,4.6,6.36,6.61,4.2,5.35,6.49,1.21,5.58,2.35,4.09,5.68,5.31,3.24,5.76,0.96,1.56
"40","2017101507_3940",0.46,2.79,3.4,5.07,7.52,4.76,0.34,1.32,1.21,5.11,0.51,0.22,2.17,0.5,4.42,1.63,0.5,0.73,6.73,6,4.56,4
"41","2017101507_37",7.97,7.36,5.86,8.68,8.54,8.81,7.36,8.89,8.98,9.14,9.16,4.68,3.53,1.7,1.54,4.99,1.23,5.57,4.04,5.91,6.47,4.03
"42","2017101507_3523",4.5,8.44,7.26,7.93,5.39,9.2,8.96,8.32,9.29,10.23,9.38,3.64,5.46,6.25,4.06,5.39,4.73,7.8,2.34,5.93,5.77,5.1
"43","2017101507_3069",7.02,5.97,8.46,7.51,8.75,8.65,9.13,8.25,9.31,8,9.14,5.17,3.52,3.11,0.99,5.92,1.1,5.66,2.76,4.69,7.29,5.1
"44","2017101507_2937",7.01,5.68,8.38,8.71,9.1,8.55,8.64,9.06,9.52,7.75,9.34,5.03,5.01,4.2,0.32,7.8,1.14,6.51,3.48,5.79,6.39,7.28
"45","2017101507_2377",6.92,5.96,8.23,8.62,8.68,8.85,8.59,8.92,8.91,8.2,9.24,5.16,4.97,2.23,0.33,7.02,1.21,6.57,3.5,6.26,6.8,6.74
"46","2017101507_221",4.99,8.48,7.62,9.86,7.39,7.55,7.1,9.07,8.71,9.98,9.73,1.08,2.6,4.29,1.16,5.39,5.13,6.02,1.76,7.11,3.8,5.83
"47","2017101507_2153",5.19,7.43,7.08,9.21,5.61,7.87,8.81,9.12,8.95,9.63,8.21,3.97,3.5,5.69,1.39,5.5,5.85,7.93,1.53,4.08,7.16,5.1
"48","2017101507_1977",4.83,8.45,6.99,8.59,6.96,9.88,9.97,8.38,8.79,9.52,8.66,2.08,2.93,2.08,1.55,6.26,3.36,4.64,4.17,5.11,9.15,3.65
"49","2017101507_1497",4.51,8.66,7.2,9.22,5.82,9.15,9.58,8.96,8.34,9.41,9.58,3.44,2.83,3.35,1.38,6.51,4.42,5.43,3.82,6.17,6.77,5.2
"50","2017101507_1063",4.47,9.02,7.65,9.96,6.18,9.37,9.83,9.08,8.59,9.8,9.66,2.87,2.77,3.19,0.46,6.92,4.97,7.72,4.25,6.05,7.84,6.95
"51","2017101506_4276",0.29,6.65,5.04,4.88,5.3,4.38,6.42,4.19,5.45,5.85,5.53,4.61,4.27,3.08,6.15,5.36,3.34,6.84,6.3,2.08,0.2,4.47
"52","2017101505_4063",6.26,8.63,8.26,6.03,9.93,5.76,8.83,7.96,8.55,7.06,9.51,6.85,2.41,0.49,2.42,6.02,1.57,2.92,3.01,7.5,4.92,7.15
"53","2017101505_386",8.72,8.67,7.74,8.02,9.36,5.15,8.17,7.03,8.39,7.91,8.53,0.63,0.83,4.34,5.11,5.23,0.52,3.35,3.73,2.67,6.09,4.03
"54","2017101505_36",8.39,6.29,4.46,8.58,7.89,9.49,8.09,8.07,8.95,7.85,8.44,4.06,6.44,3.07,2.11,4.47,4.63,6.54,0.61,1.42,2.47,2.07
"55","2017101505_3439",9.79,5.99,3.43,9.79,9.01,8.32,8.41,8.35,9,8.93,9.09,3.36,6.62,5.89,6.01,5.73,6.26,1.4,1.19,8.38,2.92,5.78
"56","2017101505_2728",9.55,6.4,3.48,9.57,9.1,9.13,8.39,8.51,8.84,10.08,8.67,5.51,6.37,3.61,3.24,6.16,4.2,5.76,0.63,0.31,2.51,0.58
"57","2017101505_1540",8.54,6.23,6.13,9.59,9.01,9.44,7.04,7.66,8.44,8.99,7.37,4.36,2.64,3.28,2.7,5.95,4.72,8.98,3.84,4.08,1.81,2.68
"58","2017101505_1061",8.55,6.92,8.61,8.23,2.99,10.23,5.53,6.68,8.28,7.35,8.87,1.16,0.62,1.25,6.19,5.9,1.93,3.86,3.7,4.18,1.05,6.07
"59","2017101504_986",7.26,8.87,5.96,7.46,6.75,5.34,9.12,8.03,8.2,8.66,8.93,3.51,7.92,3.05,0.23,4,0.66,4.3,3.35,5.24,0.37,0.9
"60","2017101504_657",8.41,8.95,7.97,9.4,7.83,5.93,8.99,8.76,7.49,8.6,8.79,5.01,7.39,6.86,5.5,4.79,2.75,5.8,6.09,6.51,6.28,6.7
"61","2017101504_525",8.28,9.3,4.88,8,7.46,6.64,8.11,9.43,5.61,8.35,9,1.11,5.26,5.52,0.27,2.35,3.33,3.65,0.74,5.36,6.83,2.49
"62","2017101504_4669",7.31,7.44,9.03,8.27,7.75,6.29,8.74,8.49,7.69,8.75,8.19,5.17,6.29,4.16,1.35,6.72,3.49,5.86,2.88,3.79,0.94,2.97
"63","2017101504_45",8.41,9.12,5.13,8.08,7.69,6.91,8.88,9.29,6.47,7.73,8.95,0.92,5.92,5.65,1.2,4.27,1.57,3.82,0.46,5.57,5.88,3.07
"64","2017101504_4086",7.3,4.8,8.42,9.28,8.85,6.75,8.53,7.74,8.09,5.51,9.13,4.87,1.24,7.25,4.54,6.15,4.73,7.05,2.64,5.51,6.57,6.59
"65","2017101504_3645",7.84,4.13,6.87,8.07,7.57,6.63,9.05,6.96,7.48,7.09,8.73,7.75,1.04,5.19,5.75,4.89,5.86,7.4,3.6,6.76,6.71,5.73
"66","2017101504_3224",1.91,0.66,1.73,6.79,1.53,4.86,6.16,1.34,5.65,5.2,1.23,6.42,4.74,0.82,5.4,0.99,6.71,4.17,5.41,1.22,7.09,1.51
"67","2017101504_297",8.26,8.49,6.77,9,8.79,5.46,9.51,8.95,7.96,9.17,8.86,4.38,5.79,5.67,3.7,5.08,0.28,5.8,6.24,5.47,5.2,2.53
"68","2017101504_2960",7.26,7.55,7.08,7.9,7.57,5.13,9.59,8.01,6.96,9.6,8.74,4.12,5.78,2.35,0.47,7.46,0.89,7.24,4.94,5.01,0.08,1.38
"69","2017101504_2436",7.52,7.39,6.2,8.82,6.91,4.76,9.25,8.82,7.98,9.53,8.72,4.77,6.14,2.8,0.23,5.14,1.74,4.97,4.3,4.11,0.75,1.19
"70","2017101504_1997",6.88,8.13,5.76,7.99,6.16,1.83,8,8.79,6.45,9.11,8.1,6.81,6.47,5.08,4.56,3.35,1.69,5.3,4.31,4.46,5.6,4.97
"71","2017101504_1583",7.15,8.96,5.15,9.02,7.73,7.22,8.72,9.48,8.14,8.84,9.02,0.94,2.12,5.83,5.03,2.92,1.3,4.44,0.41,5.46,6.95,2.93
"72","2017101504_1302",8.61,6.7,5.85,8.76,6.87,5.82,9.48,8.83,8.45,9.38,8.97,6.64,5.83,2.54,0.52,4.68,1,4.38,3.08,3.79,0.63,0.78
"73","2017101503_37",2.03,8.73,7.9,8.31,9.13,9.08,9.07,9.1,8.95,8.41,8.19,2.71,1.6,4.71,1.89,5.95,2.94,5.27,4.94,2.83,3.68,2.28
"74","2017101503_3490",4.47,8.01,7.79,8.67,9.47,8.93,8.99,8.92,8.88,8.19,9.16,3.67,3.15,6.06,0.71,2.5,1.96,5.77,6.35,3.7,3.69,3.02
"75","2017101503_3257",4.09,8.13,8.2,8.02,9.13,8.73,8.68,8.57,8.87,7.89,8.54,1.95,4.48,5.31,2.13,2.32,0.9,5.64,5.78,4.46,3.92,2.95
"76","2017101503_2788",3.13,9.45,7.95,8.69,9.27,9.11,9.37,9,8.99,8.83,9.18,2.4,6.56,7.59,1.54,4.43,2.49,7.02,7.75,6.42,6.39,3.18
"77","2017101503_2480",3.77,9.47,5.72,6.94,6.23,9.51,9.08,5.06,7.81,8.72,6.03,3.65,6.29,3.68,0.84,8.37,3.04,3.65,4.72,1.32,4.18,5.29
"78","2017101503_2091",4.57,9.59,7.75,8.88,9.13,10.38,7.67,9.14,9.03,9.65,10.19,3.37,7.08,3.05,7.12,7.92,0.61,1.36,2.85,0.89,6.94,6.75
"79","2017101503_1610",4.02,8.49,7.94,8.27,9.56,8.86,8.99,8.88,8.95,8.64,7.67,2.39,4.63,4.33,3.15,4.9,2.62,6.68,6.15,3.9,6.11,5.57
"80","2017101503_1266",5.32,9.73,7.29,9.02,9.08,8.23,6.57,8.82,8.51,9.57,9.56,3.3,6.2,0.97,5.05,4.85,1.16,1.04,3.3,1.68,4.83,5.35
"81","2017101503_1023",5.81,7.95,7.56,7.96,7.56,8.27,9.03,8.75,8.71,8.44,8.68,5.59,2.69,4.6,3.01,3.74,1.77,7.23,5.48,6.15,4.51,4.86
"82","2017101502_896",9.47,7.59,8.56,8.1,7.84,8.15,7.58,5.3,7.98,8.54,7.76,2.73,4.52,4.88,3.4,0.52,4.03,4.55,5.35,2.13,4.33,2.12
"83","2017101502_719",8.39,8.64,6.74,9.83,5.89,10.07,8.73,8.58,5.03,7.78,9.6,7.87,0.81,1.33,5.58,5.25,4.81,2.38,1.42,2.87,4.99,2.05
"84","2017101502_4156",4.5,1.75,3.88,3.07,1.28,5.53,3.33,3.88,6.04,0.01,1.23,5.91,4.39,3.3,3.01,7.81,2.28,2.11,5.08,0.93,3.29,3.18
"85","2017101502_2951",8.65,7.96,7.85,8.16,8.66,8.41,8.59,8.16,5.11,8.41,8.28,2.67,5.37,3.46,1.67,4.53,2.94,5.19,1.5,5.47,4.14,1.2
"86","2017101502_267",9.59,7.91,8.8,8.69,9.07,8.7,8.19,5.11,8.04,8.84,9.42,1.74,4.97,3.91,2.01,6.43,0.66,4.51,0.53,5,3.28,1.98
"87","2017101502_2581",5.66,8.29,8.21,6.23,7.48,6.41,8.48,6.14,8.26,6.62,8.56,4.93,4.36,1.38,5.14,4.06,6.08,1.77,1.96,2.67,4.23,2.67
"88","2017101502_2273",7.96,7.85,6.37,8.36,8.04,7.65,6.03,7.74,4.51,8.27,9.44,3.33,2.58,3.71,1.27,5.13,2.49,2.42,3.82,5.21,3.8,2.01
"89","2017101501_4369",7.18,7.36,8.7,8.03,5.03,7.44,9.63,7.79,8.42,8.8,7.99,6.01,4.2,2.33,5.46,3.99,5.67,4.05,6.63,2.43,2.03,2.34
"90","2017101501_4154",6.33,8.2,9.04,8.42,3.15,6.68,9.37,7.78,9.31,8.9,5.63,2.63,4.02,0.97,4.79,3.2,5.31,4.86,3.03,2.01,0.83,1.28
"91","2017101501_3984",6.89,6.87,9.32,5,8.73,6.8,7.29,8.82,8.02,7.44,7.9,6.9,5.65,6.59,5.8,3.87,6.52,7.76,6.65,6.69,5.44,2.74
"92","2017101501_37",8.37,8.37,4.13,9.19,8.52,7.8,9.06,8.42,6.65,8,8.21,4.8,2.95,5.69,6.47,3.02,4.78,4.73,4.59,4.98,6.74,2.96
"93","2017101501_3686",7.82,3.84,5.94,7,8.25,9.08,8.65,8.16,7.14,8.49,8.61,4.34,3.02,4.47,3.84,0.96,3.54,3.35,2.73,3.74,4.97,2.16
"94","2017101501_3317",3.31,7.57,8.05,7.75,5.42,6.48,9.06,7.64,7.52,7.93,5.91,2.78,5.91,1.07,3.55,4.52,2.48,4.53,4.29,5.45,1.27,5.06
"95","2017101501_2670",7.21,6.87,7.12,7.34,5.02,8.1,9.48,6.68,6.33,8.93,5.71,2.07,4.59,2.69,1.41,4.91,4.15,6.1,5.18,6.37,4.2,4.52
"96","2017101501_2631",7.82,4.05,8.09,8.07,8.58,8.47,8.15,6.02,8.46,7.13,6.99,5.17,2.15,4.41,5.54,4.83,5.24,4.01,4.16,5.17,5.59,3.98
"97","2017101501_2148",8.03,6.49,8.02,9,5.26,9.14,7.67,9.5,7.73,8.88,5.31,2.65,2.1,2.79,4.8,4.28,4.57,3.97,5.63,3.11,5.91,5.46
"98","2017101501_2095",8.76,8.53,8.71,8.78,5.3,8.98,9.56,8.54,8.91,8.3,7.88,5,5.7,2.37,2.15,5.21,5.41,5.9,5.23,4.04,2.47,1.19
"99","2017101501_1501",7.83,4.08,6.65,7.87,8.72,8.57,8.7,5.37,8.31,6.65,8.43,3.52,4.35,4.71,4.61,4.3,3.59,3.48,3.28,5.1,5.66,3.42
"100","2017101501_1086",7.63,4.14,6.46,8.75,7.48,8.84,8.16,6.17,8.53,6.34,8.73,5.04,3.16,4.92,4.33,3.97,2.32,4.13,3.12,4.81,5.55,3.07
"101","2017101500_742",6.68,8.33,5.98,6.92,8.4,7.6,7.53,8.26,8.1,8.23,8.71,3.8,2.51,4.27,3.3,6.02,4.45,3.68,4.28,5.42,3.5,3.94
"102","2017101500_336",6.52,9.12,5.74,7.43,8.28,8.18,8.86,8.65,6.45,9.37,9.57,4.22,3.96,6.33,4.38,5.89,4.32,3.43,6.97,5.95,3.79,3.69
"103","2017101500_3319",6.02,8.9,8.57,6.74,5.71,9.46,8.35,6.47,9.5,9.32,7.73,2.22,0.94,3.32,5.3,0.88,3.02,5.7,1.43,3.93,2.86,7.21
"104","2017101500_2975",9.18,9.4,9.7,6.33,5.54,9.5,8.41,8.01,9.78,9.96,8.72,0.49,0.25,3.5,4.23,0.99,5.09,5.86,1.88,4.19,1.24,6.58
"105","2017101500_2550",9.36,10.01,9.76,5.81,5.43,9.09,8,8.85,10.58,9.82,9.24,1.15,0.4,3.65,2.37,0.57,6.19,7.87,3.42,2.89,1.37,6.73
"106","2017101500_2254",7.6,9.18,9.21,6.55,8.88,9.24,8.62,8.54,5.29,9.1,7.43,2.52,1.51,4.17,3.18,1.75,5.88,5.53,1.69,8.51,1.77,5.69
"107","2017101500_1856",6.22,7.77,4.76,5.83,8.4,7.69,8.48,8.44,8.6,8.74,8.41,5.55,4.33,3.79,0.63,4.88,4.64,2.64,4.81,0.5,0.88,3.88
"108","2017101500_1324",5.82,8.26,4.96,6.41,8.99,9.24,9.14,8.72,6.49,8.59,9.02,3.5,3.29,7.01,3.31,6.2,3.58,1.88,4.9,0.68,3.82,5.18
"109","2017101200_35",5.11,8.39,8.74,6.38,6.64,9.02,9.02,7.8,8.47,9.79,8.58,1.34,7.49,2.83,0.86,1.46,6.06,6.53,1.9,2.73,5.52,2.83
"110","2017101200_3081",6.42,7.85,8.91,8.31,8.77,8.35,9.08,8.3,8.91,9.02,8.78,1.72,6.23,3.15,1.04,1.67,3.88,5.3,1.35,4.52,5.5,1.06
"111","2017101200_2729",6.78,10.05,6.47,7.99,7.53,8.43,7.79,9,5.13,9.42,9.04,5.47,3.07,1.09,2.18,5.17,1.41,4.97,8.57,6.11,0.52,2.44
"112","2017101200_2565",5.67,8.19,9.38,9.33,9.06,8.39,9.7,8.12,9,9.51,8.61,1.53,6.36,5.29,4.37,1.36,5.06,6.39,0.94,2.73,5.9,1.43
"113","2017101200_2352",7.5,7.23,7.34,7.95,6.49,8.32,7.4,9.06,5.59,9.47,9.17,3.63,3.98,0.7,2.17,5.77,1.75,4.01,6.68,4.18,1.74,2
"114","2017101200_2158",6.99,6.9,7.78,9.37,6.37,8.65,7.5,5.48,5.6,9.29,6.93,5.31,5.05,1.27,2.76,8.55,5.33,2.06,3.49,1.82,5.82,5.97
"115","2017101200_1737",7.61,8.74,8.09,8.47,8.64,8.44,8.46,8.48,6.19,9.09,9.53,6.66,3.48,5.72,2.09,4.18,2.56,5.41,8.54,6.4,6.49,3.55
"116","2017100900_853",7.08,6.59,7.71,6.81,7.26,7.78,7.59,8.15,8.34,6.94,7.36,4.11,3.01,3.33,1.85,1.2,3.33,4.08,4.34,1.15,5.87,2.06
"117","2017100900_4324",4.59,6.52,5.26,5.4,7.5,6.88,5.95,7.32,6.65,6.98,6.76,5.06,3.01,5.6,4.15,2.51,2.74,3.11,2.22,4.08,4.13,0.97
"118","2017100900_36",4.19,8.66,8.11,8.94,7.61,8.55,8.73,8.83,9.03,8.7,8.3,4.46,5.95,1.07,2.7,1.19,6.43,6.26,4.23,5.63,3.79,2.4
"119","2017100900_3410",8.65,8.4,4.12,7.94,8.64,8.49,9.31,8.79,6.82,8.1,8.8,4.97,1.65,6.25,0.24,5.32,7.78,3.3,3.64,5.01,6.16,5.14
"120","2017100900_3028",4.62,7.59,7.13,7.69,8.49,8.35,7.72,8.81,8.77,8.27,7.32,5.86,3.26,4.39,6.11,2.93,4.21,4.58,3.4,5.59,3.98,1.33
"121","2017100900_2851",8.6,4.03,8.14,6.68,8.16,8.35,8.8,8.5,5.85,7.12,8.57,3.18,3.61,3.1,0.93,4.14,6.82,4.29,2.25,2.08,6.15,5.15
"122","2017100900_2595",4.17,8.25,7.82,7.17,7.44,7.8,8.7,8.44,9.04,8.59,8.05,7.45,5.22,1.42,3.32,0.87,5.2,5.84,3.28,1.55,3.46,2.43
"123","2017100900_2224",8.54,8.22,3.97,8.19,7.13,8.26,8.38,9.1,8.65,7.29,7.38,3.32,3.08,2.11,2.94,4.7,6.78,3.2,2.06,2.54,5.33,5.11
"124","2017100900_1889",4.94,6.77,6.06,5.98,6.79,8.04,7.17,5.13,5.82,5.94,6.55,5.52,3.01,3.59,2.98,3.36,2.88,5.52,4.64,3.84,3.79,3.07
"125","2017100811_3905",6.99,5.88,4.74,0.66,2.28,2.23,1.23,2.1,2.49,7.05,3.31,5.97,3.25,2.95,1.74,1.64,6.14,2.57,4.53,1.06,5.84,3.62
"126","2017100811_37",9.52,7.75,7.35,8.63,8.77,8.08,8.17,6.63,8.59,8.13,9.27,2.43,4.09,3.05,3.78,7.1,3.89,4.77,3.91,1.63,7.34,5.13
"127","2017100811_3467",7.83,8.78,7.89,8.63,6.46,8.9,9.32,8.34,8.27,7.77,5.06,5.7,4.92,1.84,4.94,2.14,4.46,2.63,0.79,5.37,5.33,4.38
"128","2017100811_3132",7.04,7.17,7.92,9.06,7.7,7.7,7.53,5.77,7.8,8.26,9.75,1.67,3.58,3.17,6.9,1.7,2.86,3.64,0.48,5.41,4.59,2.68
"129","2017100811_2163",7.65,7.29,7.51,8.62,8.3,7.83,9.75,9.16,9.07,8.53,5.48,6.32,5.5,2.83,4.49,1.54,5.56,2.54,1.04,4.3,5.61,5.52
"130","2017100811_1308",7.29,5.57,7.73,8.27,9.13,7.03,10.04,10.58,8.61,7.48,4.65,6.03,5.33,3.21,1.4,2.09,4.93,4.02,2.17,4.75,3.65,0.39
"131","2017100810_370",5.55,8.42,8.49,9.5,7.07,7.61,4.63,8.61,8.97,8.47,6.97,5.14,2.64,5.2,2.81,2.41,3.44,1.74,5.86,3.74,1.36,2.61
"132","2017100810_3680",6.35,8.95,8.25,9.17,6.95,7.51,5.53,8.92,8.64,8.62,7.85,6.07,2.26,5.63,5.47,5.26,2.15,5.73,4.52,4.76,5.72,5.11
"133","2017100810_3113",5.31,8.98,8.04,8.96,8.75,8.61,9.19,9.23,9.39,9.62,8.82,3.03,4.76,1.66,6.41,7.8,1.33,6.94,3.24,2.24,1.29,6.96
"134","2017100810_2889",5.46,8.28,7.99,9.12,9.85,7.2,6.75,8.86,9.45,7.41,9.12,5.94,2.55,5.23,5.49,0.54,3.46,4.62,7.8,4.41,5.76,5.33
"135","2017100810_2684",3.68,9.09,7.95,9,8.87,7.8,7.61,9.08,8.51,9.49,9.18,2.2,5.82,0.25,6.29,7.85,0.54,7.08,6.03,1.68,2.19,7.73
"136","2017100810_2060",4.12,9.36,8.25,8.89,8.59,7.13,8.26,8.26,7.99,9.31,9.35,2.39,5.59,0.34,6.66,8.08,2.49,7.13,6.25,4.94,1.53,7.92
"137","2017100810_1815",5.01,8.64,7.87,8.76,6.48,7.94,4.65,8.18,8.79,7.6,7.77,3.33,1.72,4,1.19,4.21,1.33,4.83,3.67,1.06,2.49,2.83
"138","2017100810_1643",3.25,9.22,8.49,8.52,8.01,7.3,7.75,8.2,8.31,9.46,9.08,2.92,5.59,1.99,5.74,7.14,0.84,6.67,5.42,1.32,2.18,7.59
"139","2017100810_1254",5.7,8.83,6.1,9.47,10.15,7.27,5.52,8.78,8.66,6.97,9.55,5.7,1.87,5.7,6.5,2.84,0.5,6.29,3.03,3.36,6.56,5.77
"140","2017100809_993",4.94,7.83,9.05,3.7,9.19,8.66,9.87,8.86,7.23,7.84,7.81,1.58,4.19,3.38,4.33,2.96,3.79,0.77,1.92,2.26,2.91,4.88
"141","2017100809_307",3.3,7.95,9.22,5.04,9.21,8.62,10,8.55,8.9,7.86,8.5,1.51,3.96,2.99,5.02,2.44,1.52,1.9,2.11,1.64,3.32,1.68
"142","2017100809_178",6.8,6.69,9.05,5.91,6.06,8.07,9.75,8.43,7.61,8.53,8.68,2.62,1.6,3.64,3.14,3.5,2.65,1.54,2.8,4.5,3.47,4.29
"143","2017100809_1153",6.26,8.1,7.27,8.87,6.03,9.62,8.4,9.39,8.47,8.1,8.17,5.16,4.11,4.03,6.82,4.06,4,0.66,7.38,4.89,6.85,3.63
"144","2017100808_4084",7.06,8.28,5.39,10.27,7.48,8.59,9.25,8.4,8.8,8.98,8.56,2.15,5.37,2.05,4.23,2.58,5.5,4.67,1.37,4.45,8.02,2.92
"145","2017100808_36",4.66,7.73,8.78,9.26,8.95,8.86,9.08,8.97,8.71,8.88,9.53,5.43,4.01,3.06,5.04,0.98,2.36,6.35,0.37,4.75,0.98,6.16
"146","2017100808_2762",7.84,5.35,9.06,8.28,6.91,6.88,9.42,6.75,8.47,8.33,9.28,4.19,5.17,7.91,3.5,2.37,4.03,6.37,4.51,1.85,2.45,1.34
"147","2017100808_2207",7.18,7.9,5.21,8.03,8.17,9.14,9.31,8.74,9.02,8.97,9.24,3.38,4.22,5.86,3.4,5.93,3.34,6.03,4.57,4.25,4,7.55
"148","2017100808_1044",5.14,7.62,8.34,9.01,8.42,9.04,8.31,8.98,7.65,8.55,9.35,8.19,5.66,1.43,6.7,3.47,5.02,7.38,3.1,7.38,1.71,7.4
"149","2017100807_4055",7.39,3.49,3.9,4.71,5.46,6.05,4.07,5.15,6.02,5.91,6.36,3.12,2.57,3.58,0.78,5.21,3.92,2.63,6.15,3.83,2.92,4.67
"150","2017100807_1993",6.66,7.25,8.27,7.81,6.18,8.03,4.47,7.53,7.89,7.21,7.08,1.4,4.19,2.1,4.36,6.06,4.07,6.37,5.74,5.5,2.13,2.29
"151","2017100807_1026",6.69,8.7,6.46,9.41,5.31,7.38,6.17,8.64,8.47,8.67,9.25,4.74,1.08,2.69,2.28,6.38,3.78,5.76,4.39,4,3.03,1.77
"152","2017100806_657",7.07,9.18,8.01,7.75,7.6,8.58,7.76,7.78,5.25,8.89,9.35,5.24,3.3,4.36,1.73,5.5,1.06,4.67,3.04,3.98,5.32,6.49
"153","2017100806_425",7.16,8.98,7.8,7.42,8.28,8.72,8.22,8.31,5.53,9.19,8.54,4.15,4.44,4.33,2.25,6.29,2.34,5.15,0.45,4.5,6.6,7.07
"154","2017100806_36",7.57,9.75,8.16,8.08,9.01,9.67,8.01,7.8,5.81,9.47,8.52,4.61,2.26,4.8,1.87,3.73,2.5,5.76,6.12,4.44,7.08,7.04
"155","2017100806_2343",6.48,8.45,6.23,3.66,6.09,8.18,7.26,8.16,4.92,8.79,9.88,3.04,2.77,2.66,1.39,5.7,8.27,4.57,2.49,4.25,5.34,2.59
"156","2017100805_767",8.87,8.64,8.06,6.38,8.85,8.01,6.99,6.17,8.89,7.12,7.46,0.85,1.13,5.01,5.97,1.1,2,4.17,4.71,3.76,3.27,NA
"157","2017100805_4235",7.21,8.51,6.17,8.04,8.58,8.06,8.99,8.38,8.39,8.82,8.44,3.41,2.56,6.13,2.12,2.35,4.11,3.13,4.64,4.94,3.62,3.77
"158","2017100805_4052",6.61,8.99,6.71,8.91,8.34,7.97,9,8.75,9.83,9.16,8.83,5.55,3.29,2.91,6.73,0.97,6.51,4.92,5.53,6.19,4.71,5.57
"159","2017100805_379",6.57,7.68,8.12,6.18,7.68,8.55,9.12,8.65,7.28,8.6,NA,0.94,1.21,5.5,3.06,0.28,3.54,1.49,4.82,3.44,3.6,NA
"160","2017100805_3263",6.25,8.57,6.1,8.36,8.32,7.81,8.58,9.21,8.65,9.38,8.93,1.13,2.35,6.87,3.4,3.43,2.74,3.81,4.46,4.69,4.11,4.08
"161","2017100805_2873",8.35,9.02,8.08,6.01,7.83,8.2,7.5,6.02,9.08,6.13,8.57,1.14,1,5.57,5.68,1.21,2.15,4.19,5.15,4.14,5.35,4.49
"162","2017100805_2386",6.18,8.38,6.3,8.13,8.62,8.11,7.68,8.71,9.79,9.16,7.11,3.63,3.6,1.18,6.05,0.72,2.72,3.96,4.54,3.11,3.26,2.91
"163","2017100805_2336",6.08,7.1,6.34,8.05,8.57,7.71,8.86,8.14,7.81,8.06,NA,2.53,3.78,6.34,3.72,1.21,3.01,5.69,6.1,4.1,3.81,NA
"164","2017100805_1073",6.55,8.86,6.2,7.55,7.05,8.47,8.4,9.54,9.5,8.27,NA,4.45,3.44,8.03,1.62,1.71,2.67,5.01,4.21,3.79,3.38,NA
"165","2017100804_963",8.44,6.66,6.44,8.42,9.11,7.38,6.9,8.99,9.6,8.55,8.13,2.95,5.75,2.38,3.42,5.4,3.1,4.57,5.9,5.21,4.27,4.76
"166","2017100804_808",9.43,7.58,5.59,7.51,9.83,8.64,7.35,8.83,8.53,9.42,7.72,0.96,7.67,0.75,3.18,4.06,4.09,2.76,5.9,3.8,1.43,1.48
"167","2017100804_37",9.22,9.08,5.74,8.7,9.4,8.72,7.88,9.68,9.28,7.67,8.12,3.49,6.43,4.72,6.61,6.08,5.27,6.45,6.01,7.55,2.75,1.9
"168","2017100804_3251",9.06,7.44,5.98,8.5,9.55,8.44,7.53,9.42,9.47,9.17,8.54,3.81,4.41,4.13,5.47,5.38,4.73,4.88,5.84,6.07,7.2,0.33
"169","2017100804_2074",5.58,7,6.17,6.28,6.48,6.35,5.78,7.16,7.32,5.98,5.56,3.88,3.69,3.96,3.22,3.78,4.97,4.14,4,3.78,3.33,3.79
"170","2017100804_1303",6.1,8.09,7.34,8.65,9.11,7,8.19,9.07,9.54,8.91,6.57,6.18,3.02,2.84,4.14,3.64,4.49,5.37,5.35,4.12,2.37,2.91
"171","2017100803_3395",9.23,9.39,8.01,7.63,9.46,9.66,7.59,8.18,7.73,4.21,9.02,3.63,0.67,4.67,5.95,6.69,5.7,2.86,5.31,3.04,5.68,5.43
"172","2017100803_2854",8.9,9.2,7.37,6.48,9.63,8.92,7.31,8.39,6.8,4.79,7.85,2.87,2.77,4.43,4.77,3.77,5.02,2.04,5.46,2.83,1.15,4.93
"173","2017100803_2515",9.02,9.44,7.77,6.38,8.54,8.5,8.17,7.59,4.82,8.47,7.83,3.45,5.22,5.93,5.22,6.47,5.81,3.64,3.64,4.2,2.33,4.97
"174","2017100803_2064",8.74,7.17,8.36,4.86,9.55,9.06,8.23,7.86,4.55,7.69,6.6,2.25,5.87,2.13,3.52,4.48,4.36,4.43,1.81,5.05,3.67,5.25
"175","2017100802_728",6.83,7.42,9.31,8.49,7.92,8.69,8.92,5.56,9.06,9.93,8.23,5.37,5.03,3.12,5.01,6.47,1.74,5.19,4.77,5.22,2,2.04
"176","2017100802_3862",8.36,2.56,9.37,7.67,7.82,6.14,6.76,8.35,8.59,6.12,9.84,6.87,4.72,8.15,5.01,7.09,6.79,5.66,3.63,8.14,6.96,1.27
"177","2017100802_36",3.52,9.43,7.89,8.81,8.79,9.09,9.59,7.32,9.29,8.78,7.58,3.07,4.28,1.22,1.13,3.64,2.99,2.83,3.77,0.91,0.78,4.12
"178","2017100802_3502",8.45,3.75,9.04,8.07,7.92,5.97,5.75,9.43,9.94,8.15,9.49,6.92,7.86,8.45,6.75,8.19,7.02,6.95,3.67,8.09,5.87,1.29
"179","2017100802_264",8.43,9.02,5.45,8.81,8.1,6.98,8.28,7.28,10.15,8.75,9.72,3.44,0.54,2.5,7.69,3.94,6.77,1.69,3.54,3.82,2.03,2.3
"180","2017100802_2477",4.95,7.43,8.72,9.04,9.38,9.39,8.64,7.51,8.59,8.63,7.76,2.4,0.82,0.62,3.12,3.24,6.33,2.81,2.87,4.11,1.19,1.49
"181","2017100802_2080",7.62,4.7,8.24,8.39,7.02,5.68,8.39,7.68,9.12,8.47,9.35,7.24,1.24,2.22,5,4.12,7.15,3,4.98,3.78,0.44,2.93
"182","2017100802_1204",3.32,8.97,8.84,7.89,6.1,9.05,8.75,7.04,8.88,9.73,8.75,2.31,4.05,1.63,1.37,3.43,2.91,2.9,2.92,5.02,1.38,1.82
"183","2017100802_1055",8.54,8.02,5.05,9.09,7.89,7.19,8.5,7.35,10,9.03,9.66,4.89,3.15,4.01,7.23,4.37,7.44,4.38,5.3,4.7,2.65,2.69
"184","2017100801_3834",6.19,6.54,6.37,5.49,6.61,4.83,5.91,6.19,5.96,1.76,6.34,5.32,4.17,2.16,1.83,4.36,4.33,5.53,4.58,3.3,4.8,2.69
"185","2017100801_36",8.64,8.57,7.67,8.01,8.16,8.77,8.59,8.9,5.33,8.51,8.49,4.15,7.43,8.24,2.94,6.5,6.76,5.77,6.13,4.92,4.56,7.24
"186","2017100801_2524",6.66,8.65,8.22,8.51,6.58,7.45,8.23,7.25,4.05,7.21,8.29,6.02,5.06,3.81,3.94,5.49,6.69,4.65,2.8,3.86,7.51,0.81
"187","2017100801_2155",8.07,6.93,9.06,7.56,8.12,4.7,9.24,8.23,8.23,7.89,9.18,3.45,4.35,7.54,2.56,5.23,1.51,3.18,2.53,5.56,7.78,0.31
"188","2017100800_930",9.06,8.19,9.54,9.25,8.52,4.17,8.02,9.21,9.26,9.48,9.6,7.09,6.8,1.17,6.87,6.23,3.48,5.63,5.85,1.95,7.37,7.11
"189","2017100800_3967",8.5,5.92,4.72,8.25,8.62,8.73,8.19,5.94,7.55,7.96,8.43,2.17,5.84,5,1.09,1.52,2.51,2.6,2.16,1.35,4.05,2.8
"190","2017100800_3664",7.74,9.27,7.66,9.69,9.49,4.94,8.86,8.89,9.04,9.48,9.23,3.78,5.64,3.13,6.42,6.71,1.8,2.05,6.1,4.56,5.26,3.04
"191","2017100800_36",9.61,8.31,9.64,9.6,8.7,4.85,8.28,9.47,8.94,9.53,9.35,5.71,6.81,1.44,6.1,6.11,0.8,3.74,6.09,0.99,5.94,6.64
"192","2017100800_309",8.63,6.99,5.67,8.17,8.44,9.74,6.5,6.1,8.42,8.18,8.75,2.65,6.21,3.87,5.56,1.43,2.95,3.29,1.4,1.36,1.76,2.34
"193","2017100800_2970",7,9.07,7.59,9.46,9.41,7.39,3.65,8.93,9.06,9.16,8.84,3.4,5.82,0.15,6.43,5.82,2.55,2.68,5.59,1.61,6.01,4.73
"194","2017100800_2194",7.84,4.76,4.78,8.24,8.22,8.33,8.45,6.18,7.74,8.15,6.74,5,4.83,4.2,3.53,1.65,1.3,5.12,4.59,3.16,1.88,1.5
"195","2017100800_1689",6.42,9.01,7.51,9.43,9.3,6.53,5.62,9.02,8.98,8.48,8.88,2.26,5.36,1.29,5.64,4.95,3.34,2.2,4.9,3.33,5.79,2.99
"196","2017100800_1285",7.95,6.88,5.33,8.91,8.56,9.55,8.99,8,8.65,8.36,8.44,3.19,6.06,5.51,6.68,2.35,4.37,3.25,2.45,2.56,3.62,3.13
"197","2017100500_901",6.66,5.88,10.04,9.12,9.16,7.81,8.21,8.85,8.99,8.68,6.49,1.15,5.27,1.67,3.62,4.91,3.81,6.98,2.39,3.54,3.23,2.08
"198","2017100500_4428",7.98,5.73,4.46,9.43,9.11,9.07,8.02,8.04,8.08,7.78,7.44,2.1,1.95,0.82,5.67,4.59,5.08,3.5,5.68,5.65,4.21,3.28
"199","2017100500_4258",5.88,5.23,0.48,4.9,3.47,4.22,4.35,4.93,5.64,3.78,5.21,3.23,2.05,5.34,1.65,3.25,4.24,4.67,1.73,2.69,5.44,6.04
"200","2017100500_37",7.22,5.49,9.37,8.16,8.84,8.27,9.03,8.34,6.27,8.55,8.66,5.07,2.79,1.4,4.52,5.01,4.77,2.45,5.12,1.42,2.34,2.37
"201","2017100500_2718",7.11,6.57,3.86,10,9.38,10.04,8.7,8.72,9.16,8.85,8.55,1.91,2.48,0.88,5.6,4.2,5.92,2.44,5.57,5.17,4.75,3.15
"202","2017100500_2361",6.04,5.94,4.82,10.03,7.88,9.4,7.94,8.38,8.9,8.85,9.31,1.48,1.28,0.75,6.79,4.02,5.34,2.52,4.34,5.92,4.74,3.27
"203","2017100500_2180",7.49,7.56,6.53,8.34,7.96,8.38,7.43,7.8,8.55,7.26,9.02,3.06,4.56,2.13,4.69,3.4,6.5,2.69,3.57,3.42,4.79,2.73
"204","2017100500_1820",7.99,6.15,4.03,9.27,8.45,9.67,8.68,8.62,8.63,8.86,9.44,1.61,2.42,2.76,6.06,4,5.23,3.46,5.09,5.36,4.2,2.98
"205","2017100500_1536",7.39,4.81,8.27,8,8.21,8.47,8.18,8.51,7.58,8.64,9.14,6.69,1.15,0.64,4.27,6.05,4.61,2.37,2.99,2.17,3.76,6.7
"206","2017100200_692",8.73,6.43,8.13,8.09,7.64,8.82,7.68,9.92,8.79,6.18,9.4,5.2,5.38,1.48,7.13,3.76,4.42,3.74,2.73,5.3,3.53,5.54
"207","2017100200_3861",7.02,7.26,9.27,7.18,8.09,9.9,9.96,8.11,7.85,8.07,4.66,1.28,6.08,2.05,4.88,1.41,6.14,1.32,5.76,2.22,6.35,3.65
"208","2017100200_2838",8.23,7.89,9.94,8.89,8.92,9.75,10.18,8.61,9.26,8.55,4.9,2.56,5.69,2.49,3.81,2.76,5.75,0.19,6.01,2.76,4.95,4.94
"209","2017100200_2050",7.95,6.59,7.68,7.59,6.86,8.76,7.03,9.67,8.24,8.07,9.03,1.57,5.3,1,6.13,2.63,4.37,2.89,4.2,4.52,4.23,4.19
"210","2017100113_718",6.75,5.58,8.11,8.85,8.17,10.04,9.77,9.11,8.56,7.03,8.86,2.82,2.81,1.13,1.15,5.31,2.93,1.35,4.76,3.19,5.06,5.86
"211","2017100113_54",7.8,8.42,5.39,7.71,8.19,8.8,9.56,8.42,8.79,9.23,9.72,4.35,4.93,0.97,2.03,5.46,3.83,1.41,7.12,0.69,3.55,5.18
"212","2017100113_4046",7.7,5.69,8.63,8.34,7.32,8.98,8.53,8.65,9,7.71,9.23,4.51,6.46,3.02,0.87,4.12,3.79,3.26,4.25,4.02,4.55,5.45
"213","2017100113_3618",8.15,5.4,9.01,8.55,7.59,9.53,9.12,8.87,9.07,7.58,9.55,3.85,1.6,1.86,0.2,4.85,3.06,1.83,5.03,3.28,4.32,4.55
"214","2017100113_3250",8.19,4.94,8.09,7.4,7.92,9.41,9.58,8.2,9.32,9.06,9.49,4.63,4.58,1.21,5.61,3.83,4.83,1.75,4.57,1.64,6.48,5.59
"215","2017100113_3169",7.65,5.58,7.96,7.76,7.63,9.01,8.69,5.92,9.02,8.71,8.65,3.12,6.74,0.97,2.71,4.16,5.92,4.56,4.64,2.84,5.23,4.21
"216","2017100113_3004",8.64,6.73,9.35,7.76,8.76,6.91,7.74,6.47,4.99,9.81,9.52,5.95,4.8,0.5,3.7,2.13,1.13,1.81,4.47,1.14,5.02,1.12
"217","2017100113_2227",8.34,8.73,9.06,8.58,9.23,7.85,7.31,8.63,4.78,8.85,9.07,3.9,3.42,0.47,5.52,2.41,4.67,3.87,5.51,0.66,3.57,2.53
"218","2017100113_2026",8.16,8.9,9.77,9.45,7.65,6.93,8.88,9.31,4.39,8.62,9.54,6.78,4.92,0.24,4.91,2.82,1.35,2.8,6.13,0.81,5.15,2.16
"219","2017100113_1179",7.47,8.17,5.12,8.43,8.3,9.45,9.62,7.79,9.6,9.16,9.78,4.19,6.26,0.52,5.66,5.62,6.11,3.34,6.38,3.07,6.09,5.9
"220","2017100112_845",5.07,7.75,8.38,8.69,8.79,9.73,8.68,8.68,8.6,9.32,9.1,3.49,6.22,5.95,4.88,4.94,7.25,2.6,2.97,6.22,3.78,4.16
"221","2017100112_3411",5.93,8.51,7.62,7.91,6.32,8.9,8.24,7.96,9.24,8.59,9.55,7.13,7.48,4.45,4.85,6.65,6.28,7.4,6.31,7.07,6.54,0.52
"222","2017100112_2573",5.03,8.05,8.61,8.54,9.19,8.47,8.54,8.6,7.79,6.98,9.06,5.9,3.07,2.14,4.7,4.36,5.36,3.51,6.27,4.13,7.09,6.53
"223","2017100112_2285",5.84,8.03,7.65,8.27,9.76,8.43,8.58,8.94,7.26,6.37,9.09,2.68,5.21,4.5,3.07,4.33,7.09,2.05,2.85,4.67,4.29,4.01
"224","2017100111_781",5.47,3.7,7.61,7.42,8.08,8.19,7.75,7.19,8.07,8.15,8.35,0.62,1.13,5.04,0.81,2.83,2.73,4.51,4.84,1.29,2.56,3.59
"225","2017100111_4011",9.21,8.23,8.67,6.33,8.26,8.76,6.99,7.86,9.3,7.57,4.03,2.79,5.76,2.81,6.66,6.49,6.22,7.17,4.44,2.18,8.2,6.01
"226","2017100111_38",6.62,6.5,5.12,7.51,8.09,8.43,7.33,7.5,5.94,7.9,8,0.84,0.65,4.7,3.72,1.06,1.46,4.56,2.73,2.28,2.27,2.08
"227","2017100111_3667",6.58,4.09,7.35,8.6,8.71,8.18,8.56,8.23,7.67,7.82,9.32,1.33,1.16,4.23,3.08,5.02,2.23,5.12,6.03,2.05,6.08,4.72
"228","2017100111_2867",9.42,7.65,8.61,7.38,8.41,8.77,7.79,7.95,9.24,6.32,5.9,3.85,3.8,3.39,6.34,5.08,5.68,4.51,4.9,2.51,5.56,4.77
"229","2017100111_2345",8.96,8.28,8.65,8.01,8.26,8.76,7.39,7.47,9.01,7.45,5.2,2.7,4.6,1.42,5.63,5.25,5.67,4.76,4.39,2.04,5.07,4.09
"230","2017100111_1797",9.82,8.88,8.7,7.57,8.49,8.32,7.74,8.02,9.49,7.36,4.92,3.23,5.28,3.07,5.95,5.5,4.95,5.24,5.21,2.15,5.68,4.55
"231","2017100111_1516",9.3,8.03,8.29,6.75,7.78,9.12,7.87,6.83,9.52,7.63,5.82,3.34,4.75,2.11,6.08,4.72,5.31,4.65,3.18,1.42,4.35,3.65
"232","2017100110_868",6.54,9.59,7.99,8.98,9.08,9.42,8.39,9.69,5.28,9.62,10.02,3,3.18,2.58,6.21,5.68,1.7,8.02,7.85,7.44,7.25,5.92
"233","2017100110_448",6.02,9.32,7.57,8.29,8.7,9.25,8.43,9.73,5.15,9.42,8.52,1.54,1.61,2.48,5.63,4.49,0.94,6.81,8.23,3.22,7.11,4.39
"234","2017100110_3726",8.72,6.36,8.85,8.9,7.67,9.67,9.7,9.16,8.73,5.74,8.83,1.95,6.86,4.05,1.15,1.11,5.83,5.94,2.26,5.78,4.71,0.76
"235","2017100110_37",6.05,9.24,7.86,8.37,8.56,9.57,8.56,10.13,5.65,7.93,6.86,2.68,2.96,0.88,4.69,5.09,2.38,7.32,8.76,3.25,7.74,3.55
"236","2017100110_3211",8.28,6.63,9.29,9.08,7.67,9.2,9.83,9.82,8.93,6.63,8.8,3.7,6.03,6.98,2.06,1.85,5.68,7.34,0.86,6.07,6.9,1.31
"237","2017100110_2943",6.71,9.18,6.6,7.78,8.48,8.99,7.51,9.11,5.19,7.98,2.76,2.07,1.82,0.18,2.03,5.86,5.6,4.08,6.08,2.03,6.35,1.05
"238","2017100110_2189",8.48,6.79,9.09,8.78,8.25,9.31,9.9,9.91,8.5,5.99,8.09,2.33,3.95,6.5,0.33,1.79,5.05,7.08,0.74,5.86,6.56,2.38
"239","2017100110_1609",7.62,8.97,7.87,7.96,8.46,9.41,8.14,9.52,5.41,9.13,5.99,4.16,1.63,0.53,4.93,6.7,2.52,5.3,6.46,2.62,7.6,1.95
"240","2017100110_1419",8.6,6.41,9.61,8.97,7.64,8.77,9.79,9.87,9.46,5.76,8.75,2.35,7.15,5.77,1.96,2.92,6.28,6.97,2.1,4.75,6.08,2.64
"241","2017100110_1348",7.18,9.5,7.72,9.11,8.29,8.9,8.5,8.83,5.52,9.11,9.58,3.96,3.34,1.1,5.17,5.01,2.81,7.84,7.22,4.94,6.55,3.34
"242","2017100109_4680",5.05,8.11,7.06,7.7,9.12,8.44,9.72,8.23,9.47,8,8.59,3,8.78,1.25,4.41,6.97,4.29,1.39,4.87,0.36,0.88,5.83
"243","2017100109_3806",4.98,8.44,9.69,8.75,6.45,8.89,9.69,8.94,8.84,10.71,8.69,4.91,7.15,0.43,7.19,5.63,5.95,4.03,7.13,1.96,2.5,7.16
"244","2017100109_2943",3.4,7.89,7.67,6.87,8.69,7.8,9.46,8.54,9.78,10.22,8.47,5.84,1.69,6.61,0.25,3.59,4.42,1.87,4.69,1.18,1.28,6.77
"245","2017100109_2694",9.42,9.53,8.75,7.99,3.49,9.73,7.2,9.33,8.49,9.69,9.03,6.96,4.79,5.77,3.05,6.81,4.74,8.28,2.25,5.53,7.32,6.47
"246","2017100109_2192",5.19,8.02,7.53,8.42,6.79,8.41,9.34,7.84,9.56,7.67,8.24,5.59,2.54,8.21,2.09,4.64,5.57,0.62,4.19,1.43,6.55,1.46
"247","2017100109_1253",5.18,7.21,7.63,7.07,8.62,7.82,9.18,7.73,7.57,9.99,7.82,4.19,1.5,5.95,0.73,2.76,3.95,1.17,3.62,1.92,3.19,1.49
"248","2017100109_1238",5.15,8.09,7.36,6.68,8.47,6.37,9.28,7.72,8.48,9.49,8.18,5.65,2.29,5.34,0.7,1.4,2.34,2.39,3.14,1.97,5.08,1.29
"249","2017100108_461",8.68,8.68,9.05,8.55,6.4,8.1,6.43,7.88,9.73,8.1,9.98,2.53,2.93,6.04,0.71,1.29,5.57,2.24,0.67,4.03,3.17,2.58
"250","2017100108_45",9.95,7.08,8.68,10.01,5.55,8.39,8.17,9.69,9.5,9.32,10.22,4.14,4.04,5,4.21,6.92,3.15,3.73,6,2.83,2.54,2.52
"251","2017100108_3856",9.85,9.32,7.66,8.96,5.61,8.75,8.73,8.79,9.11,8.7,9.84,6.95,6.04,1.28,5.9,3.4,7.32,5.74,7.52,6.39,4.56,6.6
"252","2017100108_382",10.01,6.88,8.76,9.4,5.51,8.37,8.61,9.69,9.49,9.13,10.02,4.84,6.26,5.51,6.73,6.6,4.22,3.98,5.24,4.1,2.84,3.3
"253","2017100108_3171",9.9,9.93,7.97,9.15,5.84,8.93,7.96,8.85,7.86,9.14,9.97,4.75,6.04,1.47,5.49,4.22,8.14,6.23,8.33,6.66,5.05,3.63
"254","2017100108_2848",7.19,6.34,8.8,8.83,8.68,4.76,8.99,7.54,8.96,7.97,9.37,4.78,3.78,3.76,0.71,2.55,1.98,0.52,0.98,1.99,5.37,2.8
"255","2017100108_1414",9.72,7.63,8.21,9.43,5.73,8.29,8.68,9.13,8.77,8.83,10.19,5.22,6.15,2.71,7.34,8.17,2.71,4.19,5.38,0.22,0.91,2.19
"256","2017100107_55",5.19,9.77,8.51,8.53,9.42,9.11,9.84,6.15,9.19,8.41,8.25,4.54,1.57,2.29,4.6,4.89,6.15,2.77,4.69,5.94,5.7,5.38
"257","2017100107_451",5.08,9.32,6.63,5.81,8.1,8.71,9.55,7.43,7.5,7.48,8.38,1.04,0.1,0.64,3.87,4.16,6.58,1.37,4.61,0.76,1.82,5.76
"258","2017100107_3650",8.43,7.52,5.14,10.14,9.1,8.68,7.97,8.85,8.55,7.8,9.24,4.09,4.1,3.52,4,7.34,5.32,1.39,6.92,4.52,2.69,5.54
"259","2017100107_3262",6.6,5.57,9.98,8.41,9.54,8.6,7.86,7.83,8.23,8.51,8.91,5.47,7.47,2.09,4.58,9.38,7.36,3.58,4.04,5.15,1.82,3.69
"260","2017100107_3019",4.63,7.14,9.75,8.99,8.74,8.83,9.46,9.14,8.79,9.2,8.9,3.61,3.06,3.59,5.73,5.4,7.32,2.45,6.39,4.86,5.67,5.75
"261","2017100107_1981",6.9,5.18,9.43,8.53,9.72,8.43,7.8,8.62,8.3,8.51,8.21,5.08,4.51,2.32,0.64,6.67,4.2,0.83,3.8,4.27,0.88,3.13
"262","2017100107_1565",7.11,5.86,10.02,8.94,9.91,8.82,6.89,8.08,8.83,8.37,9.76,2.09,1.3,2.53,2.43,4.29,5.8,1.47,4.3,3.66,1.59,3.27
"263","2017100107_1270",6.97,7.52,9.23,8.68,7.78,9.24,9.02,9.37,8.5,9,8.87,3.32,5.87,0.8,4.97,4.9,7.19,1.73,4.95,4.95,5.01,5.47
"264","2017100107_1052",8.3,5.51,9.89,8.36,8.69,8.35,8.24,8.33,6.43,8.7,10.14,3.66,6,1.85,2.33,2.24,4.15,3.01,0.37,1.91,1.25,7.12
"265","2017100106_991",8.48,5.39,8.15,7.66,6.87,8.68,8.57,7.82,7.62,9.6,9.29,1.16,3.31,1.72,6.07,4.08,5.17,2.21,1.4,2.08,4.17,6.69
"266","2017100106_2403",7.9,5.01,7.82,7.88,7.38,8.15,7.38,8.07,7.29,8.41,9.66,3.85,3.48,5.26,5.7,5.58,2.89,6.23,3.98,3.68,3.45,5.12
"267","2017100106_2188",8.19,6,6.27,7.94,6.98,8.64,8.42,6.79,7.43,9.25,8.64,2.44,2.59,3.04,4.41,2.74,4.14,3.95,2.01,3.69,4.48,2.84
"268","2017100106_1896",7.46,4.51,8.13,6.8,5.73,8.59,8.43,8.1,7.97,9.81,8.76,0.83,4.21,0.55,5.45,4.67,3.03,2.62,1.08,4.49,5.43,4.72
"269","2017100106_1685",4.1,7.85,8.02,8.57,9.21,8.17,9.29,8.62,8.48,8.46,8.07,7.42,1.84,0.88,6.89,1.95,5.45,4.23,4.72,4.38,1.23,1.86
"270","2017100105_948",9.18,7.33,8.04,7.58,7.51,8.52,6.94,5.01,8.12,9.2,8.9,2.27,4.59,1.72,2.43,6.31,3.14,4.95,7.52,4.05,1.99,5.31
"271","2017100105_590",8.36,7.23,7.95,8,8.05,6.98,5.58,7.65,9.31,8.84,8.87,1.58,3.6,1.05,3.38,6.29,3.79,4.68,6.91,4.18,0.53,5.51
"272","2017100105_37",6.65,8.85,7.56,8.08,6.79,8.56,8.91,6.54,5.8,6.85,9.13,3.39,1.61,1.26,2.32,6.12,6.35,5.47,5.16,3.6,3.18,6.2
"273","2017100105_3257",8.38,7.03,7.68,8.24,8.33,8.89,7.47,6.03,5.85,7.64,9.46,4.35,2.04,3.33,6.52,1.85,4.77,4.75,5.23,5.62,5.29,7.45
"274","2017100105_3204",8.24,6.23,8.34,8.09,8.68,8.61,7.5,4.62,6.38,6.37,9.15,5.23,4.42,1.94,5.45,2.6,5.47,3.83,5.68,4.44,3.58,5.34
"275","2017100105_3030",9.28,6.83,8.35,8.84,8.78,8.86,9.03,6.14,8.84,7.44,9.31,3.44,8.03,1.4,6.09,5.94,6.12,2.14,5.66,5.65,1.77,2.6
"276","2017100105_2423",9.42,7.07,7.41,7.41,8.09,8.14,8.57,5.65,7.77,6.27,10.18,1.33,3.51,1.1,2.29,5.13,2.4,4.57,5.12,3.93,0.82,5.09
"277","2017100105_1989",5.97,7.47,8.79,8.27,9.53,8.11,7.07,8.47,9.31,8.17,5.83,0.52,5.12,3.27,2.78,5.58,6,1.58,1.27,4.37,5.18,2.93
"278","2017100105_1773",8.32,7.01,7.83,8.1,8.54,8.64,7.31,5.29,8.17,9.58,9.4,1.06,7.42,1.65,3.16,5.25,1.96,4.35,7.97,5.34,0.99,5.56
"279","2017100105_1623",6.4,8.07,8.48,8.64,8.71,8.34,9.19,7.53,8.76,9.46,7.37,5.2,5.43,4.71,1.66,4.84,4.09,1.2,2.6,6.07,4.9,3.07
"280","2017100105_1416",9.39,7.79,8.48,7.85,8.24,9.06,6.94,4.75,8.13,9.22,9.03,0.9,4.28,1.96,1.56,7.08,1.76,3.92,7.29,5.16,0.68,5.24
"281","2017100105_1109",5.78,7.26,8.65,9.45,8.66,9.05,6.7,9.44,7.88,9.57,8.63,2,5.12,1.93,2.08,6.07,5.89,0.85,1.07,5.48,5.65,3.96
"282","2017100104_921",5.68,7.86,6.92,6.89,7.13,4.71,8.02,8.27,9.22,9.35,8.07,3.71,6.33,4.62,2.28,1.82,3.08,4.18,3.35,1.74,1.96,4.64
"283","2017100104_483",7.99,5,7.66,7.9,8.79,9.01,8.89,8.93,6.11,9.47,9.03,2,2.78,4.79,2.82,5.08,2.27,3.7,6.12,4.75,4.37,8
"284","2017100104_46",7.88,3.87,7.44,6.93,9.15,9.13,9.17,8.25,8.32,9.04,8.99,4.21,4.51,1.03,1.58,5.51,1.36,1.4,5.91,2.61,5.22,6.48
"285","2017100104_3745",6.38,6.97,6.46,7,7.19,8.08,6.03,6.14,7.44,8.68,7.76,2.64,4.51,2.42,5.11,4.86,3.64,5.47,5.2,5.44,5.98,7.23
"286","2017100104_3337",7.94,5.49,6.7,6.32,8.44,8.4,8.29,7.82,8.03,8.14,8.33,0.31,4.16,2.38,2.56,5.08,3.25,3.29,7.71,3.88,5.71,6.77
"287","2017100104_2877",4.58,7.55,7.04,6.85,7.5,8.44,8.5,8.2,8.25,8.55,8.94,0.38,4.27,4.11,2.03,5.62,4.57,5.68,6.06,2.33,6.3,7.38
"288","2017100104_2611",4.44,7.9,7.19,7.12,8.94,8.98,8.96,8.41,8.94,9.39,8.71,0.64,4.32,2.31,1.27,9,0.94,4.16,7.19,0.96,6.96,7.4
"289","2017100104_261",5.99,8.56,7.31,7.27,6.95,5.09,8.33,8.64,9.1,7.9,9.03,1.77,3.22,2.76,1.83,2.93,3.42,4.83,4.32,6.5,2.63,6.33
"290","2017100104_2162",5.39,8.47,8.28,7.06,6.87,4.93,8.4,6.53,8.69,7.42,8.88,1.32,3.21,2.66,2.68,5.13,3.76,3.88,4.49,2.88,5.51,5.8
"291","2017100104_1875",4.92,7.92,8.94,6.95,7.42,4.04,7.19,6.31,8.92,7.6,8.69,3.04,2.24,2.44,3.29,4.35,1,2.7,2.09,3.82,5.63,6.23
"292","2017100104_1599",7.91,5.24,7.59,8.55,6.5,8.14,9.09,8.42,8.13,7.89,8.99,2.15,5.49,2.81,1.58,4.99,0.79,0.89,6.95,1.24,4.42,7.17
"293","2017100104_1290",5.64,7.75,7.12,6.89,8.28,9.3,4.83,6.52,7.71,5.29,8.54,4.07,5.96,4.25,0.61,0.12,0.79,2.62,1.92,0.07,0.98,1.55
"294","2017100104_1102",5.22,7.43,7.83,8.25,6.87,8.83,9.18,8.63,8.15,9.06,8.96,0.78,5.07,2.7,1.14,5.4,2.27,1,6.81,1.6,4.4,7.72
"295","2017100103_3893",7.72,8.44,7.57,7.47,8.59,7.29,7.75,8.19,4.49,8.15,7.28,6.38,4.5,2.86,6.45,6.23,5.35,7.12,5.41,3.93,4.35,5.96
"296","2017100103_36",8.06,7.21,5.81,8.77,6.94,8.12,8.68,5.86,8.46,7.2,8.4,3.99,2.18,5.57,3.36,0.57,4.32,3.2,4.5,2.66,0.69,1.89
"297","2017100103_2611",7.52,6.51,4.87,7.94,6.86,8.25,7.65,6.76,7.92,7.64,7.65,2.45,3.75,4.05,2.53,1.47,0.66,4.8,3.28,5.33,2.25,1.41
"298","2017100103_2209",7.94,7.38,5.44,8.23,8.37,9.74,8.24,6.98,8.41,7.72,6.32,2.37,5.26,6.58,4.32,5.98,3.3,5.41,3.91,3.58,4.29,2.82
"299","2017100103_1730",8.03,6.78,5.41,8.67,8.29,7.36,9.8,8.26,7.1,7.63,7.16,4.7,5.31,2.37,1.89,2.27,2.07,4.8,3.78,4.96,2.11,3.1
"300","2017100103_1491",8.24,7.66,4.79,8.71,8.27,9.65,8.58,7.16,8.55,7.75,7.59,5.5,5.97,2.25,1.95,2.65,5.4,3.36,6.67,2.87,4.09,3.91
"301","2017100102_648",9.55,7.92,8.93,8.15,6.65,7.95,5.65,7.1,9.32,8.28,6.9,3.14,2.34,5.12,3.42,1.1,3.8,4.78,2.65,3.15,7.84,1.36
"302","2017100102_4007",7.8,7.89,9.05,7.88,6.49,7.53,5.33,7.98,8.9,7.88,6.33,3.48,2.83,4.58,3.27,1.51,4.49,0.65,1.65,3.42,7.45,0.47
"303","2017100102_37",10.12,7.15,8.79,8.6,5.59,7.9,4.69,7.01,8.81,7.7,6.54,2.32,4.45,3.4,2.63,2.99,3.6,0.5,1.29,3.49,6.81,1.16
"304","2017100102_2782",8.76,9.66,5.08,7.47,9.68,8.09,8.52,4.95,7.02,9.26,9.15,3.86,4.65,4.62,3.52,3.87,2.37,1.84,0.35,2.69,2.2,2.35
"305","2017100102_2435",7.62,9.77,5.48,7.99,9.31,7.97,8.07,5.6,5.09,8.89,8.38,5.28,4.98,2.3,5.81,3.59,3.81,6.49,1.66,3.59,3.86,6.18
"306","2017100102_2227",8.67,8.64,9.37,5.62,7.93,9.56,8.14,5.77,3.32,8.74,8.43,2.14,3.24,2.36,5.86,6.46,6.12,1.42,1.91,1.77,2.54,6.09
"307","2017100102_2021",8.49,7.88,8.25,7.92,7.26,7.92,5.74,7.85,8.55,7.98,7.41,3.41,4.34,5.21,4.99,3.94,2.62,4.61,4.68,5.12,5.64,4.39
"308","2017100102_1596",8.97,8.39,8.63,8.33,8.48,8.47,5.25,6.5,7.93,8.53,5.88,5.68,5.25,5.6,4.4,4.87,3.02,4.22,2.81,4.81,6.21,3.63
"309","2017100102_1299",10.03,8.22,8.84,9.04,8.58,7.87,5.55,6.73,7.06,7.58,6.65,3.1,5.5,7.64,3.32,0.16,3.1,3.15,2.1,4.33,3.31,2.77
"310","2017100101_37",9.44,8.21,9.58,7.03,8.08,5.19,9.14,8.81,8.31,7.26,9.07,2.61,1.2,4.29,2.64,1.34,5.44,6.58,3.01,4.63,1.87,5.98
"311","2017100101_3481",9.22,7.83,9.41,6.64,8.56,5.21,8.18,7.5,8.35,9.01,8.79,3.41,1.48,6.39,4.47,1.45,4.75,4.16,2.8,5.24,0.65,5.52
"312","2017100101_3331",6.12,8.6,5.89,8.03,8.09,8.45,7.62,6.51,4.56,8.96,9.66,5.48,3.19,1.01,4.71,1.53,6.24,2.01,4.61,2.11,2.77,0.92
"313","2017100101_2292",8.31,7.36,5.99,6.63,6.55,2.67,8.07,7.71,5.72,5.32,8.15,0.58,6.61,3.72,4.76,2.5,7.62,3,5.64,6.09,5.98,7.37
"314","2017100101_1142",6.62,8.66,6.77,7.22,8.36,8.75,7.86,8.59,7.16,9.44,9.37,6.61,3.13,3.05,5.97,3.86,5.2,4.3,3.64,2.8,4.38,1.11
"315","2017100100_3803",8.35,8.34,8.39,8.92,8.11,8.13,5.8,9.12,8.45,8.97,8.29,5.82,4.68,5.39,2.41,4.55,5.3,5.56,2.98,3.05,5.4,6.54
"316","2017100100_37",8.67,7.94,8.51,9.42,9.35,9.19,6.19,7.53,8.68,6.27,8.82,2.68,4.22,4.84,2.66,2.06,2.36,4.44,2.38,2.91,6.08,6.48
"317","2017100100_3207",8.03,8.7,8.46,8.91,8.28,8.55,6.38,9.45,8.47,9.71,8.77,4.68,4.61,4.45,0.65,5.24,5.48,5.3,3,0.13,1.75,6.49
"318","2017100100_2511",8.17,8.53,8.39,9.26,8.09,8.71,5.85,9.61,9.77,8.55,9.33,6.4,3.47,5.6,0.88,3.9,4.65,4.41,2.61,0.73,1.13,4.63
"319","2017100100_2179",6.67,5.4,6.54,9.81,8.97,8.7,7.32,9.47,6.15,6.79,9.66,3.84,2.05,3.57,7.12,2.64,5.42,2.87,1.66,2.29,6.59,3.72
"320","2017092800_420",5.59,8.39,8.47,8.52,7.12,6.21,9.17,7.77,6,8.89,8.3,5.9,1.59,4.19,3.65,3.74,4.71,3.63,5.82,4.66,2.15,2.17
"321","2017092800_36",8.78,7.7,3.89,9.18,9.28,8.71,8.4,7.79,9.49,7.11,8.35,4.92,2.23,4.47,5.75,4.94,3.83,4.42,3.84,4.53,5.02,4.16
"322","2017092800_3529",9.71,7.91,2.67,9.41,5.84,8.71,7.89,7.5,9.5,8.66,8.45,7.04,5.13,7.03,1.84,6.55,7.32,7.93,7.45,6.54,6.55,7.08
"323","2017092800_297",4.4,9.44,8.58,7.73,8.65,8.33,9.43,8.07,6.29,8.07,9.13,5.49,4.13,0.93,1.6,4.86,4.62,3.76,1.87,3.12,1.96,1.33
"324","2017092800_2837",3.93,9.82,7.97,7.8,8.05,7.44,8.99,5.68,8.17,5.69,8.69,4.27,4.76,3.31,4.04,2.35,5.21,6.84,3.47,2.94,2.03,1.81
"325","2017092800_2160",5.89,9.34,8.87,8.22,8.32,8.54,8.88,7.01,8.3,6.07,7.85,5.53,1.6,3.05,5.22,3.96,4.03,5.87,4.65,2.14,2.1,3.17
"326","2017092800_2126",2.44,9.43,7.87,8.29,8.54,8.79,8.42,8.53,6.45,8.92,8.73,6.02,1.52,1.37,0.27,5.12,5.56,5.39,5.08,5.06,3.54,1.2
"327","2017092800_2073",9.14,7.07,3.38,8.91,8.49,8.01,8.43,7.33,8.6,6.02,5.99,3.8,1.58,4,2.98,4.13,3.94,3.36,2.97,3.88,5.17,3.42
"328","2017092800_1621",3.82,9.3,7.59,8.17,8.25,8.63,8.06,6.48,8.6,7.05,8.62,4.91,4.53,0.57,1.21,4.62,5.88,5,4.54,4.83,3.45,2.52
"329","2017092500_3738",6.01,7.98,8.67,6.27,6.68,4.89,8.55,9.22,9,8.72,8.07,5.08,3.89,1.08,2.99,5.86,6.31,3.08,5.5,6.54,5.66,2.23
"330","2017092500_37",5.79,8.21,7.89,7.38,7.91,4.99,7.81,8.8,9.16,7.88,6.64,2.48,3.85,3.67,2.38,3.31,3.25,5.66,5.64,5.77,6.34,5.24
"331","2017092500_3599",5.33,7.23,7.1,7.2,6.08,8.38,9.32,8.73,9.62,9.93,8.59,3.15,5.33,2.38,2.58,5.08,3.14,1.99,7.39,0.16,4.87,6.15
"332","2017092500_3099",5.47,7.61,7.98,5.78,7.8,9.57,7.97,9.39,7.68,8.08,7.5,4.15,5.12,1.29,2.73,5.03,4.9,1.46,3.74,6.5,8.19,2.33
"333","2017092500_301",5.3,8.56,7.83,7.26,9.22,7.28,9.6,8.65,9.96,10.62,9.35,1.66,6.95,2.46,1.98,5.6,1.29,0.87,7.43,1.01,5.01,7.85
"334","2017092500_2672",5.79,7.57,8.63,6.63,6.4,7.5,7.17,7.71,7.77,5.24,7.34,4.82,3.69,1.93,2.55,3.21,0.62,4.02,5.13,4.51,3.57,4.23
"335","2017092500_2270",5.93,8.2,9.25,6.43,7.48,6.04,8.12,8.7,8.35,9.04,6.76,3.57,3,4.26,1.39,5.75,5.74,5.44,3.39,5.46,7.19,2.17
"336","2017092500_1841",4.87,7.89,7.17,6.84,9.06,8.2,9.25,8.03,9.96,8.11,8.96,2.91,5.13,1.79,2.55,4.69,4.68,2.54,7.47,2.19,4.94,6.47
"337","2017092500_1739",5.79,7.35,9.54,6.32,7.7,5.68,7.62,8.87,9.34,9.2,4.11,2.84,4.93,1.24,1.6,0.93,2.41,5.95,6.68,4.27,6.53,3.73
"338","2017092413_2749",8.31,6.88,8.13,7.69,9.06,9.51,9.69,8.35,8.64,9.23,9.27,0.5,0.77,2.01,6.63,0.32,4.05,1.32,4.24,5.07,6.93,5.48
"339","2017092412_797",7.5,9.04,8.49,7.94,8.45,8.65,9.64,9.52,9.04,6.52,8.59,2.04,5.88,6.88,4.66,3.88,8.04,4.15,5.68,3.36,4.38,5.89
"340","2017092412_543",8,8.33,8.36,9.12,9.33,8.07,8.64,4.38,8.3,9.49,8.85,3.61,3.26,6.8,1.82,4.99,6.3,1.88,5.19,7.05,7.4,4.13
"341","2017092412_3800",6.53,6.15,0.45,7.57,5.03,6.25,3.49,5.58,6.41,8.82,6.5,4.47,3.43,3.52,3.86,3.63,0.17,0.81,7.31,5.09,4.44,0.56
"342","2017092412_36",7.99,8.57,8.4,9.65,8.71,8.67,8.61,4.53,9.52,10.18,8.57,1.7,1.09,5.95,0.91,5.28,7.09,1.1,9.08,4.4,6.22,6.04
"343","2017092412_240",7.83,8.25,7.78,8.68,9.3,8.64,8.53,4.74,6.8,9.3,8.92,4.38,3.52,4.7,1.47,5.13,7.16,1.23,4.69,7.9,7,3.61
"344","2017092412_1853",7.58,8.79,9.14,8,8.89,8.59,10.19,8.69,7.93,6.11,8.4,2.67,5.14,6.63,4.82,3.75,7.42,3.94,5.07,4.98,5.56,6.58
"345","2017092411_3836",3.59,8.17,7.77,7.12,8.05,8.99,6.52,6.39,9.62,8.03,8.93,2.84,1.76,4.41,1.47,5,5.49,3.96,0.5,4.71,4.68,4.52
"346","2017092411_35",5.32,9.54,8.71,8.74,7.8,8.97,9.67,8.29,7.33,8.48,8.47,1.33,6.56,3.55,4.53,4.05,3.11,4.97,4.62,3.92,5.07,6.81
"347","2017092411_1977",5.33,3.97,7.96,8.36,9.24,6.45,7.35,6.54,8.82,9.07,8.45,1.75,2.27,4.15,4.9,3.02,4.69,3.41,3.96,1.58,3.78,5.05
"348","2017092411_1211",6.51,3.99,6.84,8.63,8.8,8.87,7.78,7.23,9.32,8.27,8.84,1.72,1.43,3.18,4.51,3.55,4.43,0.94,2.9,1.42,3.55,5.12
"349","2017092410_4389",6.54,0.93,5.03,3.61,1.42,5.72,2.37,6.58,5.93,6.66,5.02,4.95,3.87,1.01,0.89,5.29,1.49,1.12,3.98,7.16,1.68,6.7
"350","2017092410_3495",6.46,5.53,6.69,6.91,6.63,8.45,7.22,5.91,6.92,7.82,7.83,3.61,4.1,7.73,4.62,7.34,4.97,5.74,3.06,6.45,4.63,2.85
"351","2017092410_3246",5.49,6.64,8.04,8.74,8.75,9.34,8.95,9.43,5.93,6.67,7.93,2.79,3.55,1.33,2.41,2.29,1.28,1.96,1.79,8.46,2.18,5.35
"352","2017092410_2413",5.67,6.69,7.79,7.96,6.58,7.89,7.53,9.3,5.01,6.74,8.23,3.32,3.39,3.71,1.96,4.88,5.08,1.15,1.82,8.24,4.17,6.09
"353","2017092410_2184",6.27,7.48,5.5,7.35,8.26,8.67,8.07,7.6,6.87,7.85,9.13,1.84,4.52,2.04,4.96,5.87,3.31,4.32,4.1,3.94,4.98,3.62
"354","2017092409_4357",4.31,6.33,7.02,7.75,8.32,7.62,8.74,8.54,5.76,8.39,7.81,1.81,4.53,0.28,6.11,4.86,4.38,5.79,5.04,4.25,3.09,2.48
"355","2017092409_36",9.03,7.96,8.53,8.01,6.98,8.71,7,8.28,9.26,8.74,4.75,2.95,7.17,5.96,2.96,6.74,5.61,5.26,0.91,4.43,5.2,2.08
"356","2017092409_3415",7.22,2.73,8.4,5.16,4.62,5.94,6.54,7.97,6.57,5.84,4.86,2.26,1.76,2.56,3.27,3.65,4.57,3.64,2.14,2.76,6.04,3.39
"357","2017092409_3229",9.33,8.83,8.59,7.16,8.53,7.78,5.87,10.04,8.47,5.84,7.29,2.23,5.69,4.15,0.99,5.89,2.13,1.46,1.55,2.22,4.59,1.85
"358","2017092409_2658",5.52,7.64,6.62,6.98,6.3,6.52,8.47,7.09,5.59,7.89,6.61,3.96,5.64,4.08,2.09,6.36,5.92,5.14,6.01,2.31,5.38,4.97
"359","2017092409_2093",5.19,6.42,7.36,7.75,8.74,7.34,9.28,9.62,5.45,8.34,6.22,3.58,1.66,1,4.45,3,0.78,6.85,4.74,4.59,3.37,1.52
"360","2017092409_1229",7.83,7.98,8.84,6.03,9.28,7.66,7.54,7.89,5.47,8.84,3.85,4.54,3.89,1.14,3.82,1.44,4.72,4.69,3.52,6.99,1.29,4.58
"361","2017092408_2061",8.47,8.68,3.2,8.83,5.2,7.06,6.29,7.6,9.92,9.14,7.9,5.02,1.35,5.56,1.61,1.01,4.76,0.43,1.87,1.91,1.54,6.15
"362","2017092408_1848",7.33,6.05,7.19,9.42,5.25,7.39,6.11,7.17,8.81,8.37,7.65,6.03,1.38,4.62,2.24,4.31,6.96,6.74,2.05,4.42,4.32,5.59
"363","2017092408_1438",8.16,8.32,8.35,8.43,5.63,7.71,7.25,8.08,9.66,9.09,6.83,5.34,3.18,6.68,1.4,3.92,5.37,2.63,0.91,1.55,4.28,5.39
"364","2017092407_901",5.88,5.88,5.88,5.88,5.88,5.88,5.88,5.88,5.88,5.88,5.88,5.88,5.88,5.88,5.88,5.88,5.88,5.88,5.88,5.88,5.88,5.88
"365","2017092407_567",5.88,5.88,5.88,5.88,5.88,5.88,5.88,5.88,5.88,5.88,5.88,5.88,5.88,5.88,5.88,5.88,5.88,5.88,5.88,5.88,5.88,5.88
"366","2017092407_4270",5.88,5.88,5.88,5.88,5.88,5.88,5.88,5.88,5.88,5.88,5.88,5.88,5.88,5.88,5.88,5.88,5.88,5.88,5.88,5.88,5.88,5.88
"367","2017092407_3932",5.88,5.88,5.88,5.88,5.88,5.88,5.88,5.88,5.88,5.88,5.88,5.88,5.88,5.88,5.88,5.88,5.88,5.88,5.88,5.88,5.88,5.88
"368","2017092407_37",5.88,5.88,5.88,5.88,5.88,5.88,5.88,5.88,5.88,5.88,5.88,5.88,5.88,5.88,5.88,5.88,5.88,5.88,5.88,5.88,5.88,5.88
"369","2017092407_350",5.88,5.88,5.88,5.88,5.88,5.88,5.88,5.88,5.88,5.88,5.88,5.88,5.88,5.88,5.88,5.88,5.88,5.88,5.88,5.88,5.88,5.88
"370","2017092407_3318",5.88,5.88,5.88,5.88,5.88,5.88,5.88,5.88,5.88,5.88,5.88,5.88,5.88,5.88,5.88,5.88,5.88,5.88,5.88,5.88,5.88,5.88
"371","2017092407_2399",5.88,5.88,5.88,5.88,5.88,5.88,5.88,5.88,5.88,5.88,5.88,5.88,5.88,5.88,5.88,5.88,5.88,5.88,5.88,5.88,5.88,4
"372","2017092407_2242",5.88,5.88,5.88,5.88,5.88,5.88,5.88,5.88,5.88,5.88,5.88,5.88,5.88,5.88,5.88,5.88,5.88,5.88,5.88,5.88,5.88,5.88
"373","2017092407_1859",5.88,5.88,5.88,5.88,5.88,5.88,5.88,5.88,5.88,5.88,5.88,5.88,5.88,5.88,5.88,5.88,5.88,5.88,5.88,5.88,5.88,5.88
"374","2017092407_1653",5.88,5.88,5.88,5.88,5.88,5.88,5.88,5.88,5.88,5.88,5.88,5.88,5.88,5.88,5.88,5.88,5.88,5.88,5.88,5.88,5.88,5.88
"375","2017092407_1563",5.88,5.88,5.88,5.88,5.88,5.88,5.88,5.88,5.88,5.88,5.88,5.88,5.88,5.88,5.88,5.88,5.88,5.88,5.88,5.88,5.88,5.88
"376","2017092407_1266",5.88,5.88,5.88,5.88,5.88,5.88,5.88,5.88,5.88,5.88,5.88,5.88,5.88,5.88,5.88,5.88,5.88,5.88,5.88,5.88,5.88,5.88
"377","2017092406_422",7.82,7.71,5.59,8.55,8.48,8.35,8.33,8.37,8.13,9.78,9.03,0.99,2.98,2.64,4.59,7.22,5,1.28,0.63,1.85,3.74,5.19
"378","2017092406_2210",5.21,7.5,8.01,8.33,8.64,6.27,8.44,8.67,8.88,7.83,9.18,5.17,4.26,4.41,3.72,6.94,7.1,5.01,4.24,3.69,4.27,7.99
"379","2017092406_1987",5.36,7.4,8.07,7.82,9.06,9.05,8.66,8.18,8.98,8.45,8.55,3.86,5.09,2.41,5.39,2.93,6.11,4.32,3.92,4.9,6.77,5.11
"380","2017092406_1165",5.44,6.93,6.23,7.44,8.07,8.58,7.92,8.31,8.02,8.38,6.5,2.63,4.77,2.61,5.2,5.43,4.71,3.45,1.4,3.02,5.28,5
"381","2017092405_896",8.63,8.19,9.29,8.46,8.84,10.12,7,8.06,8.59,3.27,7.73,4.5,3.87,4.19,1.94,1.11,2.74,4.15,4.04,2.25,4.94,4.33
"382","2017092405_4303",6.35,6.93,6.53,5.97,6.08,6.38,6.96,7.29,6.5,6.72,1.86,4.63,6.27,4.32,5.68,6.21,5.98,4.33,3.09,1.31,6.4,3.63
"383","2017092405_3849",5.87,5.19,5.61,5.64,2.99,5.95,7.64,3.72,5.11,7,0.49,5.57,5.5,1.64,1.31,1.82,6.55,4.67,5.32,2.97,2.1,4.21
"384","2017092405_35",7.91,8.64,9.7,7.56,8.96,9.97,8.01,7.79,9.01,3.67,9.04,5.61,4.02,4.4,2.58,2.2,3.66,3.81,2.88,0.81,3.26,4.64
"385","2017092405_3420",8.42,8.54,8.98,8.86,8.32,8.58,7.24,8.95,8.22,3.7,7.51,3.48,1.95,6.07,3.17,0.91,2.03,3.21,3.73,1.37,4.19,3.55
"386","2017092405_2234",8.84,10.01,6.54,8.9,7.81,7.85,8.02,9.36,5.13,9.11,9.55,2.45,2.44,1.17,0.84,6.06,3.33,0.78,4.8,3.65,5.99,NA
"387","2017092405_1847",8.2,7.64,9.5,8.85,8.75,7.3,7.74,8.32,8.38,3.19,7.16,2.21,3.46,4.63,2.12,0.82,2.48,4.1,3.42,1.05,4.07,3.99
"388","2017092405_1252",8.15,8.33,8.8,8.67,9.17,9.8,7.6,7.45,8.49,3.45,7.19,3.71,1.83,3.89,1.34,3.47,3.63,3.36,2.22,0.76,3.88,3.86
"389","2017092405_1054",7.55,9.68,6.77,9.14,8.32,8.21,8.4,9.65,5.39,9.17,9.4,4.65,2.62,0.8,1.26,3.06,4.01,0.2,5.24,0.39,3.98,4.79
"390","2017092404_984",5.32,9.09,5.39,6.94,8.13,8.64,8.38,8.77,9.55,9.46,9.48,4.54,5.25,3.01,5.17,0.86,3.66,3.81,4.16,4.94,0.37,1.43
"391","2017092404_419",6.54,9.04,6.15,7.94,7.9,8.18,9.5,8.95,8.26,9.07,9.13,6.63,4.64,0.74,4.75,2.06,2,3.2,4.01,3.65,0.35,0.97
"392","2017092404_36",7.89,7.51,5.22,8.34,7.74,7.36,9.26,9.57,9.66,8.85,8.99,2.17,1.89,2.09,4.73,2.48,5.58,6.53,2.81,3.55,1.41,3.28
"393","2017092404_3208",7.36,8.36,5.11,9.1,8.39,7.38,5.86,7.7,9.02,8.83,7.77,0.74,0.15,6.48,3.61,0.73,5.53,5.12,2.2,5.4,0.93,6.73
"394","2017092404_3017",3.83,9,4.42,5.25,7.7,8.89,8.26,8.87,8.1,9.92,9.02,4.72,4.77,0.9,3.47,2.47,3.2,4.7,4.53,5.69,1.75,1.15
"395","2017092404_2878",7.97,9.49,4.69,9.2,8.52,8.9,5.41,7.83,9.32,9.08,8.2,2.12,1.6,7.89,3.91,1.35,3.86,6.61,1.95,5.55,1.18,6
"396","2017092404_2612",7.76,9.59,9.84,5.07,9.43,8.8,7.37,8.81,8.75,9.37,7.91,2.23,0.49,1.85,7.4,3.93,5.37,5.16,2.22,4.37,1.42,6.51
"397","2017092404_2304",5.37,9.17,4.8,5.82,8.02,8.63,10.06,9.02,8.22,9.76,9.55,4.71,5.01,1,4.2,1.44,1.37,5.7,3.58,5.75,2.08,1.69
"398","2017092404_1937",4.36,9.02,5.29,5.82,7.99,9.11,9.96,8.09,7.39,9.2,9.04,4.48,5.34,2.21,3.39,3.46,1.79,3.29,3.33,4.13,1.98,2.26
"399","2017092404_1725",7.24,8.94,5.14,7.7,8.62,8.39,5.5,8.56,9.34,7.55,6.84,0.87,0.28,2.76,6.5,4.21,5.13,5.33,2.55,4.2,2.23,6.73
"400","2017092404_1668",8.39,8.95,4.74,8.05,8.86,8.75,6.01,8.9,9.24,8.88,7.67,2.11,2.53,1.12,7.51,4.6,5.82,7.25,2.95,4.37,0.49,6.81
"401","2017092404_1421",4.93,9.2,4.96,6.31,8.73,9.18,9.45,8.75,7.59,9.26,9.92,6.13,5.75,2.62,3.58,0.54,2.73,5.09,3.57,5.63,1.2,1.99
"402","2017092404_1141",8.3,8.4,5.16,8.95,7.8,9.36,8.4,9.75,9,8.13,9.76,2.63,0.56,2.24,3.72,4.27,5.72,6.57,2.81,5.25,2.07,6.76
"403","2017092403_44",9.04,8.76,3.92,8.73,6.85,9.36,8.67,8.41,9.36,9.67,8.34,4.27,5.83,6.06,3.88,5.71,2.19,5.68,4.81,5.75,1.25,2.26
"404","2017092403_4209",7.43,7.71,8.26,8.05,6.73,7.84,5.48,7.51,7.4,7.96,6.1,4.37,2.42,4.36,4.62,5.14,4.15,3.3,5.18,5.05,3.89,1.18
"405","2017092403_392",7.98,8.64,3.36,9.32,6.12,9.49,9.09,8.73,8.09,9.46,7.43,4.72,4.24,3.81,5.74,5.58,5.32,4.17,1.7,1.19,2.05,4.23
"406","2017092403_3509",8.4,6.64,9.22,8.59,8.38,8.28,4.83,7.57,9.45,7.85,6.27,4.86,5.38,4.05,3.03,4.48,3.43,2.81,3.49,4.72,4.03,2.25
"407","2017092403_2164",8.47,7.18,8.4,8.43,6.53,7.76,5.67,7.78,8.24,7.52,6.67,5.72,1.47,3.56,2.54,5.63,4.12,2.35,4.76,4.54,2.27,1.15
"408","2017092403_1827",9.13,8.21,3.97,9.21,6.07,8.82,8.7,8.76,5.74,9.44,7.11,2.67,4.22,7.11,5.11,1.6,3.04,2.02,3.92,2.8,1.57,3.27
"409","2017092403_1535",8.98,8.03,8.95,9.03,8.07,8.98,6.55,7.17,9.39,7.82,7.2,7.05,1.09,1.86,1.42,4.67,3.96,3.88,5.65,8.8,2.13,1.53
"410","2017092402_729",8.5,8.94,9.59,8.32,9.22,5.88,7.92,8.58,9.68,9.09,9,6.01,5.62,3.47,3.94,5.99,4.39,6.51,3.4,1.81,2.54,7.32
"411","2017092402_3217",7.85,8.59,8.63,8.77,8.79,6.82,8.21,7.38,9.24,7.92,8.88,5.58,5.54,8.61,2.26,3.21,4.94,3.17,3.45,4.5,3.71,5.47
"412","2017092402_2784",7.95,8.96,8.79,9.25,8.99,5.31,7.86,10.08,9.57,7.82,8.38,4.64,8.34,7.97,1.2,3.78,5.21,3.58,3.04,1.86,3.48,4.11
"413","2017092402_2442",4.57,9.86,8.77,8.74,8.54,6.23,7.5,8.93,7.91,8.37,8.69,0.11,5.53,4.96,6.48,4.94,6.69,4.87,2.87,5.57,7.59,1.54
"414","2017092402_1927",8.37,8.14,8.72,8.96,9.3,5.04,7.8,7.87,10.32,9.32,9.01,5.07,4.37,5.46,2.99,4.81,3.78,3.43,1.53,2.13,1.15,6.86
"415","2017092402_1695",6.73,9.84,8.8,9.09,9.39,6.75,7.33,9.17,8.97,8.79,9.34,2.39,5.94,6.51,6.38,0.9,6.82,3.6,5.36,6.12,7.78,3.38
"416","2017092402_1288",8.33,9.18,9.49,8.28,8.34,5.75,7.81,10,9.94,9.13,9.13,6.86,8.11,7.43,1.06,5.46,3.38,4.54,1.22,1.71,3.59,5.67
"417","2017092401_4342",9.25,8.59,9.51,10.01,4.46,9.15,8.56,8.29,8.9,9.42,8.52,4.53,3.12,5.29,6.53,6.82,7.1,6.53,1.94,4.44,4.6,6.86
"418","2017092401_3646",9.64,8.91,9.84,10.14,8.56,4.26,9.48,7.76,8.89,8.71,8.2,1.37,2.96,4.57,6.29,6.21,6.46,6.37,2.27,1.67,1.93,5.17
"419","2017092401_36",9.7,8.86,10.08,9.68,3.97,8.81,8.33,8.08,9.44,8.61,8.75,4.64,0.69,4.07,5.59,5.64,5.57,4.36,3.39,2.94,4.57,5.87
"420","2017092401_3128",9.4,9.04,9.68,10.2,3.74,9.95,7.6,8.23,8.89,9.16,8.56,4.58,2.2,4.23,6.33,6.22,6.55,6.89,1.92,2.52,2.37,5.52
"421","2017092401_2993",5.68,8.93,6.06,7.59,9.63,7.67,8.37,8.42,8.31,7.09,8,4.1,4.47,4.75,2.98,4.33,4.54,3.22,2.33,2.93,2.67,1.97
"422","2017092401_2561",5.25,7.48,8.92,7.1,8.07,10.19,8.42,8.76,8.7,8.04,9.18,3.83,7.27,3.44,4.89,3.4,5.62,1.98,2.7,0.99,4.81,4.02
"423","2017092401_2502",6.39,4.71,4.95,7.18,6.02,3.96,7.29,6.72,5.1,6.85,6.62,2.71,3.12,2.51,3.31,3.94,0.74,4.79,1.03,0.87,3.17,3.33
"424","2017092401_2019",9.4,8.87,10.08,9.58,8.82,3.93,8.99,8.53,7.52,9.13,8.37,4.14,3.6,5.43,5.94,6.75,7.57,5.71,5.72,0.29,4,6.94
"425","2017092401_1417",4.29,9.29,8.52,8.7,8.1,8.67,8.66,9.63,7.52,8.21,9.03,2.2,6.04,2.03,4.63,3.49,6.07,1.33,3.15,0.48,5.27,4.34
"426","2017092401_1265",9.79,8.96,9.78,9.79,9.02,4.29,9.18,7.71,8.85,9.28,8.75,4.81,3.77,3.64,7.81,5.94,4.17,5.63,1.39,4.75,4.38,6.58
"427","2017092400_716",9.2,8.01,7.18,5.6,7.44,5.1,6.37,8.52,7.86,8.23,9.82,2.73,5.51,2.39,2.76,3.51,3.72,2.45,2.36,5.24,6.45,2.56
"428","2017092400_409",9.55,8.26,8.18,6.05,7.22,7.54,6.88,8.92,6.94,8.32,9.67,4.64,6.66,2.33,1.49,5.08,2.62,2.11,2.07,3.72,6.35,1.9
"429","2017092400_4019",8.98,8.05,5.23,8.83,10.32,6.92,5.76,7.51,7.21,8.2,6.89,6.53,4.98,5.15,4.57,5.51,7.17,7.13,4.66,6.59,7.33,4.38
"430","2017092400_3365",9.03,7.41,7.27,5.2,8.45,9.54,6.16,8.67,8.91,8.8,8.98,3.35,4.28,2.59,3.02,4.21,3.67,4.32,6.04,6.01,7.09,2.97
"431","2017092400_2682",9.34,5.32,7.98,9.39,5.62,7.35,5.58,9.63,8.99,8.24,9.13,3.6,3.88,1.93,1.09,2.92,3.51,0.38,3.39,4.11,6.1,2.45
"432","2017092400_2285",9.41,9.13,2.66,9.51,10.45,8.49,8.72,10.24,10.38,7.9,7.69,4.85,4.12,5.68,0.89,6.87,5.04,0.74,0.74,6.05,4.68,3.9
"433","2017092400_2036",8.6,7.98,7.61,5.45,5.16,6.92,8.96,7.79,8.44,8.67,9.2,3.74,3.17,1.21,1.98,4.51,3.2,0.74,4.05,4.12,6.78,3.27
"434","2017092100_778",7.9,5.26,8.21,7.71,8.8,9.29,9.14,8.89,9.11,8.32,9.13,6.83,0.53,6.2,3.97,2.34,3.87,2.39,5.22,3.72,4.54,5.32
"435","2017092100_4446",4.94,0.31,7.16,3.39,3.16,4.82,6.17,4.72,8.07,6,6.83,6.95,8.3,1.5,2.6,0.88,7.35,3.56,6.61,5.62,3.77,3.49
"436","2017092100_4118",6.58,8.94,5.58,8.27,5.44,8.9,9.31,4.37,9.13,8.47,8.17,1.64,2.01,2.55,5.14,2.39,3.69,2.93,5.79,3.73,2.26,5.73
"437","2017092100_3780",5.74,7.95,7.56,8.48,9.29,9.01,9.03,8.31,8.57,8.89,8.53,4.62,1.29,6.74,0.98,6.21,2.44,4.94,3.99,6.07,3.72,4.99
"438","2017092100_36",7.57,6.75,4.74,9.98,7.35,7.8,7.93,7.67,6.75,8.36,8.17,3.39,1.79,7.06,0.69,2.32,4.91,3.71,5.37,2.18,2.25,4.89
"439","2017092100_2302",7.81,9.57,6.53,7.84,4.85,8.17,9.87,7.48,9.43,9,8.36,3.09,3.87,2.88,3.01,4.28,2.52,3.8,3.32,5.34,4.03,7.73
"440","2017092100_1836",8.09,9.21,6.8,8.32,3.73,8.87,9.56,8.29,9.47,8.98,8.92,3.03,4.86,2.66,2.45,3.64,1.43,4.38,2.71,5.27,3.68,7.07
"441","2017092100_1484",8.23,9.6,7.53,8.59,3.95,9.08,9.57,8.44,9.22,9.32,8.8,2.64,5.29,3.48,2.26,4.5,3.56,4.44,3.01,7.15,3.45,8.04
"442","2017092100_110",7.7,5.62,9.91,8.09,8.2,8.57,8.51,8.11,7.69,8.52,7.16,4.64,2.55,6.53,1.81,2.47,4.77,3.46,3.51,5.61,2.89,4.38
"443","2017091800_578",9.53,5.02,7.02,7.08,6.02,8.08,10.49,8.63,9.37,8.84,8.84,3.41,1.19,5.9,4.68,8,2.32,1.94,6.29,4.54,2.83,3.95
"444","2017091800_35",7.94,7.33,8.07,8.37,6.52,8.15,6.76,8.06,8.86,7.93,5.79,3,1.55,2.92,1.54,4.28,3.37,3.71,3,4.5,2.55,3.28
"445","2017091800_2786",9.47,8.03,5.24,7.27,9.49,7.03,6.44,8.56,8.71,8.03,8.76,0.53,1.53,2.31,7.97,1.01,1.06,5.27,3.68,4.48,2.33,3.57
"446","2017091800_2295",8.52,8.9,8.43,6.58,8.44,7.57,8.4,9.82,8.52,4.52,8.14,5.95,2.41,4.81,1.37,0.74,4.34,3.66,4.31,5.13,0.97,4.88
"447","2017091800_1797",8.72,5.31,7.8,9.09,6.95,6.59,8.98,9.27,9.21,8.45,8.54,0.2,1.3,4.88,1.9,6.14,3.45,0.49,3.73,6.03,4.34,3.02
"448","2017091800_1731",8.65,6.12,5.89,7.4,6.56,7.46,6.3,8.26,8.68,7.89,9.02,4.3,5.84,3.49,4.56,8.03,1.93,2.43,5.46,3.39,2.08,3.73
"449","2017091800_1176",9.51,5.69,8.56,7.66,7.34,7.69,10.3,8.11,9.73,8.76,9.29,0.69,2.86,6.27,3.94,7.15,2.64,0.94,6.01,4.22,5.55,2.94
"450","2017091713_37",5.47,9.65,8.88,6.94,9.21,8.38,8.94,8.11,7.17,9.29,9.36,2.42,0.76,1.92,7.7,6,7.33,2.16,6,2.01,5.6,5.71
"451","2017091713_3573",4.75,8.99,8.81,7.24,7.66,7.46,8.47,9.71,9.11,9.45,7.57,1.19,6.7,5.89,6.7,7.33,6.61,7.23,6.67,4.92,7.04,8.17
"452","2017091713_3202",3.51,9.41,8.61,7.23,8.71,7.83,8.24,9.35,9.04,9.71,7.57,3.59,7.02,6.39,7.37,6.72,6.16,7.89,7.07,5.62,6.31,6.72
"453","2017091713_2798",5.6,7.82,4.89,5.45,8.36,8.85,7.02,8.76,9.66,8.83,8.91,0.78,1.92,4.35,4.19,2.87,3.71,1.27,4.96,5.8,2.07,3.38
"454","2017091713_2555",4.04,9.37,9.14,6.42,9.11,8.63,8.8,9.87,9.11,9.66,7.14,0.62,2.62,0.76,7.36,3.5,7.44,1.84,4.05,3.61,5.58,6.16
"455","2017091713_2245",5.45,8.66,5.07,8.32,8.74,7.46,8.67,4.1,9.89,8.59,9.21,1.67,2.23,3.77,5.29,2.96,4.07,0.78,5.22,5.95,1.7,2.97
"456","2017091713_1491",6.46,9.5,4.78,6.42,8.11,9.2,9.26,8.95,9.44,8.31,9.26,1.54,0.92,5.06,5.39,1.36,3.26,1.43,5.17,4.38,1.15,2.68
"457","2017091713_1116",5.29,9.26,5.94,7.02,8.57,9.09,9.06,8.68,9.2,8.84,9.37,2.11,3.87,5.67,2.14,5.44,0.48,6.48,5.25,5.78,1.66,5.29
"458","2017091712_951",6.66,7.52,5.71,9.2,8.01,7.55,9,9.56,10.33,8.56,9.46,4.94,1.66,6.04,1.52,4.06,1.9,2.62,1.47,4.58,5.65,2.36
"459","2017091712_468",6.24,7.21,5.05,9.84,8.53,7.06,9.59,10.29,9.51,8.63,9.86,5.76,1.15,5.79,1.5,1.43,6.11,2.68,2.63,5.27,5.22,1.32
"460","2017091712_3785",7.36,8.2,5.44,7.8,8.37,9.42,9.14,9.67,8.36,8.84,8.88,4.94,2.23,6.07,4.03,5.93,2.38,4.16,2.94,5.06,2.46,2.18
"461","2017091712_3469",8.02,9.22,8.97,7.5,8.08,4.06,8.99,9.21,9.64,7.32,8.61,4.61,2.79,5.89,4.24,1.4,5.05,4.98,4.35,4.8,2.39,2.79
"462","2017091712_2215",6.6,7.17,5.35,6.92,7.87,7.4,8.26,8.78,7.83,7.8,8.43,5.09,3.66,5.05,3.37,4.96,2.49,3.55,4.01,4.76,5.19,4.11
"463","2017091712_2155",8.19,8.29,8.9,8.49,5.25,9.22,6.22,9.35,8.37,7.13,9.03,6.33,1.92,5.09,5.01,3.52,5.21,1.65,4.77,4.15,3.46,2.4
"464","2017091712_1852",7.76,9.32,9.61,7.52,7.92,4.29,9.15,9.36,8.25,8.97,8.7,5.19,0.24,3.3,1.79,2.81,2.88,0.65,5.43,6.88,1.75,1.97
"465","2017091711_966",8.86,8.19,6.2,7.28,8.39,8.16,8.5,10.04,9.49,9.69,8.91,1.37,4.19,5.91,7.98,4.04,2.49,3.15,1.72,2.09,4.77,2.87
"466","2017091711_564",9.4,8.87,6.77,6.16,8.44,8.5,8.59,8.22,8.71,8.03,9.94,4.46,3.2,3.32,3.78,4.56,1.82,6.41,6.52,6.98,4.12,7.66
"467","2017091711_3951",8.09,8.01,7.12,6.55,8.04,8.42,8.58,9.23,8.6,9.04,9.21,6.8,2.52,6.42,6.6,3.44,4.2,3.49,3.01,6.98,5.42,3.5
"468","2017091711_2576",5.48,9.7,7.21,7.7,8.31,8.82,8.38,8.6,8.99,7.7,9.87,2.43,5.34,2.9,4.2,0.91,6.47,1.78,2.45,3.45,7.25,3.96
"469","2017091711_1759",4.93,7.11,9.5,8.62,8.43,8.84,8.35,8.34,9.18,8.88,9.73,2.65,5.54,3.08,4.19,4.56,0.55,4.54,0.1,5.87,6.9,5.02
"470","2017091711_1360",8.11,5.91,10.09,8.65,8.8,9.33,9.44,8.21,9.04,9.17,8.68,1.8,4.9,1.35,5.48,2.06,1.81,4.99,1.6,6.31,6.42,3.07
"471","2017091711_1186",8.82,8.07,6.31,7.28,8.48,8.07,8.6,9.95,9.49,9.52,9.09,5.25,2.99,6.6,7.94,6.69,3.33,4.73,5.25,4.5,5.91,3.55
"472","2017091710_339",5.3,7.21,9.99,7.24,9.33,7.98,8.72,8.41,9.01,8.54,9.06,4.18,5.05,2.31,5.04,1.7,4.53,1.06,7.53,1.46,5.28,5.69
"473","2017091710_3348",6.78,7.87,6.37,9.96,7.63,4.99,8.57,8.71,7.18,9.21,8.5,6.52,3.35,5.58,5.84,6.72,6.36,8.43,5.79,5.79,1.8,5.91
"474","2017091709_968",5.57,7.46,6.39,9.12,9.11,7.83,8.96,9.44,9.17,8.66,8.81,1.81,6.57,3.51,5.01,3.39,5.55,3.44,7.81,2.32,3.4,4.63
"475","2017091709_567",6.8,7.09,6.38,8.96,8.92,8.12,8.71,9.48,8.94,8.61,7.06,1.66,6.4,5.28,6.21,1.86,5.31,1.93,5.25,3.47,2.02,2.47
"476","2017091709_38",8.15,9.83,9.36,5.73,7.62,8.89,8.6,9.2,8.48,9.37,9.41,1.12,3.56,4.94,4.91,5.17,4.28,3.63,1.51,6.63,5.91,3.76
"477","2017091709_3302",2.8,5.61,0.36,1.6,5.96,6.53,3.01,6.95,3.46,6.99,7.36,6.29,0.67,3.93,1.19,3.63,6.33,4.8,1.82,6.17,3.02,6.72
"478","2017091709_2995",4.88,8.94,5.76,6.41,9.06,7.83,10,9.51,9.4,9.26,8.12,1.32,5.59,2.88,5.92,1.62,4.25,1.98,8.18,1.02,4.06,5.54
"479","2017091709_2877",4.75,9.88,5.06,8.88,9.15,7.89,9.73,9.46,9.07,8.72,8.56,1.95,6.21,4.06,5.02,3.19,4.01,2.52,5.6,1.65,0.76,4.71
"480","2017091709_2549",5.86,7.94,6.72,8.21,8.94,7.93,9.35,9.31,9.14,8.93,8.99,0.96,6.67,7.11,5.66,6.16,1.23,1.23,6.98,0.76,1.59,3.3
"481","2017091709_2341",6.21,7.71,10.15,6.18,7.82,8.39,6.99,9.06,8.24,9.12,8.92,2.19,2.14,2.63,2.38,5.96,3.64,5.11,1.86,5.15,4.56,2.13
"482","2017091709_1968",5.51,7.53,6.47,7.92,7.56,7.25,7.88,7.77,7.99,7.58,7.91,5.36,6.31,6.39,5.21,4.09,6.22,2.87,5.32,7.47,5.41,3.57
"483","2017091709_1129",8.57,8.4,9.17,6.16,7.58,8.64,8.02,9.36,8.38,9.28,8.53,0.83,4.16,0.93,4.44,6.15,1.74,4.37,3.59,5.77,3.39,5.41
"484","2017091708_911",7.41,8.44,8.21,9.4,7.71,8.57,9.06,8.11,8.93,6.3,8.53,6.26,3.74,5.51,0.87,5.33,3.77,1.53,6.13,1.58,5.51,5.1
"485","2017091708_3651",7.35,8.74,8.2,6.9,8.1,9.13,7.16,7.68,8.91,8.12,8.91,1.51,4.4,1.76,3.9,8.45,6.61,2.03,1.78,3.84,4.94,4.99
"486","2017091708_3303",8.77,8.56,8.98,5.96,8.04,9.26,7.42,8.32,9.54,8.29,9.19,2.04,5.5,2.05,2.53,7.13,5.95,2.37,2.22,1.79,7.33,5.58
"487","2017091708_2715",8.53,8.89,5.95,8.82,9.59,7.38,7.59,8.87,8.64,8.32,9.04,3.13,5.15,2.78,4.04,6.91,4.94,2.6,4.59,2.62,6.1,6.02
"488","2017091708_2429",7.26,8.28,7.59,8.75,7.6,8.38,9.54,8.06,8.73,7.47,8.33,6.93,6.03,3.1,4.28,4.27,4.61,4.87,8.14,3.76,5.02,5.36
"489","2017091708_2210",9.11,9.11,6.05,8.66,9.03,7.48,8.24,9.29,9.92,8.26,9.39,2.74,5.14,2.38,3.86,8.22,5.57,2.37,3.71,2.49,7.17,6.98
"490","2017091708_1974",7.11,8.19,7.91,8.78,8.05,8.64,9.07,7.59,8.83,6.7,8.32,6.26,3.66,5.41,2.04,5.05,4.41,0.81,5.86,2.3,4.41,5.6
"491","2017091708_1361",7.24,8.25,7.92,9.43,7.92,8.58,8.85,8.3,8.78,7.01,8.63,8.01,5.57,3.05,2.78,5.32,4.29,3.6,6.76,2.64,6.31,5.5
"492","2017091707_3833",9.37,6.03,2.78,5.6,8.29,8.61,7.69,8.89,7.39,5.41,9.39,5.95,5.32,6.17,2.42,2.92,7.7,4.76,5.46,5.11,6.86,4.16
"493","2017091707_37",9.21,8.01,3.74,7.34,9.51,9.22,9.28,9.09,9.39,9.31,7.33,2.47,7.26,2.51,6.79,3.67,6.43,3.95,3.74,6.47,7.16,6.78
"494","2017091707_369",7.9,7.67,5.67,9.18,9.12,8.74,9.12,8.68,8.33,9.41,9.64,7.75,1.69,2.02,6.29,5.22,2.26,5.69,5.36,2.87,2.94,4.47
"495","2017091707_2953",7.03,8.61,5.5,9.18,8.16,8.21,8.49,8.38,8.34,8.93,9.09,5.73,0.32,3.15,5.39,3.94,4.52,5.63,3.57,4.83,1.9,5.22
"496","2017091707_1341",7.66,5.46,9.14,8.57,8.37,8.52,8.5,8.46,8.3,7.67,9.23,7.5,1.07,4.19,4.34,6.18,1.71,5.05,5.61,3.35,1.4,4.95
"497","2017091706_986",9.34,8.2,9.07,8,8.24,8.95,5.71,8.26,9.52,7.19,7.25,1.94,0.88,3.31,8.41,4.29,4.25,0.98,1.32,1.38,5.11,2.55
"498","2017091706_37",5.07,7.94,8.53,8.15,8.49,8.23,7.15,8.84,6.76,7.63,7.01,4.78,2.54,1.72,1.42,3.54,3.84,1.54,4.5,2.39,3.34,5.27
"499","2017091706_2860",9.21,8.14,8.97,7.59,8.7,8.66,4.61,8.48,9.38,7.76,7.3,1.78,2.44,4.83,7.57,6.02,4.89,1.8,0.69,0.33,5.73,4.87
"500","2017091706_2571",5.32,7.71,8.92,8.62,8.82,6.73,7.2,8.97,8.98,6.34,9.3,3.15,4.08,3.48,4.76,0.36,4.08,5.26,0.48,0.66,4.29,0.87
"501","2017091706_2317",8.8,8.08,8.99,7.68,8.57,9.01,5.54,7.97,9.38,6.49,6.11,3.19,1.87,2.5,9.2,6.43,3.77,1.24,2.27,2.9,4.93,1.62
"502","2017091706_2027",8.34,8.13,8.7,7.91,8.4,8.39,4.85,8.12,9.19,6.73,6.18,2.78,1.48,2.3,8.07,5.34,4.11,1.18,1.53,2.52,4.66,2.19
"503","2017091706_1255",4.01,8.11,9,9.03,8.24,8.43,8.07,8.29,8.92,7.8,9.47,5.59,2.63,6.34,5.37,1.06,5.21,3.16,2.21,4.91,4.72,5.02
"504","2017091705_655",7.56,5.45,9.62,9.94,7.95,8.32,5.66,6.97,8.91,9.62,8.52,3.1,6.31,3.32,4.82,4.94,3.65,7.43,2.24,5.04,5.03,2.91
"505","2017091705_508",6.65,6.98,8.29,7.23,6.72,8.45,5.51,9.94,8.81,9.77,5.6,0.27,2.73,4.59,0.87,7.16,2.43,4.58,2.57,4.41,2.49,3.69
"506","2017091705_4069",2.6,4.34,6.9,7.32,4.1,2.06,0.09,4.11,5.22,7.93,1.5,3.46,7,1.02,1.77,0.34,5.7,4.12,2.75,0.79,5.66,1.31
"507","2017091705_36",6.88,6.85,8.3,8.28,5.13,8.92,5.67,9.82,8.79,10.29,4.7,1.01,3.71,2.75,1.51,7.79,1.18,5.01,2.37,4.61,2.2,2.3
"508","2017091705_3272",6.64,7.09,5.34,9.59,9.34,7.9,4.91,6.75,9.16,8.6,8.71,2.04,2.59,6.5,3.53,7.15,4.11,4.17,1.85,6.71,1.57,5.54
"509","2017091705_313",6.58,5.78,9.12,9.12,6.98,6.74,7.54,7.55,7.5,8.04,6.42,0.87,3.68,3.13,3.34,5.74,5.57,4.13,6.65,6.68,7.6,5
"510","2017091705_2370",6.66,5.33,9.88,9.54,8.31,4.67,6.29,5.73,9.39,9.59,8.41,3.29,2.87,1.02,5.02,2.49,5.21,1.42,7.26,2.51,1.13,4.66
"511","2017091705_1874",6.1,6.41,9.73,9.05,8.02,7.04,6.56,6.68,8.69,9.93,6.98,2.11,3.94,1.54,6.82,4.34,4.32,2.82,7.27,2.96,3.95,7.6
"512","2017091705_1695",5.62,7.88,7.22,6.96,5.7,8.76,5.45,8.58,9.51,8.68,7.01,0.24,3.43,4.37,0.57,7.55,1.83,3.65,3.16,3.61,4.12,4.17
"513","2017091705_1345",8.02,7.35,8.62,6.65,7.91,8.76,5.33,8.83,9.62,7.76,7.28,0.09,2.66,4.94,0.96,7.36,0.99,4.46,3.35,5.65,4.6,5.48
"514","2017091705_1052",6.59,6.23,9.71,9.33,6.89,5.24,6.72,7.84,7.74,6.45,7.17,2.44,4.28,3.54,2.11,6.84,5.45,4.07,6.71,7.58,3.82,7.64
"515","2017091704_596",5.61,8.87,9.05,6.47,7.41,9.31,8.54,7.75,7.1,6.37,8.6,3.78,4.93,2.22,3.69,3.52,3.96,2.74,1.43,6.74,2.09,2.65
"516","2017091704_3967",7.26,7.59,0.29,6.54,4.14,8.16,7.46,4.28,5.41,6.3,5.9,6.73,6.74,6.01,0.91,7.62,5.67,6.46,5.86,8.21,3.5,6.24
"517","2017091704_36",6.98,7.6,7.53,7.57,7.63,8.89,9.38,7.14,5.6,5.6,8.84,0.85,4.3,0.68,1.65,3.22,2.96,4.44,1.66,5.83,2.91,2.34
"518","2017091704_3598",7.93,7.98,7.09,9.24,8.62,7.94,9.16,4.57,8.93,9.74,8.79,2.68,6.05,5.6,1.91,6.31,2.08,2.62,5.85,5.63,6.69,3.63
"519","2017091704_2980",6.92,8.46,8.28,9.39,7.45,9.16,7.37,6.51,5.45,9.36,8.62,3.13,4.48,0.88,2.6,3.31,5.76,1.89,2.24,6.59,3.03,2.65
"520","2017091704_2662",8.37,8.55,8.41,9.94,9.73,8.87,9.54,6.36,8.72,9.81,7.66,4.68,4.48,3.13,2.46,4.94,2.19,2.61,6.15,8.42,2.81,3.77
"521","2017091704_253",8.52,8.72,8.2,9.57,9.36,8.67,8.65,6.3,9.1,9.85,8.89,5.66,5.35,5.69,2.04,6.55,3.32,2.26,6.44,7.97,6.2,5.68
"522","2017091704_2505",6.84,9.19,8.15,8.96,7.87,8.89,8.35,8.24,5.49,9.73,9.55,0.73,4.52,2.23,2.11,4.44,2.01,6.05,1.63,6.51,4.48,4.14
"523","2017091704_1927",7.76,7.66,7.65,9.89,8.8,8.69,8.95,4.23,6.55,9.83,8.15,3.84,3.44,4.25,1.69,6.05,2.4,1.73,5.33,6.99,4.41,5.15
"524","2017091704_1780",8.39,8.21,7,10.16,8.6,8.29,9.11,4.41,9.5,10.02,9.03,2.92,7.58,3.78,2.14,6.48,2.39,3.15,4.25,5.73,2.85,5.6
"525","2017091703_675",6.54,8.13,8.58,8.87,8.58,9.85,8.8,9.02,8.76,6.93,9.1,3.73,3.75,4.77,3.52,3.21,3.88,1.8,5.38,3.71,4.56,4.15
"526","2017091703_3939",8.44,8.78,5.84,5.46,7.23,8.89,7.49,9.36,7.15,7.8,9.04,5.13,6.52,6.3,6.3,1.65,7.16,6.98,7.23,7.15,4.73,5.47
"527","2017091703_3764",6.17,7.46,8.36,8.55,8.43,8.31,9.1,8.51,8.34,6.89,9.07,5.25,2.14,1.4,4.29,2.84,3.37,4.18,5.6,3.5,5.11,6.21
"528","2017091703_3599",2.69,8.14,7.33,2.88,2.41,4.89,5.78,0.76,6.86,2.81,7.3,1.69,4.25,6.65,2.82,5.24,6.37,4.98,1.04,3.24,6.09,4.61
"529","2017091703_2881",5.61,7.17,6.93,7.57,8.11,5.49,9.35,8.08,8,6.98,9.49,3.92,3.61,3.75,2.12,1.8,3.38,5.94,5.96,3.56,4.15,1.64
"530","2017091703_2591",6.29,7.42,8.16,8.54,8.52,7.07,9.12,7.21,8.43,7.19,9.44,4.13,5.29,4.92,4.13,3.11,2.81,3.14,6.82,3.43,4.48,6.19
"531","2017091703_2376",5.87,7.24,6.84,8.78,7.62,7.38,8.27,9.23,7.8,6.87,8.99,1.6,3.63,3.69,2.61,2.78,2.76,1.6,5.82,5.99,3.63,0.17
"532","2017091703_2021",6.35,7,6.25,8.46,7.59,9.17,7.54,7.96,8.25,7.05,8.91,2.86,3.67,5.45,2.3,2.96,2.97,0.97,4.6,5.09,2.33,2.9
"533","2017091702_781",9.74,6.52,9.5,7.74,8.3,8.09,8.99,8.08,9.15,4.97,9.1,3.69,2.74,4.07,4.95,1.15,2.93,4.24,4.81,3.31,7.17,5.18
"534","2017091702_489",8.24,9.16,8.78,7.43,5.61,9.72,8.74,4.97,8.39,4.55,7.66,2.71,4.46,5.69,1.55,3.19,1.97,5.26,2.77,3.19,6.12,4.26
"535","2017091702_4307",5.3,7.76,6.11,8.98,6.72,8.7,6.73,9.24,7.94,9.44,8.95,2.55,3,1.06,3.8,1.87,4.65,3.18,5.46,0.64,3.35,4.69
"536","2017091702_3667",5.3,8.25,5.86,9.46,6.8,9.19,9.46,8.34,9.77,8.31,9.51,5.74,4.45,3.79,4.04,0.93,4.38,1.97,5.99,0.35,3.87,4.87
"537","2017091702_36",9.31,8.6,8.8,8.54,10.49,7.31,9.21,6.36,9,3.68,9.71,3.34,4.86,2.43,2.22,2.96,3.02,4.8,3.58,4.04,4.75,3.88
"538","2017091702_3372",5.21,7.74,6.92,8.55,6.88,8.28,8.05,8.69,8.12,9.49,6.84,4.3,4.62,4.25,3.07,2.8,5.12,2.84,5.85,0.76,3.43,3.97
"539","2017091702_3153",8.61,9.12,8.77,9.02,8.1,9.7,9.04,7.64,9.26,4.54,9.22,4.67,3.98,5.44,6.3,1.66,2.17,5.79,3.2,4.47,6.95,6.61
"540","2017091702_1560",5.55,8.49,7.3,8.14,7.95,7.71,8.56,8.11,9.24,9.42,9.25,6.81,5.1,3.5,3.83,3.72,3.18,2.6,6.08,0.48,3.57,3.63
"541","2017091700_662",7.07,9.37,9.64,4.75,6.17,8.3,9.58,9.11,7.12,4.34,8.83,3.92,1.53,3.86,6.09,3.05,2.96,2.34,0.89,3.92,1.27,3.9
"542","2017091700_38",7.94,8.46,9.9,5.13,9.6,6.86,10.31,9.15,8.9,5.41,6.6,4.75,0.51,2.91,7.45,4.05,4.55,4.13,1.24,2.75,2.16,6.56
"543","2017091700_3133",8.7,9.35,3.85,6.91,8.6,9.2,7.12,5.59,9.68,7.98,6.64,2.8,2.02,2.16,2.4,3.78,3.78,2.78,0.52,2.72,0.42,3.42
"544","2017091700_2662",7.28,8.31,9.24,7.92,6.68,7.9,7.38,9.31,5.22,7.5,8.45,3.75,4.3,0.72,1.06,2.36,3.58,3.73,5.05,3.23,6.64,2.48
"545","2017091700_2232",8.62,8.56,8,9.46,8.52,8.86,8.64,8.55,5.08,8.91,9.49,6.37,5.48,3.56,2.72,0.63,5.24,5.42,5.54,5.13,8.12,4.04
"546","2017091700_2191",0.01,1.24,1.26,0.25,0.42,0.36,0.05,0.61,1.52,0.2,0.23,0.07,0.17,1.23,0.6,0.29,1.51,0.23,0.84,0.11,1.72,0.13
"547","2017091700_1494",8.21,9.1,8.18,10.2,8.83,8.93,8.99,8.23,5.62,8.91,9.77,5.32,4.15,2.16,2.26,0.91,4.66,4.08,4.97,7.34,4.57,3.21
"548","2017091700_1310",8.57,9.14,5.18,7.16,9.86,8.55,6.16,8.23,8.44,8.57,9.35,5.11,4.05,1.7,3.11,4.1,5.42,2.2,2.85,7.04,1.47,4.87
"549","2017091400_913",7.59,8.96,9.42,8.97,8.4,7.61,8.87,9.23,6.5,8.67,7.65,1.15,5.27,1.64,4.37,5.68,2.24,5.81,3.11,5.54,2.44,4.31
"550","2017091400_3826",7.71,8.03,7.96,8.55,9.98,8.88,8.89,6.69,8.18,6.76,6.84,2.04,2.99,2.97,5.57,5.18,2.82,3.63,3.39,5.48,1.59,1.61
"551","2017091400_2560",5.89,3.72,8.64,9.51,8.89,8.05,7.16,7.92,7.02,8.91,8.55,0.96,4.85,0.81,1.86,0.52,4.16,5.09,0.87,2.54,3.98,3.13
"552","2017091400_2076",7.42,4.66,8.11,8.11,7.88,7.55,6.28,7.96,7.83,7.82,8.18,8.11,5.04,4.07,4.93,5.4,5.35,4.42,5.96,6.16,3.66,4.41
"553","2017091400_1877",7.68,9.81,8.35,8.97,7.4,8.83,9.52,7.11,6.02,8.38,7.67,1.38,5.31,0.84,4.89,4.87,1.76,5.59,4.36,6.23,3.85,5.38
"554","2017091101_37",6.83,5.44,8.98,8.45,9.29,9.4,9.99,6.65,9.66,7.19,8.79,3.82,0.75,2.5,8.01,4.66,3.91,0.53,1.75,2.31,1.6,5.61
"555","2017091101_3070",7.33,8.14,9.5,9.56,8.92,8.42,8.02,9.51,8.27,6.39,9.1,5.68,0.95,4.58,8.48,4.82,5.1,3.86,4.58,0.8,7.59,5.75
"556","2017091100_831",5.08,8.48,8.13,9.4,8.27,9.69,7.26,7.56,4.73,8.72,6.08,1.31,1.46,2.27,5,2.28,4.51,1.78,4.3,1.36,5.29,3.75
"557","2017091100_63",5.43,7.51,8.63,8.79,7.71,9.1,9.17,8.92,9.23,8.83,6.06,3.12,2.45,5.63,5.1,2.5,6.33,1.5,3.79,2.26,4.69,1.49
"558","2017091100_448",7,7.77,7.86,9.45,8.66,5.85,9.04,9.8,8.69,8.61,8.72,1.13,2.95,4.95,2.87,3.4,2.97,1.2,3.01,1.27,3.95,4.36
"559","2017091100_3846",6.53,5.88,5.17,5.59,6.69,6.15,0.31,6.16,5.36,4.56,5.42,2.41,4.98,2.69,3.36,1.97,5.7,1.12,4.64,2.65,5.43,5.55
"560","2017091100_3599",5.03,8.35,5.38,9.17,8.71,8.82,8.64,7.39,7.52,8.71,8.95,2.53,1.52,3.06,1.53,2.2,5.09,3.29,5.17,1.18,5.07,5.06
"561","2017091100_3387",6.14,7.25,3.86,9.08,7.99,5.74,8.49,8.65,8.94,7.85,6.79,1.03,2.36,5.42,3.53,3.23,2.92,1.21,3.63,5.46,3.01,4.03
"562","2017091100_3097",4.89,7.99,7.69,9.08,8.61,9.12,8.52,7.58,8.35,8.91,8.33,2.27,1.22,3.55,4.72,1.28,5.39,3.71,5.33,1.39,5.48,5.17
"563","2017091100_2816",6.98,6.83,7.49,9.39,7.38,6.31,8.67,9.16,8.64,7.84,8.93,1.95,2.87,5.69,4.18,4.09,3.83,2,3.11,2.73,3.72,4.28
"564","2017091100_2338",4.63,7.91,8.68,8.24,8,9.16,8.87,8.86,8.64,9.14,7.97,0.15,3.52,5.5,3.94,2.88,5.66,1.42,4.49,2,5.77,2.28
"565","2017091100_2112",7.97,7.94,7.93,9.17,8.5,6.54,8.57,9.4,8.61,8.12,9.79,3.6,2.85,5.87,4.52,5.63,3.2,1.35,3.36,3.51,3.84,6.08
"566","2017091100_2073",4.84,6.01,6.89,7.11,7.79,6.25,7.73,7.01,7.88,7.76,8.08,2.97,0.97,6.37,3.62,3.24,2.97,3.32,6.07,4.46,4.15,2.47
"567","2017091100_1521",5.73,7.66,7.71,8.55,9.15,9.19,8.12,7.69,4.91,8.4,6.94,2.81,2.88,2.39,5.4,2.13,4.89,3.75,4.59,3.89,5.47,5.49
"568","2017091100_1415",6.01,6.24,7.23,9.22,6.7,5.82,8.76,9.25,8.8,7.27,8.42,2.38,3.4,8.25,1.76,1.61,2.88,2.05,3.31,1.4,3.73,2.15
"569","2017091012_594",8.25,6.28,7.36,8.75,4.78,5.74,9.09,10.03,9.63,9.11,7.82,0.5,0.8,4.94,1.96,7.64,0.58,0.75,4.23,2.49,5.56,3.13
"570","2017091012_44",9.05,8.42,8.75,8.7,6.4,7.57,7.69,9.6,5.69,8.99,8.62,3.27,2.67,2.64,3.86,1.05,3.21,1.25,4.34,7.18,2.21,4.87
"571","2017091012_3610",7.82,5.6,8.22,5.14,8.29,9.25,6.58,8.51,7.64,6.5,8.83,2.62,2.1,4.31,1.55,5.32,1.14,0.98,1.27,2.66,3.49,1.6
"572","2017091012_2546",8.42,7.9,8.06,8.6,6.71,6.73,7.54,9.66,5.74,8.89,8.4,1.77,4,3.39,5.35,4.23,3.84,4.13,3.89,4.93,5.27,7.58
"573","2017091012_2165",7.81,5.73,8.84,9.69,5.87,7.69,8.44,9.49,7.26,7.13,9.48,1.56,0.82,4.76,3.24,6.71,1.57,0.69,2.48,3.92,4.18,2.06
"574","2017091012_1756",7.92,6.07,8.37,9.7,4.27,6.91,8.33,9.14,8.22,6.61,8.59,2.69,1.12,5.33,1.69,5.75,1.63,0.16,3.66,3.59,3.14,2.5
"575","2017091012_1072",7.36,5.56,8.57,9.19,4.99,7.4,7.13,9.61,4.31,4.3,8.6,4.06,5.01,2.38,0.53,4.83,1.84,3.41,3.84,5.5,2.35,2.17
"576","2017091010_3635",5.44,4.1,8.28,7.76,8.05,6.16,5.29,9.44,7.02,8.43,8.44,0.75,2.88,3.58,2.75,3.07,2.01,6.79,1.75,1.89,1.44,3.34
"577","2017091010_35",4.38,9.7,8.43,8.01,8.98,8.51,8.6,7.63,8.78,9.5,9,4.18,5.61,0.68,5.59,3.35,1.31,5.85,1.49,3.98,2.8,1.46
"578","2017091010_3001",5.26,9.03,8.03,7.73,8.32,8.41,9.27,8.42,8.45,6.96,9.2,4.28,6.01,1.08,6.47,3.42,2.29,4.85,1.49,5.56,4.71,2.16
"579","2017091010_2968",5.4,7.88,8.05,7.51,8.1,8.31,7.91,8.34,8.05,8.75,9.09,5.41,5.55,1.94,4.69,5.08,4.9,4.42,3.59,5.23,3.52,4.96
"580","2017091010_2349",5.24,9.09,8.31,7.71,8.54,8.35,8.65,8.72,7.81,8.38,8.83,3.84,5.42,0.2,4.69,3.58,2.86,5.09,3.1,4.28,3.27,2.58
"581","2017091009_575",9.52,8.66,9.05,8.74,8.29,6.8,9.02,8.52,8.35,9.1,3.44,4.97,4.69,3.3,2.82,1.35,3.27,6.91,6.14,7.16,5.48,7.23
"582","2017091009_3331",8.49,8.29,8.28,8.68,8.2,6.98,8.48,7.05,8.22,8.88,5.7,4.13,2.59,3.6,3.3,4.86,3.23,5.77,6.06,7.04,3.5,7.6
"583","2017091009_3135",9.35,8.77,8.86,9.18,7.81,7.15,9.14,8.53,8.98,8.86,4.25,7.57,5.02,4.58,6.31,2.87,3.28,6.55,6.27,4.99,5.74,6.72
"584","2017091009_302",5.07,8.92,9.17,8.27,9.06,9.42,9.19,9.38,9.42,9.17,9.65,5.8,1.4,2.51,1.92,5.7,3.39,6.54,5.77,6.47,1.36,8.67
"585","2017091009_207",7.18,5.38,8.04,10.23,9.02,7.94,9.42,8.98,8.99,7.82,8.77,4.33,4.97,2.02,3.97,2.86,4.47,1.99,6.37,5.82,0.76,3.84
"586","2017091008_44",5.83,8.93,9.66,8.88,7.45,6.78,5.81,9.65,8.37,7.44,9.22,3.62,4.2,5.26,3.71,3.42,3.91,3.04,4.41,2.13,5.1,2.1
"587","2017091008_3892",6.62,6.55,7.76,7.81,5.25,8.01,5.07,8.18,7.28,5.64,6.46,6,6.02,3.98,2.03,6.55,2.47,5.64,3.32,2.86,7.6,4.01
"588","2017091008_3755",6.79,9.03,5.81,7.01,8.01,6.88,3.71,8.34,7.76,9.22,9.45,0.34,3.43,1.92,3.54,1.72,3.42,1.25,4,3.32,6.53,1.59
"589","2017091008_301",6.39,9.41,10.02,9.11,9.21,7.14,4.42,9.63,8.48,8.51,9.83,1.69,4.45,5.21,1.47,3.68,0.65,3.59,4.83,3.16,6.39,1.18
"590","2017091008_2911",8,7.37,6.49,7.25,7.72,8.01,7.69,8.34,8.36,9.21,8.67,2.12,5.22,4.98,5.38,2.49,5.04,6.79,5.76,3.22,5.02,7.35
"591","2017091008_2441",7.63,8.64,7.32,9.07,7.8,6.93,4.59,9.48,7.89,8.94,9.47,1.51,3.39,3.43,2.81,0.76,7.94,0.97,4.21,2.38,6.7,1.45
"592","2017091008_1323",8.05,8.13,5.97,5.25,8.11,7.18,7.59,9.99,8.61,10.14,9.29,1.93,7.29,3.98,0.71,3.21,6.91,0.33,2.02,5.35,5.16,0.9
"593","2017091008_1063",7.48,8.56,6.44,8.6,7.13,8.16,4.79,9.4,7.83,8.05,9.17,3.18,2.33,6.8,4.94,4.26,6.94,2.76,4.96,3.39,5.21,1.47
"594","2017091007_948",6.43,7.8,7.17,8.91,8.98,8.11,9.91,9.21,9.43,8.82,8.99,3.45,1.78,4.74,6.17,3.6,6.93,7.12,4.47,7.17,1.25,6.88
"595","2017091007_3685",6.27,7.73,6.34,8.27,9.06,7.73,9.94,8.16,8.27,7.99,9.22,2.03,2.47,4.1,3.86,1.62,4.86,2.45,4.8,5.02,0.59,4.49
"596","2017091007_3383",5.86,8.26,7.94,9.26,8.79,8.74,7.42,9.38,9.91,8.95,8.8,2.68,4.35,4.24,1.94,6.83,4.44,5.83,5.25,5.51,4,4.45
"597","2017091007_2866",6.3,7.59,6.23,9.18,8.49,7.8,9.73,8.7,8.6,8.75,9.05,4.57,4.42,5.69,3.25,4.84,5.59,3.58,4.89,5.05,3.15,2.04
"598","2017091007_2435",4.5,6.27,3.56,8.38,7.83,3.74,8.73,8.71,8.16,6.46,7.02,1.83,1.09,3.54,1.65,1.73,3.91,1.97,4.1,3.94,2.03,2.28
"599","2017091005_955",9.9,8.01,9.43,8.43,5.01,9.49,9.03,9.45,8.76,8.98,9.8,2.25,6.5,1.15,0.31,6.05,4,1.64,3.38,3.33,4.22,5.46
"600","2017091005_3982",9.1,6.81,8.39,7.45,5.95,8.66,9.03,4.31,9.29,8.94,9.73,4.97,6.4,1.54,1.18,5.52,5.17,2.51,1.41,4.7,2.5,1.64
"601","2017091005_35",7.94,9.37,7.95,9.25,8.86,9.1,8.47,4.95,8.8,8.8,8.61,3.69,5.62,7.23,1.18,0.51,3.06,1,2.4,5.02,5.15,2.58
"602","2017091005_2563",5.9,7.14,8.39,8.11,8.9,10.17,8.5,6.57,5.79,7.99,8.2,2.55,2.62,5.96,0.71,1.66,3.18,1.18,1.54,2.34,3.9,2.21
"603","2017091005_2110",9.29,7.56,9.17,8.29,5.68,10.27,6.17,9.26,8.74,9.16,9.74,3.47,6.41,1.48,1.91,6.14,5.14,0.04,2.15,4.66,4.06,3.51
"604","2017091005_2033",9.91,7.03,8.88,7.25,5.54,8.78,10.33,6.28,9.52,9.06,8.92,1.56,6.3,2.85,2.5,5.68,4.18,0.7,1.18,4.16,2.12,3.46
"605","2017091005_1763",9.83,6.78,9.46,8.2,4.79,10.01,6.92,9.36,9.25,9.71,9.72,3.1,6.43,0.53,0.6,6.4,4.4,2.43,2.04,3.95,4.12,4.69
"606","2017091004_851",5.41,4.5,5.13,5.86,7.32,8.14,6.5,9.03,6.49,7.08,7.46,2.47,4.08,3.66,3.79,5.75,2.9,2.93,5.67,2.35,4.36,3.88
"607","2017091004_4127",4.18,8.19,8.29,8.27,7.57,5.86,6.68,9.54,5.68,6.73,9,4.04,2.07,2.03,2.47,2.59,1.36,4.35,4.53,3.04,5.75,3.55
"608","2017091004_3757",3.44,8.42,7.74,8.51,6.48,8.76,6.83,9.42,8.64,8.53,9.06,4.87,3.54,1.98,4.85,2.22,0.78,5.04,3.91,3.95,6.44,7.73
"609","2017091004_37",8.58,7.32,7.57,5.04,6.95,8.44,6.91,9.3,7.83,8.52,9.31,3.14,3.63,4.73,2.52,2.31,3.11,4.19,3.65,4.64,4.12,7.15
"610","2017091004_2995",4.74,8.19,6.96,6.58,8.96,8.65,8.14,9.24,8.48,9.79,9.4,5.48,4.09,7.41,1.45,6.18,5.84,3.33,5.85,1.68,3.74,2.63
"611","2017091004_292",5.28,7.74,6.03,7.49,9.3,7.95,8.01,9.73,8.35,9.4,9.06,4.58,3.36,5.26,1.04,5.68,2.02,4.22,3.77,4.58,1.24,2.79
"612","2017091004_2462",5.01,7.54,6.91,4.78,8.23,7.75,7.63,9.24,8.21,9.2,9.88,6.6,2.54,5.72,0.75,4.33,3.44,2.44,4.43,0.97,1.3,0.45
"613","2017091004_1611",4.54,8.87,8.7,8.13,7.23,8.11,9.77,9.14,8.97,8.21,9.17,4.29,1.52,1.49,2.84,2.75,2.52,4.65,4,5.73,6.89,6.82
"614","2017091003_878",6.07,8.71,8.1,9.72,6.5,8.12,8.47,9.22,5.05,8.04,8.43,2.72,2.42,4.31,4.76,2.16,4.66,2.08,4.62,1.78,2.77,3.29
"615","2017091003_3631",6.02,7.8,6.72,6.83,6.23,6.71,6.82,7.96,2.23,7.65,6.49,4.41,1.74,1.42,1.8,6.27,1.49,5.04,4.86,4.54,2.45,7.33
"616","2017091003_2078",7.57,8.43,7.98,8.22,5.23,8.15,8.89,8.75,4.31,7.33,6.5,2.73,2.77,3.94,2.64,1.65,3.15,5.61,3.16,1.62,4.93,2.75
"617","2017091003_1954",8.54,7.73,8.69,8.39,7.53,8.65,5.79,7.16,8.33,7.79,5.06,3.37,4.81,3.61,4.53,1.67,5.78,4.95,1.89,6.56,1.42,3.71
"618","2017091002_36",8.68,9.26,4.04,9.45,9.49,10.18,9.09,8.45,4.3,9.32,9.62,2.85,4.08,4.03,0.51,2.14,0.36,2.85,1.66,3.21,2.99,5.41
"619","2017091002_2026",5.82,4.61,8.35,9.46,10.12,7.65,7.42,8.57,8.73,8.32,9.03,6.88,3.45,5.02,0.8,1.8,4.81,3.26,6.15,6.61,2.47,2.05
"620","2017091002_1766",7.68,8.87,9.34,5.09,7.72,10.46,8.74,8.37,7.18,8.93,9.23,0.73,5.67,3.85,3.68,5.65,2.8,2.71,4.92,3.46,3.34,5.16
"621","2017091002_1662",8.38,9.16,9.06,5.91,8.6,9.25,8.16,7.88,7.75,7.06,7.95,0.24,2.98,4.61,4.72,5.97,3.76,3.88,5.35,3.7,3.47,3.36
"622","2017091001_872",8.66,3.91,7.36,8.9,8.9,9.5,8.89,9.25,8.71,6.08,7.13,3.96,1.19,5.5,4.99,4.29,6.54,3.53,6.41,1.64,7.29,5.65
"623","2017091001_36",7.79,4.29,9.54,9.1,8.47,8.11,8.81,8.93,8.09,7.41,7.34,3.68,1.4,3.71,4.34,8.55,4.68,3.09,4.87,2.19,5.52,5.39
"624","2017091001_3439",6.2,9.04,6.6,7.55,8.11,8,8.67,7.91,9.01,9.19,7.83,4.98,0.63,2.95,5.73,5.39,3.53,5.45,5.53,4.77,2.98,0.52
"625","2017091001_330",6.92,7.92,7.06,7.72,8.42,8.7,5.67,7.1,9.32,9,7.56,5.15,3.33,3.86,3.87,4.18,2.56,1.24,7.01,2.87,2.77,2.08
"626","2017091001_3190",8.72,6.96,4.03,6.31,8.73,9.86,8.8,7.34,7.89,5.7,6.54,2.22,0.31,4.53,3.28,3.74,6.96,4.59,6.04,0.83,5.27,4.78
"627","2017091001_2903",5.7,8.05,5.68,6,7.96,7.46,9.5,6.61,8.91,8.99,4.93,4.68,3.33,1.54,2.85,4.11,3.63,6.02,5.2,3.41,3.72,0.36
"628","2017091001_2501",6.81,8.95,7.04,7.6,8.25,8.64,7.42,8.35,8.9,8.82,7.61,4.87,5.17,4.45,6.68,2.86,2.35,1.81,4.39,4.26,2.58,2.45
"629","2017091001_1653",8.4,7.14,3.59,7.35,9.69,9.24,9.06,8.57,7.24,5.85,7.46,3.4,0.52,4.54,4.11,4.26,5.7,3.1,5.59,3.02,4.67,6.13
"630","2017091001_1421",5.97,8.74,5.2,6.95,8.43,8.91,8.78,7.09,9.07,9.46,7.16,4.67,3.89,1.22,3.46,5.22,3.59,6.12,5.4,4.19,3.99,0.39
"631","2017091000_3404",9.77,8.73,9.93,10.27,5.34,9.34,8.47,9.36,9.52,10.33,9.68,0.77,7.85,7.95,8.17,2.64,6.61,0.76,4.93,8.24,1.94,6.57
"632","2017091000_3130",8.98,8.44,9.12,6.07,8.86,8.14,8.08,9.41,7.76,7.93,8.77,1.26,6.52,7.74,7.15,1.54,1.53,5.52,2.41,2.18,5.22,4.6
"633","2017091000_2189",9.79,8.84,9.58,10.1,4.54,9.52,8.95,9.66,9.36,9.42,9.58,0.92,6.34,6.22,6.98,0.91,6.96,3.6,1.9,7.7,4.09,4.45
"634","2017090700_4520",6.9,7.06,8.51,8.5,8.54,7.25,6.15,8.95,8.26,9.9,7.92,3.26,1.83,2.41,4.69,8.33,2.22,2.41,4.67,3.27,4.53,2.87
"635","2017090700_44",7.29,7.03,7.8,7.86,8.47,8.08,7.86,6.28,9.31,8.88,10.32,4.49,2.46,2.65,5,7.44,3.01,2.9,5.32,4.3,4.42,2.3
"636","2017090700_4347",7.73,7.54,8.94,8.48,8.77,7.91,4.33,9.89,8.61,10.28,8.25,2.89,1.35,3.12,4.83,8.13,5.75,1.56,5.11,5.58,4.3,3.48
"637","2017090700_3578",6.37,5.42,9.52,9.22,8.18,7.85,6.48,8.06,8.07,7.13,7.62,4.95,4.72,1.42,2.39,3.16,4.45,3.48,3.92,6.03,3.29,3.67
"638","2017090700_3196",6.65,4.36,9.33,9.52,8.22,8.18,6.52,8.43,8.83,8.01,8.85,5.35,6.63,2.01,4.87,4.7,4.77,4.17,2.36,6.87,5.31,4.71
"639","2017090700_2792",6.88,6.3,7.14,9.45,8.07,9.19,6.34,6.51,9.72,8.17,10.13,0.25,1.05,2.39,2.77,9.15,2.26,0.55,3.94,5.48,4.03,1.02
"640","2017090700_2353",7.34,7.56,7.24,8.42,8.01,8.18,8.88,6.05,7.83,6.36,9.22,2.88,1.23,3.91,3.7,3.63,6.45,4.4,3.61,4.99,5.5,3.65
"641","2017090700_1640",6.94,7.2,4.36,9.63,9.47,8.45,6.62,7.74,8.87,8.24,9.52,6.52,7.26,1.89,4.65,4.16,0.63,4.63,4.87,6.86,3.47,3.44
"642","2017090700_1241",7.04,7.24,5.72,9.39,9.19,8.8,7.35,8.18,8.78,8.15,9.98,7.17,7.21,2.8,5.69,6.1,2,6.12,4.56,8.06,2.76,4.01
